"ITEM NUMBER","ITEM NAME","NET PROFIT","CUMULATIVE PROFIT %","PARETO ABC CLASS"
"               1","فوائد مبيعات من المحلات المجاورة             ","1,484,947.44","1.71%","Class A (Top 80%)"
"    18846-10060M","بلاكات جنسس + النترا + ازيرا 2014 لي         ","1,011,780.61","2.87%","Class A (Top 80%)"
"    18814-11051M","بلاكات هونداي عادي وكالة                     ","864,110.12","3.87%","Class A (Top 80%)"
"    25500-25001M","بلف حرارة سوناتا 2006  (25=23)               ","584,583.76","4.54%","Class A (Top 80%)"
"    54584-2H000K","بوشة مقص 2K\2H\2E\1G\3K\3L\2B\3F\2G          ","390,722.08","4.99%","Class A (Top 80%)"
"     21310-26650","بمب زيت اكسنت 06/11 اصلي                     ","280,600.00","5.31%","Class A (Top 80%)"
"    22443-23001K","لمدة فتحة البلاكات سوناتا + النتراء عام","276,448.57","5.63%","Class A (Top 80%)"
"    36100-22855K","سلف كهرباء اكسنت 06/11 اتوماتك               ","273,375.00","5.94%","Class A (Top 80%)"
"     25330-1R000","غطاء تانكي  ماء وكالة 1.1 توسان وسوناتا      ","270,356.25","6.25%","Class A (Top 80%)"
"    54551-2H000K","بوشة مقص الصغير 2S\3R\2H\2W\2E\A4            ","250,190.53","6.54%","Class A (Top 80%)"
"    57700-2B210C","علبة سكان تحت سنتافي 07/09                   ","244,540.04","6.82%","Class A (Top 80%)"
"  55310-1E200MGB","مساعد خلفي اكسنت  06/09                      ","244,058.57","7.10%","Class A (Top 80%)"
"54660-1R000BESFT","مساعد امامي اكسنت 2012-2015 يمين             ","240,840.00","7.38%","Class A (Top 80%)"
"    86350-C1200C","شبك امامي سوناتا 14/17 رادار نيكل            ","228,714.29","7.64%","Class A (Top 80%)"
"00-G-70-31414-10","شلك باكن فيكتور باكت ازرق                    ","212,563.34","7.89%","Class A (Top 80%)"
"     27300-2E000","كويل مفرد النترا 2012+ مكينة 2000 وكالة      ","204,150.00","8.12%","Class A (Top 80%)"
"    27301-26640C","كويل مفرد اكسنت 07/10 + ريو                  ","203,714.73","8.36%","Class A (Top 80%)"
"    86511-2T000C","صدام امامي كيا اوبتيما 11/15                 ","196,227.63","8.58%","Class A (Top 80%)"
"    57700-1E050C","علبة سكان تحت اكسنت 06/10                    ","194,723.55","8.81%","Class A (Top 80%)"
"  55311-2H000MGB","مساعد خلفي النتراء 2006 تجاري                ","191,671.53","9.03%","Class A (Top 80%)"
"    92401-1E030C","اسطب خلفي اكسنت احمر مع ابيض وسط 2006/2011   ","189,148.07","9.25%","Class A (Top 80%)"
"    18845-11160M","بلاكات بلاتين سنتافي توسان 2010 سوناتا شمعتين","187,507.56","9.46%","Class A (Top 80%)"
"    86611-1E000C","صدام خلفي اكسنت 2006/2009                    ","186,730.87","9.68%","Class A (Top 80%)"
" 54650-1R000MNDO","مساعد امامي اكسنت 2012-2015                  ","184,590.00","9.89%","Class A (Top 80%)"
"  25380-C1300HCC","مروحة تانكي ماء سوناتا2015/2016              ","184,250.00","10.10%","Class A (Top 80%)"
"    37300-2B101K","دينمة تعبئة اكسنت+النترا 11/14               ","182,685.00","10.31%","Class A (Top 80%)"
"    64101-2H000C","واجهة امامي النترا 2007-2011                 ","179,362.31","10.52%","Class A (Top 80%)"
"  58101-2CA11ACE","كنويسات امامي 2C\2H\2E\2G\3K\3L\             ","177,934.77","10.72%","Class A (Top 80%)"
"  54651-2H000MGB","مساعد امامي النتر 06/10 يسار (1M310=2H)      ","176,636.64","10.93%","Class A (Top 80%)"
"               2","زيادة في المبيعات                            ","176,535.00","11.13%","Class A (Top 80%)"
"    26410-2G000M","مبرد زيت توسان i30 سوناتا  4 بستم 2.4 عام    ","173,775.86","11.33%","Class A (Top 80%)"
"  54661-2H000MGB","مساعد امامي النتر 06/10 يمين (1M310=2H)      ","173,152.31","11.53%","Class A (Top 80%)"
"    24312-26050K","بطة تيمت اكسنت ماتركس جتز برايد حجم 1.6+1.4 0","170,939.18","11.72%","Class A (Top 80%)"
" 24312-3E100BSFT","بطة تيمت سنتافي جرانديور سوناتا كرنفال ازيرا ","169,844.00","11.92%","Class A (Top 80%)"
"     64101-C1000","واجهة صدام سوناتا 2015-2016                  ","168,520.00","12.11%","Class A (Top 80%)"
"    26300-35504M","فلتر زيت هيونداي عام اصلي                    ","168,107.02","12.31%","Class A (Top 80%)"
" 97606-1G000GOLD","رديتر مكيف كيا ريو 2007                      ","168,036.21","12.50%","Class A (Top 80%)"
"    25380-1E050C","مروحة تانكي ماء اكسنت + ريو حجم واحد06/10    ","166,061.94","12.69%","Class A (Top 80%)"
"    93490-1G350C","شريط ارباج  ريو  (2H300) مواصفات كوريا فيش كب","164,483.53","12.88%","Class A (Top 80%)"
"    92102-1E040C","شمعه اكسنت 2006/2011 اصفر                    ","160,602.63","13.07%","Class A (Top 80%)"
"       00000-T11","هون ابو صقر علبة صفراء                       ","158,952.25","13.25%","Class A (Top 80%)"
"        00000-00","كوانش هونداي بالحبة عام                      ","157,372.78","13.43%","Class A (Top 80%)"
"    25500-23010M","بلف حرارة  النترا توسان 4 بستم  82           ","157,191.28","13.61%","Class A (Top 80%)"
"    27501-23B70K","وائرات بلاكات توسان  النترا 07/10 2.0 حجم    ","154,037.96","13.79%","Class A (Top 80%)"
" 97606-2W500GOLD","لديتر مكيف سنتافي 2013                       ","153,483.84","13.96%","Class A (Top 80%)"
"     25350-1R000","اطار مروحة ماء مع دبة ماء راجع ","149,660.00","14.14%","Class A (Top 80%)"
"    28138-1G200C","لي هواء اكسنت 06/10                          ","149,409.25","14.31%","Class A (Top 80%)"
" 24312-23202BSFT","بطة تيمت توسان + النترا 06/10 حجم 2.0        ","146,871.52","14.48%","Class A (Top 80%)"
"  000-10W30EXNOL","زيت اكسينول وسط موديل جديد                   ","143,876.10","14.64%","Class A (Top 80%)"
" 25380-3X500DOWN","مروحة تانكي ماء النترا 2012-2015 كوري        ","142,100.00","14.81%","Class A (Top 80%)"
"    31945-45700M","فلتر ديزل سبورتاج توسان بورتر كهرباء عام     ","141,838.63","14.97%","Class A (Top 80%)"
"  54660-1E200MGB","مساعد امامي اكسنت 2006 تجاري يمين            ","140,961.65","15.13%","Class A (Top 80%)"
"    56500-3X200C","علبة سكان تحت النترا كهرباء  12/15           ","140,688.98","15.29%","Class A (Top 80%)"
"    51720-38110K","بيرنج هوبس او رمان كفر سوناتا 2004 + سنتافي 2","139,289.00","15.45%","Class A (Top 80%)"
"  66400-2S000TAI","كور توسان 2012 تايواني                       ","139,227.74","15.61%","Class A (Top 80%)"
"    58101-2SA30K","كنويسات امامي توسان خليجي+كوري 2S\IM\3S      ","138,523.47","15.77%","Class A (Top 80%)"
"25310-2H050HANON","رديتر ماء النتراء 06/11 تماتيك               ","137,500.00","15.93%","Class A (Top 80%)"
"    56500-2W100K","مشط كهرباء سنتافي حجم 3.3 كوري power         ","136,223.35","16.09%","Class A (Top 80%)"
"    86350-2H000C","شبك النترا 2007-2010 اسود                    ","135,510.00","16.24%","Class A (Top 80%)"
"    51760-1G000K","جوزة مقص اكسنت 06/10                         ","135,177.40","16.40%","Class A (Top 80%)"
"    20910-26D00K","بدلة باكنات  النترا 1.6 2007\2012 كوري       ","130,020.00","16.55%","Class A (Top 80%)"
"    22441-26801K","باكن كور والات اكسنت 06  حجم 1.6 ابو سلبه    ","129,509.31","16.70%","Class A (Top 80%)"
"    86811-2T000C","بطانة كفر  كيالوتشي 11/15 K5                 ","129,067.69","16.85%","Class A (Top 80%)"
"  64101-2S000TAI","واجهة  توسان 12/15 تايواني                   ","128,395.45","16.99%","Class A (Top 80%)"
"    54551-2E000K","بوشة مقص  2S\3R\2H\2W\2E\A4                  ","128,000.66","17.14%","Class A (Top 80%)"
"  92102-2S020TAI","شمعة نور يمين توسان 11/14 تايواني            ","127,455.00","17.29%","Class A (Top 80%)"
"    55350-2H000C","اسبرنج خلفي النتراء 06/10                    ","127,090.16","17.43%","Class A (Top 80%)"
"  54661-2E500MGB","مساعد امامي توسان + سبورتاج 03/09 يمين       ","126,728.78","17.58%","Class A (Top 80%)"
"    24312-26050M","بطة تيمت اكسنت ماتركس جتز برايد حجم 1.6+1.4 0","126,253.53","17.73%","Class A (Top 80%)"
"  92101-2S020TAI","شمعة نور توسان يسار 11/14 تايواني            ","126,050.00","17.87%","Class A (Top 80%)"
"    36100-2G200K","سلف كهرباء سوناتا+توسان+اوبتماء 11/14 كوري   ","124,820.00","18.01%","Class A (Top 80%)"
"    86510-C1000T","صدام امامي سوناتا 2015+2017 تايلاند          ","124,620.00","18.16%","Class A (Top 80%)"
"    28130-2H100C","لي هواء النتراء 2007 حجم 2.0                 ","123,655.95","18.30%","Class A (Top 80%)"
"58101-1RA00FUJTA","كنويسات امامي اكسنت 3X \B2\1R/ A7            ","123,004.15","18.44%","Class A (Top 80%)"
"    25100-26902K","بمب ماء اكسنت + ماتركس +جتز حجم 1.6 06/10    ","122,525.12","18.58%","Class A (Top 80%)"
"    22224-23500M","ربلة والات اكسنت 95/02 وكالة + ماتركس        ","122,524.28","18.72%","Class A (Top 80%)"
"    54830-2H000K","مسمار توازن توسان+النترا 2H\2G\2E L+R        ","121,510.26","18.86%","Class A (Top 80%)"
"  54650-1E200MGB","مساعد امامي اكسنت 2006 تجاري يسار            ","120,601.10","19.00%","Class A (Top 80%)"
"    57700-2B000C","مشط سنتافي  07/12                            ","120,369.69","19.14%","Class A (Top 80%)"
"    87610-1E030C","مراية أكسنت عادي 2006/2011                   ","119,735.00","19.28%","Class A (Top 80%)"
"  54651-2E500MGB","مساعد امامي توسان + سبورتاج 03/09 يسار       ","119,070.91","19.41%","Class A (Top 80%)"
"  86511-1E000TAI","صدام امامي اكسنت 06/09 تايواني               ","118,960.85","19.55%","Class A (Top 80%)"
"    92102-3X210C","شمعه النترا  ابيض 2014/2015                  ","118,575.00","19.69%","Class A (Top 80%)"
"    26740-2G000M","بلف هواء زيت سنتافي 11/15 حجم 2.4            ","118,303.72","19.82%","Class A (Top 80%)"
"     18814-11051","بلاكات هونداي عادي 18823-111012              ","117,247.33","19.96%","Class A (Top 80%)"
"    04500-00115M","زيت اسبيت هونداي وكالة عام                   ","116,832.68","20.09%","Class A (Top 80%)"
"    22224-23500K","ربلة والات اكسنت 99/06 سوناتا 2.7 النتراء 06/","115,467.11","20.23%","Class A (Top 80%)"
"    54812-1G100K","ربلة مشرخ امامي اكسنت+ريو 06/11 كوري         ","115,148.20","20.36%","Class A (Top 80%)"
"    25620-3E200M","قاعدة ماء كامل سنتافي حجم 2.7                ","114,980.79","20.49%","Class A (Top 80%)"
" 97606-2S500GOLD","لديتر مكيف توسان 11/15                       ","114,810.81","20.62%","Class A (Top 80%)"
" 97606-1G000DOWN","رديتر مكيف برايد 06/10                       ","114,700.00","20.76%","Class A (Top 80%)"
" 97606-3R000GOLD","لديتر مكيف سوناتا 12/15                      ","113,910.93","20.89%","Class A (Top 80%)"
"     25330-17000","غطاء تانكي ماء 0.8 هيونداي عام اصلي          ","113,743.59","21.02%","Class A (Top 80%)"
"    22441-2G100M","باكن كور والات  توسان + سوناتا +  4 بستم 11/1","113,017.66","21.15%","Class A (Top 80%)"
"    58101-1GE00K","كنويسات امامي اكسنت 06/11 كوري               ","112,640.00","21.28%","Class A (Top 80%)"
"    25470-2G000C","لي + قصبة مبرد زيت توسان 2012                ","111,177.25","21.40%","Class A (Top 80%)"
"    37300-2B300K","دينمة تعبئة ريو 11/14 كوري واتو              ","110,305.00","21.53%","Class A (Top 80%)"
"  58101-1GA00ECO","كنويسات  امامي اكسنت + ريو 06\10             ","110,300.00","21.66%","Class A (Top 80%)"
" 97606-1R000DOON","لديتر مكيف اكسنت+كيا ريو                     ","110,000.00","21.79%","Class A (Top 80%)"
"  54830-4L000CTR","مسمار توازن اكسنت B2/0U\3X\1R\D3\4H1/2V      ","109,576.00","21.91%","Class A (Top 80%)"
"    22144-3B001M","لمدة تيمت اكسنت سوناتا سنتافي النتراء ماتركس ","108,683.31","22.04%","Class A (Top 80%)"
"    86350-3S500C","شبك سوناتا 2012-2015 نيكل                    ","108,580.00","22.16%","Class A (Top 80%)"
"    45955-22741M","حساس اسبيت اكسنت 2007 ابو واير               ","108,314.62","22.29%","Class A (Top 80%)"
"     26740-26700","بلف هواء زيت اكسنت                           ","107,918.97","22.41%","Class A (Top 80%)"
"    86511-1G000C","صدام امامي كيا ريو 05/09                     ","107,295.23","22.53%","Class A (Top 80%)"
"    28140-2P200C","لي ايرماص سنتافي 10/12                       ","107,163.02","22.66%","Class A (Top 80%)"
"  55361-2E501MGB","مساعد خلفي توسان يمين                        ","106,088.05","22.78%","Class A (Top 80%)"
"    86511-3S000C","صدام امامي سوناتا 2001                       ","106,070.20","22.90%","Class A (Top 80%)"
"    92101-2T050C","كشافة كيا اوبتيما 11/15 اصفر                 ","105,885.77","23.02%","Class A (Top 80%)"
"    51720-29400K","بيرنج هوبس او رمان كفر اكسنت 00/15 كوري      ","105,430.98","23.14%","Class A (Top 80%)"
"    97701-2S500K","كمبروسر توسان 11/15                          ","104,958.89","23.26%","Class A (Top 80%)"
"    93490-3S110C","شريط ايرباج سوناتا + النترا12/15             ","104,683.98","23.38%","Class A (Top 80%)"
"    18841-11051M","بلاكات عادي سوناتا + سبورتاج 2013            ","104,060.74","23.50%","Class A (Top 80%)"
"    58305-1G000K","كنويسات هلال اكسنت + ريو 06/10               ","104,000.00","23.62%","Class A (Top 80%)"
"    55100-1E100C","دنقل خلفي اكسنت + ريو 06/10                  ","103,678.08","23.74%","Class A (Top 80%)"
"  25310-1R050DWN","رديتر ماء اكسنت 12/16 اتوماتك                ","103,410.00","23.86%","Class A (Top 80%)"
"    86350-3K800C","شبك امامي سوناتا 09/10                       ","103,298.00","23.98%","Class A (Top 80%)"
"     18817-11051","بلاكات بلاتين نحيف وكالة (27410-37000)       ","103,212.46","24.10%","Class A (Top 80%)"
"    86511-1E000C","صدام امامي اكسنت 2006/2009                   ","102,076.41","24.22%","Class A (Top 80%)"
"    31402-27000C","كتة مسطرة توسان ديزل حجم 1.6                 ","101,197.23","24.33%","Class A (Top 80%)"
"    31402-27010C","كتة مسطرة من الجنب توسان ديزل حجم 1.6        ","100,486.92","24.45%","Class A (Top 80%)"
"    92402-1E030C","اسطب خلفي اكسنت احمر وسط ابيض  2006/2011     ","100,090.95","24.56%","Class A (Top 80%)"
"  55310-2B201MGB","مساعد خلفي سنتافي + فيراكروز 2006 تجاري      ","100,074.45","24.68%","Class A (Top 80%)"
"    62400-1G000C","دنقل امامي اكسنت + ريو 06/10                 ","99,732.95","24.79%","Class A (Top 80%)"
"    31401-27000C","كتة مسطرة توسان ديزل وسط                     ","99,668.74","24.91%","Class A (Top 80%)"
"    55130-4D000K","بوشة نكل تحت متحرك النترا+اوبتيما            ","99,493.46","25.02%","Class A (Top 80%)"
"    18855-10060M","بلاكات النترا عادي z18858=18843              ","99,171.69","25.14%","Class A (Top 80%)"
"    25620-23501C","قاعده كوع ماء النترا 205cc                   ","98,301.00","25.25%","Class A (Top 80%)"
"  55351-2E501MGB","مساعد خلفي توسان يسار                        ","98,298.28","25.36%","Class A (Top 80%)"
"     46131-36002","لمدة بمب زيت                                 ","97,978.86","25.48%","Class A (Top 80%)"
"  25310-2B100MGB","رديتر ماء سنتافي 07/11  ديزل                 ","96,895.10","25.59%","Class A (Top 80%)"
"    18840-11051M","بلاكات هونداي عادي وكالة بلاتين 18845-11051  ","96,331.56","25.70%","Class A (Top 80%)"
"    25100-2B000K","بمب ماء اكسنت + النترا 12/14                 ","95,753.00","25.81%","Class A (Top 80%)"
"    35150-33010C","حساس منظم الهواء IDEL سوناتا + سنتافي 00/06  ","95,043.69","25.92%","Class A (Top 80%)"
"    24410-2E000M","ضغاط تيمت النترا 12/15 وكالة                 ","95,037.58","26.03%","Class A (Top 80%)"
"    54830-2E000K","مسمار توازن توسان+النترا 2H\2G\2E L+R        ","94,690.25","26.14%","Class A (Top 80%)"
"    54584-2S000K","بوشة مقص  2S\3S\2T\F2\4H/A6/B2               ","94,625.32","26.25%","Class A (Top 80%)"
"    86511-1G600C","صدام امامي كيا ريو  2010                     ","93,654.01","26.35%","Class A (Top 80%)"
"     22441-2E000","باكن كور والات النترا حجم 1.8+2.0 11/15      ","92,631.00","26.46%","Class A (Top 80%)"
"    28110-2H100M","قربة فلتر هواء النترا حجم 2.0 06/10          ","90,981.68","26.56%","Class A (Top 80%)"
"  58305-1GA00OTL","كنويسات هلال اكسنت 2006 تجاري                ","90,681.50","26.67%","Class A (Top 80%)"
"     23040-2E000","شنابر مكينة النترا 12/15 مقاص 00 اصلي        ","90,675.00","26.77%","Class A (Top 80%)"
"    18846-11070C","بلاكات جنسس + النترا + ازيرا 18849-11070     ","90,403.66","26.88%","Class A (Top 80%)"
"    49506-2BA30K","ربلة عكس داخلي سنتافي                        ","89,708.06","26.98%","Class A (Top 80%)"
"    86511-3S700C","صدام امامي سوناتا 2014-/2015                 ","89,494.36","27.08%","Class A (Top 80%)"
"55300-1R300SELTI","مساعد خلفي اكسنت + النترا 11/15              ","89,342.55","27.19%","Class A (Top 80%)"
"    28164-37200C","ايرماص هواية حجم 2.7 سنتافي + توسان 2005 6 بس","88,626.49","27.29%","Class A (Top 80%)"
"    18814-11051C","بلاكات هونداي عادي مقلد                      ","88,552.35","27.39%","Class A (Top 80%)"
"    92101-2S550C","كشافة امامي توسان 14\15 عدسة اصفر            ","88,500.00","27.49%","Class A (Top 80%)"
"  92101-1R040C-S","كشافه امامي ابيض يسار اكسنت 12/15            ","88,400.00","27.59%","Class A (Top 80%)"
"    54840-1G000K","مسمار عمود توازن اكسنت امامي يمين 06/10      ","88,120.26","27.69%","Class A (Top 80%)"
"    58510-1G100C","علبة بريك فوق اكسنت  مخارج 2007 ABS          ","87,958.08","27.80%","Class A (Top 80%)"
"    31111-2B900K","بمب البترول كوري اصلي سنتافي                 ","87,500.00","27.90%","Class A (Top 80%)"
"      31111-7030","بمب بترول كانشة كبير دنسو DENSO              ","87,247.07","28.00%","Class A (Top 80%)"
"  86511-2S000TAI","صدام امامي توسان 2012                        ","86,928.37","28.10%","Class A (Top 80%)"
"97606-2S500DOWON","لديتر مكيف توسان 11/15 كوري اصلي DOOWON      ","85,992.25","28.20%","Class A (Top 80%)"
"   97606-3L180AB","لديتر مكيف سوناتا 06/10 + ازيرا 3k160        ","85,951.48","28.29%","Class A (Top 80%)"
"    22441-23762K","باكن كور والات سوناتا غاز                    ","85,935.82","28.39%","Class A (Top 80%)"
" 24410-26000BSFT","ضغاط تيمت اكسنت جتز ماتكس 06/10              ","85,836.00","28.49%","Class A (Top 80%)"
"    21310-2G011M","بمب زيت توسان + سوناتا + سنتافي 2012         ","85,771.11","28.59%","Class A (Top 80%)"
"    55342-3K000K","بوشة مقص خلفي فوق سوناتا + سنتافي 2006       ","85,609.25","28.69%","Class A (Top 80%)"
"    54830-2S000K","مسمار عمود توازن امامي توسان 11/15 L+R       ","85,377.33","28.79%","Class A (Top 80%)"
"         00000-0","كوانش بالكيس 100 حبة                         ","84,955.06","28.89%","Class A (Top 80%)"
"    64101-2W700C","واجهه سنافي 16/18                            ","84,923.39","28.98%","Class A (Top 80%)"
"  54611-3K020MGB","مساعد امامي سوناتا 06/09                     ","84,641.06","29.08%","Class A (Top 80%)"
"    39180-2B000M","حساس كرين اكسنت +النترا  اصلي                ","84,298.61","29.18%","Class A (Top 80%)"
"    27501-26D00K","وائرات بلاكات اكسنت+النترا+ماتركس 1.6 م 02/10","84,237.87","29.27%","Class A (Top 80%)"
"    97133-2E210K","فلتر مكيف توسان 04/09 + كيا سورنتو           ","84,227.43","29.37%","Class A (Top 80%)"
"    64101-3X000C","واجهه النترا 2012/2015                       ","83,895.48","29.47%","Class A (Top 80%)"
"    22441-26801M","باكن كور والات اكسنت 06/10 حجم 1.6 ابو سلبه  ","83,779.09","29.56%","Class A (Top 80%)"
"  25380-3R170DWN","مروحة تانكي ماء سوناتا 12/14                 ","83,520.00","29.66%","Class A (Top 80%)"
"    25380-1G050C","مروحة تانكي ماء ريو 2007 حجم واحد            ","82,631.52","29.76%","Class A (Top 80%)"
"    56900-2S000C","غطاء سكان توسان 11/15                        ","82,507.37","29.85%","Class A (Top 80%)"
" 97606-1U100GOLD","لديتر مكيف سنتافي 10/12                      ","82,064.32","29.94%","Class A (Top 80%)"
"    81260-26000C","يد خانة خلفي سنتافي  02/06                   ","81,382.76","30.04%","Class A (Top 80%)"
"    64101-1E000C","واجهه اكسنت 2006/2011                        ","81,204.31","30.13%","Class A (Top 80%)"
"    64101-1R300C","واجهة اكسنت 2012-2015                        ","81,075.00","30.23%","Class A (Top 80%)"
"    58510-2H000K","علبة بريك النترا 07/11 كوري                  ","81,000.00","30.32%","Class A (Top 80%)"
"    86350-3X720C","شبك النترا  2015                             ","80,995.00","30.41%","Class A (Top 80%)"
"    92102-3K000C","شمعة نور يمين سوناتا 06/08                   ","80,470.00","30.50%","Class A (Top 80%)"
"  54660-C1000MGB","مساعد امامي سوناتا 15/18                     ","80,079.15","30.60%","Class A (Top 80%)"
"    18858-10090M","بلاكات عادي اكسنت + النترا 2011 طويل نحيف    ","80,052.00","30.69%","Class A (Top 80%)"
"    25380-2H020K","مروحة تانكي ماء كامل النترا 07/10 كوري ONNURI","79,053.41","30.78%","Class A (Top 80%)"
" 97606-1R000GOLD","لديتر مكيف اكسنت 2012                        ","78,899.76","30.87%","Class A (Top 80%)"
"    64101-3S000C","واجهة سوناتا 2011-2015                       ","78,880.00","30.96%","Class A (Top 80%)"
"    54610-2E100K","كرسي مساعد امامي سنتافي 00/06 + توسان        ","78,764.33","31.05%","Class A (Top 80%)"
"    64101-0X000C","واجهة امامي I10 11/15                        ","78,756.80","31.14%","Class A (Top 80%)"
"     21310-23003","بمب زيت النتراء + توسان حجم 2.0  00/06       ","78,402.68","31.23%","Class A (Top 80%)"
"    92202-2T010C","اسطب صدام  يمين K5 2011                      ","78,065.34","31.32%","Class A (Top 80%)"
"     56315-2K000","نجمة سكان النترا 11/17 اصلي                  ","77,284.00","31.41%","Class A (Top 80%)"
"    55330-1G100C","اسبرنج خلفي اكسنت + ريو 06/10                ","77,189.22","31.50%","Class A (Top 80%)"
"    23040-26160T","رنجات استندر حجم 1600 اكسنت جتز  ماتركس  تايو","76,643.25","31.59%","Class A (Top 80%)"
"    29110-B2200M","بطانة تحت المكينة كيا سول 13/18              ","76,079.35","31.68%","Class A (Top 80%)"
"    21321-42042M","لمدة كرين خلفي النتراء 00/09 امريكي حجم 1.8+2","76,054.48","31.76%","Class A (Top 80%)"
"  97133-3SAA0BSF","فلتر مكيف سوناتا 11/15 كوري                  ","75,876.00","31.85%","Class A (Top 80%)"
"    54812-1G000K","ربلة مشرخ امامي فيرنا كوري +ريو 06/11 كوري   ","75,248.38","31.94%","Class A (Top 80%)"
"    58510-2H300C","علبة بريك فو ق النتراء  2007 ABS             ","74,167.65","32.02%","Class A (Top 80%)"
"    58510-1G000C","علبة بريك فوق اكسنت 2007بدون ABS 4 مخارج     ","74,097.37","32.11%","Class A (Top 80%)"
"  58302-3XA30ACE","كنويس خلفي النترا +اكسنت/k0/1R\3X\D3\C1\D7   ","74,071.00","32.19%","Class A (Top 80%)"
"  000-ATF-3XENOL","زيت جير او سكان ثقيل موديل قديم              ","74,062.35","32.28%","Class A (Top 80%)"
"    64101-1G000C","واجهه ريو 2006/2011                          ","73,560.30","32.36%","Class A (Top 80%)"
"    92101-1G020C","كشافة امامي كيا ريو 2006                     ","73,470.27","32.45%","Class A (Top 80%)"
"    54443-3K000K","بوشة مقص فوق سوناتا 10/06                    ","72,906.17","32.53%","Class A (Top 80%)"
"31111-25000FALCN","بمب بترول عام فالكون                         ","72,642.54","32.61%","Class A (Top 80%)"
"    86812-2T000C","بطانة كفر  كيا لوتشي 11/15 K5                ","72,560.21","32.70%","Class A (Top 80%)"
"    92101-3X210C","شمعة النترا 2014-2015 يسار ابيض              ","72,480.00","32.78%","Class A (Top 80%)"
"  000-10W40EXNOL","زيت اكسينول وسط موديل جديد                   ","72,134.41","32.86%","Class A (Top 80%)"
"    26740-32804K","بلف هواء زيت اكسنت + سوناتا 01/05            ","71,998.21","32.95%","Class A (Top 80%)"
"  25310-1G150MGB","رديتر ماء ريو 06/10 (  (23094)               ","71,570.54","33.03%","Class A (Top 80%)"
"000-SH-XENOL-BIG","شحم بيرنج ثقيل ازرق اكسينول                  ","71,545.18","33.11%","Class A (Top 80%)"
"    55350-2S000C","اسبرنج خلفي توسان 12/15 4w                   ","71,277.37","33.19%","Class A (Top 80%)"
" 97606-1E000GOLD","لديتر مكيف اكسنت 06/11                       ","71,073.99","33.28%","Class A (Top 80%)"
"    87620-2H530C","مراية النترا  كهرباء 2007-2011 يمين          ","70,795.01","33.36%","Class A (Top 80%)"
"    49506-25A00K","ربلة عكس داخلي اكسنت + جتز                   ","70,515.65","33.44%","Class A (Top 80%)"
"  58302-2BA00BSF","كنويسات خلفي سنتافي 07/14 2b\4a              ","70,380.00","33.52%","Class A (Top 80%)"
"58302-1GA00FUJIT","كنويسات خلفي اكسنت 2SA70\3SA70\1G توسان وسونا","70,120.95","33.60%","Class A (Top 80%)"
"    23060-2G111M","براصات متحرك سوناتا سنتافي توسان  2012 STD   ","69,911.10","33.68%","Class A (Top 80%)"
"    54830-1E000K","مسمار عمود توازن امامي 60/10 يسار            ","69,898.66","33.76%","Class A (Top 80%)"
"     24312-26050","بطة تيمت اكسنت ماتركس جتز برايد حجم 1.6+1.4 0","69,744.73","33.84%","Class A (Top 80%)"
"    28190-1R000C","دبة صوت اكسنت 12/15                          ","69,535.89","33.92%","Class A (Top 80%)"
"  92102-1R040C-S","كشافه امامي ابيض يمين اكسنت 12/15            ","69,380.00","34.00%","Class A (Top 80%)"
" 25310-2K050GOLD","رديتر ماء كيا سول 09/11 توماتيك AT حجم 1.6   ","69,346.85","34.08%","Class A (Top 80%)"
"  58101-C1A00ECO","كنويسات امامي سوناتا 16/19                   ","69,000.00","34.16%","Class A (Top 80%)"
"    26410-2G100C","مبرد زيت سنتافي سوناتا 4 بستم 2.4            ","68,797.23","34.24%","Class A (Top 80%)"
"    28110-2S100M","قربة فلتر هواء توسان امريكي  12/15           ","68,766.14","34.32%","Class A (Top 80%)"
"    28140-1F080M","لي هواء توسان 05/09 حجم 2.0                  ","68,743.04","34.40%","Class A (Top 80%)"
"     23510-2B110"," يد بستون اكسنت+النترا اصلي                  ","68,000.00","34.48%","Class A (Top 80%)"
"    54530-3S100K","جوزة مقص امامي سوناتا 2012                   ","67,805.75","34.55%","Class A (Top 80%)"
"    22441-2G100K","باكن كور والات  توسان لوتشي سنتافي 4 بستم 11/","67,688.42","34.63%","Class A (Top 80%)"
"23280-33010CZECH","حساس مسطرة توسان ديزل 11/15                  ","67,639.62","34.71%","Class A (Top 80%)"
"    31401-4A010C","كتة مسطرة توسان سورينتو سنتافي 2006          ","67,558.67","34.79%","Class A (Top 80%)"
"    21350-2E350M","صدر مكينة النترا + بمب زيت توسان + سول 15/17 ","67,102.82","34.86%","Class A (Top 80%)"
"    55330-2H000K","كرسي مساعد خلفي النتراء 07/10                ","66,767.05","34.94%","Class A (Top 80%)"
" 00-G-RS-625-130","شلك باكن المقبلي رمادي هاردكس الاصلي         ","66,740.71","35.02%","Class A (Top 80%)"
"  25310-3R500MGB","رديتر ماء سوناتا 2012 تماتيك طويل            ","66,550.00","35.09%","Class A (Top 80%)"
"    24810-26020K","شداد تيمت النترا 1.6 + اكسنت  06/10          ","66,383.40","35.17%","Class A (Top 80%)"
"    21443-2G000M","لمدة كرين خلفي توسان 2012                    ","66,160.54","35.25%","Class A (Top 80%)"
"  97606-2K100JTE","تانكي مكيف سول 2009 الطويل                   ","65,823.65","35.32%","Class A (Top 80%)"
"    58302-3KA62K","كنويسات خلفي سوناتا IF\3K\2H\2E\3L\2G\  ","65,667.00","35.40%","Class A (Top 80%)"
"    54830-1E000C","مسمار عمود توازن امامي اكسنت 06/10 يسار      ","65,452.53","35.47%","Class A (Top 80%)"
"    58510-2E500C","علبة بريك فو ق توسان 05/09 abs               ","65,413.36","35.55%","Class A (Top 80%)"
"    57724-1E000K","دومة اكسنت 06/11                             ","65,364.00","35.62%","Class A (Top 80%)"
"    92101-3K000C","شمعة نور يسار سوناتا 06/08                   ","65,340.00","35.70%","Class A (Top 80%)"
"    86611-2S000C","صدام خلفي فوق توسان 11/15                    ","64,906.62","35.77%","Class A (Top 80%)"
"    54530-2B000K","جوزة مقص تحت سنتافي 04/11                    ","64,553.61","35.85%","Class A (Top 80%)"
"  58101-2TA00ACE","كنويسات امامي اوبتيما  K5 \ST\3Q   4 بستم 2P","64,398.42","35.92%","Class A (Top 80%)"
"    86511-17400C","صدام امامي ماتركس 2007.                      ","64,154.38","36.00%","Class A (Top 80%)"
"    92102-2H050C","شمعة النترا 2007-2011 يمين اصفر              ","64,072.07","36.07%","Class A (Top 80%)"
"  58101-2BA10BFS","كنويسات امامي سنتافي 06\09                   ","63,960.00","36.14%","Class A (Top 80%)"
"    31922-2B900K","فلتر ديزل  سنتافي ليبرو توسان فتحة 12 كهرباء ","63,878.55","36.22%","Class A (Top 80%)"
"    31111-1G500K","بمب بترول اكسنت النتراء عام 06/10            ","63,712.00","36.29%","Class A (Top 80%)"
"    22311-2G700M","باكن راس سوناتا 11/13                        ","63,696.43","36.36%","Class A (Top 80%)"
"    25212-25000K","بطة دينمة حجم 2.+2.4 سوناتا +توسان 6pk2584   ","63,629.44","36.44%","Class A (Top 80%)"
" 97606-2H000GOLD","لديتر مكيف  النترا 06/09                     ","63,616.33","36.51%","Class A (Top 80%)"
"    92101-0X010C","كشافة امامي I10 يسار 2010                    ","63,520.00","36.58%","Class A (Top 80%)"
"    28110-2E000C","قربة فلتر هواء توسان 05/09                   ","63,340.55","36.66%","Class A (Top 80%)"
"    46321-23000M","فلتر اسبيت النتراء + كيا 5 سوناتا حجم 2.0    ","63,142.04","36.73%","Class A (Top 80%)"
"               5","مشتروات من الشارع                            ","63,000.00","36.87%","Class A (Top 80%)"
"55300-3X100TRSYD","مساعداتخلفي 3X/!R/!W*                        ","63,000.00","36.87%","Class A (Top 80%)"
"    52750-B2050C","فلنشة هبس خلفي كيا سول 14/17                 ","62,912.00","36.95%","Class A (Top 80%)"
"31111-1R000FALCN","بمب بترول سنتافي + اكسنت 2012                ","62,902.85","37.02%","Class A (Top 80%)"
"    22311-25013M","باكن راس سوناتا 2.4  وكالة                   ","62,878.37","37.09%","Class A (Top 80%)"
"    86530-2H010C","جسر صدام امامي النترا 2007/2011              ","62,850.00","37.16%","Class A (Top 80%)"
"    86355-3S100C","نيكل كور سوناتا 2011/2014                    ","62,748.00","37.23%","Class A (Top 80%)"
"    25380-2D000K","مروحة تانكي ماء النترا 02/05                 ","62,680.00","37.31%","Class A (Top 80%)"
"    52933-2F000C","حساس طاوة ضغط الهواء سنتافي 2007             ","62,571.83","37.38%","Class A (Top 80%)"
"    54830-1G000K","مسمار عمود توازن اكسنت امامي يسار 06/10      ","62,135.48","37.45%","Class A (Top 80%)"
"    87610-1E000C","مراية اكسنت 06/10 توماتيك كهرباء             ","62,075.97","37.52%","Class A (Top 80%)"
"    54830-2W000K","مسمار عمود توازن امامي سنتافي 12/15 L+R      ","62,026.54","37.59%","Class A (Top 80%)"
"  58101-2TA00ECO","كنويسات امامي اوبتيما  K5 \ST\3Q   4 بستم 2P ","62,000.00","37.66%","Class A (Top 80%)"
"    86511-07500C","صدام امامي كيا بيكانتو 2008                  ","61,969.53","37.74%","Class A (Top 80%)"
"    57724-3S000K","دومة سوناتا 11\15+ ازيراء                    ","61,852.27","37.81%","Class A (Top 80%)"
"    58101-2HA10K","كنويسات امامي 2C\2H\2E\2G\3K\3L\             ","61,841.00","37.88%","Class A (Top 80%)"
"    25281-3E000?","شداد دينمة توسان + سنتافي 07/10 2.7 كامل     ","61,700.00","37.95%","Class A (Top 80%)"
"     24321-2E000","سلسلة تيمت حجم 1.8+2.0 النترا توسان I30 I40  ","61,630.00","38.02%","Class A (Top 80%)"
"  64101-B2000TAI","واجهة  كيا سول 2014 تايواني                  ","61,611.11","38.09%","Class A (Top 80%)"
"      000-CR-200","بخاخ كربيتر ابرو ABRO                        ","61,526.92","38.16%","Class A (Top 80%)"
"    54610-3X200K","كرسي مساعد امامي النترا 12/14 كوري           ","61,480.00","38.23%","Class A (Top 80%)"
"     56555-1C100","بوشة مشط اكسنت + جتز 2007                    ","61,467.49","38.30%","Class A (Top 80%)"
"    64101-2S000C","واجهة  توسان 12/15                           ","61,348.72","38.37%","Class A (Top 80%)"
"    86611-1R000C","صدام خلفي  اكسنت 11/13                       ","61,082.09","38.44%","Class A (Top 80%)"
"    55510-2B000C","عمود توازن خلفي كامل سنتافي + فيراكروز       ","61,000.00","38.65%","Class A (Top 80%)"
" 54660-1C300TRYS","مساعد امامي جيتز يمين                        ","61,000.00","38.65%","Class A (Top 80%)"
" 54650-1C300TRYS","مساعد مامي جيتز يسار                         ","61,000.00","38.65%","Class A (Top 80%)"
"    54610-4H000K","كرسي مساعد H1 2007/2015  4H\2B000            ","60,878.00","38.72%","Class A (Top 80%)"
"  58101-1RA00ACE","كنويسات امامي اكسنت 3X \B2\1R                ","60,869.80","38.79%","Class A (Top 80%)"
"    82650-1E000C","يد باب خارجي يسار اكسنت 06/11                ","60,671.00","38.86%","Class A (Top 80%)"
"    22311-23700K","باكن راس النترا 07/10 كوري                   ","60,620.08","38.93%","Class A (Top 80%)"
"    86511-3K000C","صدام امامي سوناتا 06/08                      ","60,610.00","39.00%","Class A (Top 80%)"
"    87610-2H530C","مراية النترا 2007-2011 يسار                  ","60,235.01","39.07%","Class A (Top 80%)"
"    31922-2B900M","فلتر ديزل  سنتافي ليبرو توسان فتحة 12 كهرباء ","60,156.58","39.14%","Class A (Top 80%)"
"  86511-0W700TAI","صدام امامي سنتافي 10/11                      ","59,859.03","39.21%","Class A (Top 80%)"
"     54551-2S000","بوشة مقص الصغير  2S\3R\2H\2W\2E\A4ا          ","59,740.80","39.28%","Class A (Top 80%)"
"    51752-07000K","مسمار كفر هيونداي/كيا                        ","59,594.50","39.35%","Class A (Top 80%)"
"     56521-3Q000","بوشة مشط سوناتا + سنتافي 2013/15             ","58,293.59","39.42%","Class A (Top 80%)"
"    25460-2G201C","ماصورة ماء كيا لوتشي+ توسان 2012             ","58,219.45","39.48%","Class A (Top 80%)"
"    31110-2S100K","بمب بترول مع القاعدة كامل توسان + سبورتاج 11/","58,131.52","39.55%","Class A (Top 80%)"
"    92401-3X010C","اسطب خلفي النترا 2012-2013 يسار              ","58,025.00","39.62%","Class A (Top 80%)"
" 0-27*30-2H000NM","صبرة عكس النتراء امريكي 06/10 27*30          ","57,897.00","39.68%","Class A (Top 80%)"
"    25485-3J000C","توصيلة بلاستيك لي ماء توسان 16/18 تحت 2.0    ","57,824.99","39.75%","Class A (Top 80%)"
"    25431-2E101M","دبة ماء راجع توسان 04/09 ديزل مع الليات      ","57,811.24","39.82%","Class A (Top 80%)"
"    22443-23001C","لمدة فتحة البلاكات سوناتا + النتراء عام","57,651.83","39.88%","Class A (Top 80%)"
"  56820-1G900CTR","مشرعة اكسنت او راس ذراع دركسون خارجي يمين    ","57,260.00","39.95%","Class A (Top 80%)"
" 97606-3X000GOLD","لديتر مكيف النتراء 11/14                     ","57,220.68","40.01%","Class A (Top 80%)"
"  54651-2S100BSF","مساعد امامي توسان 12/14 كوري                 ","57,110.00","40.08%","Class A (Top 80%)"
"    21421-2G100M","لمدة كرين امامي لوتشي سوناتا 2007 حجم 2.4 سنت","57,083.58","40.14%","Class A (Top 80%)"
"    97626-3X000K","بلف مكيف النترا 11/15 (4p000) كوري           ","57,050.00","40.21%","Class A (Top 80%)"
"    92102-07700C","كشافة امامي كيا بيكانتو 2009 مكحل            ","56,798.21","40.28%","Class A (Top 80%)"
"    24312-37500K","بطة تيمت سوناتا 6 بستون + سنتافي 207 سن      ","56,763.83","40.34%","Class A (Top 80%)"
"    92101-1E040C","شمعة اكسنت 2006-2011 يسار اصفر امريكي        ","56,692.38","40.41%","Class A (Top 80%)"
"    21810-1R000K","كرسي مكينة يمين اكسنت 2011/2014(3X000)       ","56,584.00","40.47%","Class A (Top 80%)"
"    92402-D3040C","اسطب خلفي يمين توسان 16/18                   ","56,550.00","40.54%","Class A (Top 80%)"
"    25380-2E000C","مروحة تانكي ماء توسان  كامل 05/09  4 بستم    ","56,371.55","40.60%","Class A (Top 80%)"
"    93490-2H500C","شريط ايرباج النتراء 07/11                    ","56,272.28","40.67%","Class A (Top 80%)"
"  25310-1E001MGB","رديتر ماء اكسنت 06/10 جير عادي ( 21045)      ","56,208.95","40.73%","Class A (Top 80%)"
"    86511-2T500C","صدام امامي كيا اوبتيما 14/16                 ","56,124.13","40.80%","Class A (Top 80%)"
"    86350-2T000C","شبك كيا اوبتيما 11/14  k5                    ","56,039.79","40.86%","Class A (Top 80%)"
" 97701-K0200DOWN","كمبروسر مكيف كيا سول 2020 حجم 2.0            ","55,800.00","40.92%","Class A (Top 80%)"
"    31111-2S000K","بمب بترول توسان + سنتافي + سبورتاج 11/15     ","55,779.05","40.99%","Class A (Top 80%)"
"  55311-2S000MGB","مساعد توسان 11\15سنجل بدون حلقة2T010/3S010   ","55,392.48","41.05%","Class A (Top 80%)"
"    92101-07700C","كشافة امامي كيا بيكانتو 2009 مكحل يسار       ","55,356.91","41.12%","Class A (Top 80%)"
"  54660-2B200MGB","مساعد امامي سنتافي 06/09                     ","55,310.20","41.18%","Class A (Top 80%)"
"    58510-2H500C","علبة بريك فو ق النتراء  2007 ABS             ","55,047.64","41.24%","Class A (Top 80%)"
"    21310-2G001M","بمب زيت توسان + سوناتا + سنتافي 2012         ","54,769.93","41.31%","Class A (Top 80%)"
"    25380-1G100C","مروحة تانكي ماء ريو 06/10 صغير               ","54,518.98","41.37%","Class A (Top 80%)"
"    21810-2T000C","كرسي مكينة يمين سوناتا اوبتيما(3S600/2T200)  ","54,162.20","41.43%","Class A (Top 80%)"
"    23040-2G000M","رنجات توسان سوناتا + كيا لوتشي حجم 2.0 وكالة ","53,685.98","41.49%","Class A (Top 80%)"
"  58302-2PA70ACE","كنويسات خلفي سنتافي 10\15 سورينتو ركستون موها","53,684.24","41.55%","Class A (Top 80%)"
" 36100-22805MALI","سلف كهرباء اكسنت 06/11 جير عادي              ","53,667.09","41.62%","Class A (Top 80%)"
"    51760-2G000K","جوزة مقص النتراء + توسان لوتشي 2006          ","53,601.96","41.68%","Class A (Top 80%)"
"25380-2K100HANON","مروحة تانكي ماء كيا سول 2010                 ","53,422.95","41.74%","Class A (Top 80%)"
"    54610-1G500K","كرسي مساعد امامي اكسنت +ريو+برايد 07\09      ","53,336.00","41.80%","Class A (Top 80%)"
"    23510-2E410M","يدبستون النترا + سول 16/19 حجم 2.0           ","53,268.88","41.86%","Class A (Top 80%)"
"  9240X-2B000LED","اسطب خلفي سنتافي 07/12 طقم 4 LED             ","53,200.00","41.92%","Class A (Top 80%)"
"    18840-11051C","بلاكات هونداي عادي وكالة بلاتين 18845-11051  ","53,117.91","41.98%","Class A (Top 80%)"
"    57700-0W100C","مشط سنتافي 10/12                             ","52,945.34","42.04%","Class A (Top 80%)"
"  54660-1R000MGB","مساعد امامي اكسنت 11/15                      ","52,930.32","42.11%","Class A (Top 80%)"
"    21020-2E000M","براصات ثابت النترا 11/15                     ","52,835.69","42.17%","Class A (Top 80%)"
"  66400-0W000TAI","كور  سنتافي 10/12                            ","52,624.70","42.23%","Class A (Top 80%)"
"  54661-3X250MGB","مساعد امامي النتراء 2012 يمين تجاري          ","52,510.89","42.35%","Class A (Top 80%)"
"  54651-3X250MGB","مساعد امامي النتراء 2012 يسار  تجاري         ","52,510.89","42.35%","Class A (Top 80%)"
"  25310-2H050SKP","رديتر ماء النتراء 06/11 جير عادي 2H000       ","52,475.00","42.41%","Class A (Top 80%)"
"    54630-2T010M","اسبرنج امامي اوبتيما  K5 11/13 وكالة         ","52,443.49","42.47%","Class A (Top 80%)"
"  55310-2B201JTE","مساعد خلفي سنتافي + فيراكروز 2006 تجاري      ","52,286.30","42.53%","Class A (Top 80%)"
"    28113-1G000K","فلتر هواء اكسنت 06/10                        ","52,114.24","42.59%","Class A (Top 80%)"
"     22443-23001","لمدة فتحة البلاكات سوناتا + النتراء عام      ","52,113.39","42.65%","Class A (Top 80%)"
"  92303-26010TAI","غماز صدام امامي 2004 ركن سنتافي + توسان      ","52,081.58","42.71%","Class A (Top 80%)"
"  55311-3S010MGB","مساعد خلفي سوناتا 2011                       ","51,923.07","42.77%","Class A (Top 80%)"
"    86812-2T100C","بطانة كفر  كيا لوتشي 11/15 K5                ","51,732.34","42.83%","Class A (Top 80%)"
"  97606-2B000JTE","لديتر مكيف سنتافي 07/08                      ","51,714.68","42.89%","Class A (Top 80%)"
"    92404-C1130C","اسطب خانة داخلي يمين سوناتا 2016             ","51,620.00","42.95%","Class A (Top 80%)"
"    21443-22010M","لمدة كرين خلفي اكسنت حجم 1.6 النتراء         ","51,588.21","43.01%","Class A (Top 80%)"
"    98620-2W000C","دبة مساحات سنتافي 13/15                      ","51,577.34","43.07%","Class A (Top 80%)"
"    86611-1C300C","صدام خلفي جتز 2007                           ","51,555.00","43.12%","Class A (Top 80%)"
" 23121-25000USED","جير سلسلة تيمت تحت توسان لوتشي خطين حجم 2.0  ","51,409.99","43.18%","Class A (Top 80%)"
"    86511-2H000C","صدام امامي النتراء 06/09                     ","51,255.81","43.24%","Class A (Top 80%)"
"    21930-2H050K","كرسي مكينة  خلفي النتراء 06/10 توماتيك       ","51,175.76","43.30%","Class A (Top 80%)"
"    25386-3X000C","دينمة مروحة النترا 2012 ابو صامولة           ","51,173.16","43.36%","Class A (Top 80%)"
"    54840-1E000K","مسمار عمود توازن امامي 60/10 يمين            ","50,901.92","43.42%","Class A (Top 80%)"
"    52933-2G200C","حساس طاوة ضغط الهواء عام                     ","50,586.72","43.48%","Class A (Top 80%)"
"    20910-2EA00C","بدلة باكنات مكينة النتراء 2011               ","50,500.00","43.54%","Class A (Top 80%)"
"    25386-2H050C","دينمة مروحة النترا 2007-2011                 ","50,263.79","43.59%","Class A (Top 80%)"
"    54552-3K000K","بوشة مقص فوق سوناتا 05/10 كوري               ","49,729.00","43.65%","Class A (Top 80%)"
"54660-1E000TRUSY","مساعد امامي  اكسنت 06/10 ماندو يمين          ","49,676.00","43.71%","Class A (Top 80%)"
"     24312-37500","بطة تيمت سوناتا 6 بستون + سنتافي وكالة       ","49,605.00","43.76%","Class A (Top 80%)"
"    92101-C2500C","كشافة امامي سوناتا 2018 اصفر يسار            ","49,583.26","43.82%","Class A (Top 80%)"
"    28910-26900M","بلف هواء خلف المكينة ابو ليين اكسنت          ","49,514.20","43.88%","Class A (Top 80%)"
"    27301-3E400C","كويل مفرد ازيرا+كرنفال+سورينتو  سنتافي 2007  ","49,373.13","43.94%","Class A (Top 80%)"
"    41421-32000K","فحمة كلتش اكسنت+النترا  حديد كوري            ","49,186.00","43.99%","Class A (Top 80%)"
"    54830-2B000K","مسمار عمود توازن سنتافي + فيراكروز 08/10     ","49,153.71","44.05%","Class A (Top 80%)"
"    86561-2B710C","شبك امامي سنتافي 10/12 كامل                  ","48,998.80","44.10%","Class A (Top 80%)"
"    87610-1R000C","مراية اكسنت 2012+ كهرباء بدون فليشر          ","48,877.00","44.16%","Class A (Top 80%)"
"    92102-3K520C","شمعة نور يمين سوناتا 09/10                   ","48,870.00","44.22%","Class A (Top 80%)"
"    21910-2E300K","كرسي مكينة امامي توسان 04/09                 ","48,800.35","44.27%","Class A (Top 80%)"
"     54660-4H150","مساعد امامي H1 يمين 2007/2016 وكالة          ","48,750.00","44.39%","Class A (Top 80%)"
"     54650-4H150","مساعد امامي H1 يسار 2007/2016 وكالة          ","48,750.00","44.39%","Class A (Top 80%)"
"    97730-2D000K","مروحة مكيف النتراء 00/05                     ","48,701.04","44.44%","Class A (Top 80%)"
"    22441-26020K","باكن كور والات اكسنت 06/10 بدون سلبه         ","48,657.72","44.50%","Class A (Top 80%)"
"    82471-2H000C","مكينة تطليع فريم النترا 2007/2011            ","48,565.00","44.55%","Class A (Top 80%)"
"    86530-C1000C","جسر صدام امامي سوناتا 2016                   ","48,390.00","44.61%","Class A (Top 80%)"
"    27301-3C000K","كويل مفرد ازيرا+كرنفال كيا لوتشي 2007 حجم 3  ","48,349.00","44.66%","Class A (Top 80%)"
"    18839-11051M","بلاكات بلاتين عريض 18817  (27410-37000)      ","48,187.94","44.72%","Class A (Top 80%)"
"    25380-1C360C","مروحة تانكي ماء جتز                          ","48,092.66","44.78%","Class A (Top 80%)"
"54611-3K020TRUSY","مساعد امامي سوناتا 06/09                     ","48,000.00","44.83%","Class A (Top 80%)"
"    86812-3S000C","بطانه رفرف سوناتا 2011/2012                  ","47,765.00","44.89%","Class A (Top 80%)"
"    55215-3R000K","بوشة مقص خلفي تحت سوناتا 12/15 2S + 3V + 2G  ","47,623.06","44.94%","Class A (Top 80%)"
" 31111-22050WINA","بمب بترول كوري عام  كانشه عريض               ","47,540.01","45.00%","Class A (Top 80%)"
"    92102-2T050C","كشافة كيا  اوبتيما 12/15 اصفر                ","47,536.22","45.05%","Class A (Top 80%)"
"    97606-3S160K","لديتر مكيف سوناتا+اوبتماء 12/15 كوري         ","47,500.00","45.10%","Class A (Top 80%)"
"  54650-2B200MGB","مساعد امامي سنتافي 06/09                     ","47,496.78","45.16%","Class A (Top 80%)"
"   51720-38110BW","بيرنج هوبس او رمان كفر سوناتا 2004 + سنتافي 2","47,488.06","45.21%","Class A (Top 80%)"
"    31112-1G000C"," فلتر بترول اكسنت 06/11 كوري + خليجي         ","47,452.88","45.27%","Class A (Top 80%)"
"  66400-1G010TAI","كور كيا ريو 06/11 تايواني                    ","47,321.78","45.32%","Class A (Top 80%)"
" 25380-1G051DOWN","مروحة تانكي ماء ريو 2007 حجم واحد كوري اصلي  ","47,248.65","45.38%","Class A (Top 80%)"
"    25281-25000C","شداد دينمة سوناتا07/10 4 بست + لوتشي+سنتافي 2","47,235.10","45.43%","Class A (Top 80%)"
"    24410-26000M","ضغاط تيمت اكسنت جتز ماتكس 06/10              ","47,173.83","45.49%","Class A (Top 80%)"
"    57724-2E000K","دومة توسان 04/09                             ","47,162.20","45.54%","Class A (Top 80%)"
"    92402-2H010C","اسطب خلفي النترا 2007-2011 يمين              ","47,084.00","45.59%","Class A (Top 80%)"
"    54501-1E000K","مقص امامي يمين اكسنت 06/11 كوري              ","46,950.00","45.65%","Class A (Top 80%)"
"    86511-3X000C","ربلة صدام امامي النتراء 11/13                ","46,912.38","45.70%","Class A (Top 80%)"
"    54840-2T000K","مسمار عمود التوازن امامي كيا 5 + اوبتيما 2012","46,758.22","45.76%","Class A (Top 80%)"
"    55530-2W000K","مسمار توازن خلفي سنتافي+توسان+سوناتا L+Rسنجل ","46,731.35","45.81%","Class A (Top 80%)"
"    64101-2W200C","واجهه سنافي جراند  13/15                     ","46,698.57","45.86%","Class A (Top 80%)"
"  66311-1E300TAI","بنكة يسار اكسنت 06/10                        ","46,646.18","45.92%","Class A (Top 80%)"
"    28110-1E000C","قربة فلتر هواء اكسنت 06/11                   ","46,618.27","45.97%","Class A (Top 80%)"
" 25380-2S500DOWN","مروحة تانكي ماء توسان 10/14 كوري             ","46,607.30","46.02%","Class A (Top 80%)"
"    58501-24A00K","اصلاح بريك فوق  اكسنت النتراء 2003           ","46,360.28","46.08%","Class A (Top 80%)"
"    97606-2E000K","لديتر مكيف توسان 07 كوري                     ","46,300.00","46.13%","Class A (Top 80%)"
"   51720-29400BW","بيرنج هوبس او رمان كفر اكسنت 00/15           ","46,298.75","46.18%","Class A (Top 80%)"
"    23060-2G101M","براصات متحرك سوناتا توسان 2012 حجم 2.4       ","46,056.06","46.24%","Class A (Top 80%)"
" 58101-1GA00GOLD","كنويسات  امامي اكسنت + ريو 06\10             ","46,050.13","46.29%","Class A (Top 80%)"
"    21830-2H100K","كرسي مكينة يسار النترا 06/11 كوري            ","46,030.04","46.34%","Class A (Top 80%)"
"    57740-26000K","ربلة دومة سنتافي 01/05                       ","45,980.89","46.40%","Class A (Top 80%)"
"    25380-2E100C","مروحة تانكي ماء توسان  كامل 05/09 6 بستون    ","45,920.05","46.45%","Class A (Top 80%)"
"    21421-22020M","لمدة كرين امامي اكسنت+النترا اصلي            ","45,917.33","46.50%","Class A (Top 80%)"
"  66400-1R000TAI","كور اكسنت 11/13                              ","45,871.90","46.55%","Class A (Top 80%)"
"    87721-2K000M","فيبر باب خلفي يسار  كيا سول 10/12            ","45,783.51","46.61%","Class A (Top 80%)"
"     56555-0X500","بوشة مشط اكسنت 2012 +                        ","45,743.91","46.66%","Class A (Top 80%)"
"    57724-2B000K","دومة سنتافي 07/11                          ","45,607.59","46.71%","Class A (Top 80%)"
"    58510-3S150K","علبة بريك سوناتا 2012-2014 كوري              ","45,600.00","46.76%","Class A (Top 80%)"
"     22441-3E021","باكن كور والات يمين سنتافي 06 + كيا لوتشي 2.7","45,591.00","46.82%","Class A (Top 80%)"
"    25620-2GXXXC","قاعدة ماء كيا لوتشي + سوناتا 2007            ","45,500.00","46.87%","Class A (Top 80%)"
"    86561-2T000C","شبك صدام تحت اوبتيما K5 11/15                ","45,449.65","46.92%","Class A (Top 80%)"
"    23060-27920M","براصات متحرك سنتافي + توسان ديزل             ","45,427.45","46.97%","Class A (Top 80%)"
"    92102-1W000C","شمعة كيا ريو ابيض 2015 يمين                  ","45,400.00","47.03%","Class A (Top 80%)"
"    51760-2H000K","جوزة مقص النتراء + لوتشي _ توسان 2006        ","45,302.25","47.08%","Class A (Top 80%)"
"     56521-3X000","بوشة مشط النترا + سيراتو 12/215              ","45,206.06","47.13%","Class A (Top 80%)"
"97139-3X000HANON","ثلاجة مكيف النترا 13/16                      ","45,197.84","47.18%","Class A (Top 80%)"
"    25620-F2000C","مبرد زيت اسبيت النترا 2017                   ","45,182.49","47.23%","Class A (Top 80%)"
"    55256-2G000K","بوشة عمود التوازن خلفي النترا+اوبتماء+لوتشي 0","45,145.01","47.29%","Class A (Top 80%)"
"    20910-26L00K","بدلة باكنات او طقم وجة اكسنت 06/11 كوري      ","45,145.00","47.34%","Class A (Top 80%)"
"   000-DOT-XENOL","سم بريك اكسينول 250 ملي XENOL                ","44,937.19","47.39%","Class A (Top 80%)"
"58305-1GA00FALCN","كنويسات هلال اكسنت + ريو 06/10               ","44,875.79","47.44%","Class A (Top 80%)"
"    27301-3C000C","كويل مفرد ازيرا+كرنفال كيا لوتشي 2007 حجم 3  ","44,751.44","47.49%","Class A (Top 80%)"
"    92405-C1000C","اسطب كذاب خلفي سوناتا 2016+ يسار             ","44,660.00","47.54%","Class A (Top 80%)"
"    51720-1C000C","بيرنج امامي1كو1G/1E/1C                       ","44,600.00","47.60%","Class A (Top 80%)"
"    23510-25250M","يد بستون سنتافي توسان K5  سوناتا 06/12       ","44,469.87","47.65%","Class A (Top 80%)"
"    20910-25B00K","بدلة باكنات او طقم وجة سوناتا 2.4 كوري       ","44,240.00","47.70%","Class A (Top 80%)"
"    22443-2E000M","لمدة فتحة البلاكات النترا k5 11/15           ","44,142.78","47.75%","Class A (Top 80%)"
"     28220-B2220","دبة صوت كيا سول 14/18 وكالة                  ","44,074.33","47.80%","Class A (Top 80%)"
"000-W-TOPGUARD-G","ماء رديتر توب قارد اخضر معدل50/50 TOP GUARD  ","44,050.02","47.85%","Class A (Top 80%)"
"  92202-4Z000TAI","كشافة ضباب سنتافي 12/16 يمين                 ","43,957.88","47.90%","Class A (Top 80%)"
"    55118-2S100K","بوشة عمود سحب خلفي توسان 2010 كوري           ","43,938.00","47.95%","Class A (Top 80%)"
"    51712-3X000K","هوب امامي النترا 2011/2015 هاي كيو           ","43,914.00","48.00%","Class A (Top 80%)"
"    64101-2T200C","واجهة  اوبتيما K5 12/15                      ","43,891.47","48.05%","Class A (Top 80%)"
"    39210-2G650K","حساس شكمان تحت توسان 12/15 حجم 2.4           ","43,835.82","48.10%","Class A (Top 80%)"
"    42700-3B010M","مشط اسبيت توسان 2012                         ","43,692.66","48.15%","Class A (Top 80%)"
"   97133-2H000TK","فلتر مكيف النسيرا 07/15+اكسنت 06/11          ","43,588.00","48.20%","Class A (Top 80%)"
"    92401-1G000C","اسطب خلفي يسار  كيا ريو 2005                 ","43,433.68","48.25%","Class A (Top 80%)"
"    86511-2S000C","صدام امامي توسان 2012 فوق وتحت كامل مدمج     ","43,291.67","48.30%","Class A (Top 80%)"
"    23060-2B002M","براصات متحرك STD  اكسنت النترا  حجم 1.6      ","43,239.89","48.35%","Class A (Top 80%)"
"    86530-2S000C","جسر صدام امامي توسان 11/13                   ","43,179.30","48.40%","Class A (Top 80%)"
"    37320-25201C","مكرة دينمة تعبئة سوناتا لوتشي سنتافي 4 بستم  ","43,172.45","48.45%","Class A (Top 80%)"
"    37300-23650K","دينمة تعبئة النترا 2007-2011 ثلاثة فيش كوري  ","43,080.00","48.50%","Class A (Top 80%)"
"    87610-3X000C","مراية النترا 2012-2014 يسار فليشر            ","42,930.00","48.55%","Class A (Top 80%)"
"    86511-1R000C","صدام امامي اكسنت 2012+2015 صيني              ","42,867.59","48.60%","Class A (Top 80%)"
"    23040-3C100M","رنجاتوناتا + ازيرا حجم3.3                    ","42,845.17","48.65%","Class A (Top 80%)"
"     25330-25000","غطاء تانكي ماء 0.8 هيونداي عام اصلي          ","42,776.94","48.70%","Class A (Top 80%)"
"    21350-2B000M","صدر مكينة + بمب زيت النترا  11/15 حجم 1.6    ","42,758.51","48.75%","Class A (Top 80%)"
"    81771-2E000C","مساعد شنطة توسان 04/09                       ","42,536.86","48.80%","Class A (Top 80%)"
"    45956-28010M","مشط اسبيت جتز + اكسنت ريو 06/11              ","42,481.59","48.85%","Class A (Top 80%)"
"    51720-2H000K","بيرنج هوبس او رمان كفر النتر 07/15 كوري      ","42,451.00","48.89%","Class A (Top 80%)"
"    25100-2G510K","بمب ماء سوناتا *اوبتيما 2007+                ","42,396.66","48.94%","Class A (Top 80%)"
"     86562-B2500","شبك صدام كيا سول 16/18                       ","42,243.89","48.99%","Class A (Top 80%)"
"    37370-2B300K","كتف دينمة اكسنت+النترا كوري                  ","42,205.00","49.04%","Class A (Top 80%)"
"    22441-37110K","باكن كور والات سوناتا + سنتافي 6 بستون بدون د","42,167.53","49.09%","Class A (Top 80%)"
"    87610-3S070C","مرية يسار سوناتا 11/14 فليشر                 ","42,050.00","49.14%","Class A (Top 80%)"
" 55311-2H200TRDY","مساعد خلفي النتر 2007                        ","42,000.00","49.23%","Class A (Top 80%)"
"  58101-2CA11ECO","كنويسات امامي 2C\2H\2E\2G\3K\3L\             ","42,000.00","49.23%","Class A (Top 80%)"
"    58101-2TA00K","كنويسات امامي اوبتيما  K5 \ST\3Q   4 بستم 2P","41,912.29","49.28%","Class A (Top 80%)"
"    81230-C1010C","قفل خانة سوناتا 14/17 مع الخبطة              ","41,866.67","49.33%","Class A (Top 80%)"
"     25500-2E000","بلف حرارة النترا12/15 اصلي                   ","41,824.07","49.38%","Class A (Top 80%)"
"    22441-25002M","باكن كور والات سوناتا 2.4 اصلي               ","41,800.62","49.43%","Class A (Top 80%)"
"    49506-2BA20K","ربلة عكس داخلي سنتافي                        ","41,700.00","49.47%","Class A (Top 80%)"
"  56820-1G000CTR","مشرعة اكسنت يسار                             ","41,485.00","49.52%","Class A (Top 80%)"
"     86514-2B700","غطاء كشافة ضباب سنتافي 10/12 مغلق يمين       ","41,284.92","49.57%","Class A (Top 80%)"
"    98620-2S000C","دبة مساحات توسان 2012                        ","41,284.26","49.62%","Class A (Top 80%)"
"  92101-B2500TAI","كشافة امامي كيا سول 2014 اصفر يسار عدسة تايوا","41,211.93","49.66%","Class A (Top 80%)"
"    92102-C2500C","كشافة امامي سوناتا 18/20 اصفر يمين           ","41,199.05","49.71%","Class A (Top 80%)"
"  66400-1E000TAI","كور اكسنت 06/10                              ","41,101.78","49.76%","Class A (Top 80%)"
"  25310-2E850JTE","رديتر ماء لديتر توسان توماتيك 04/09 سادة     ","41,036.72","49.81%","Class A (Top 80%)"
"    22144-37101M","لمدة تيمت توسان + سنتافي  2.7                ","41,026.00","49.85%","Class A (Top 80%)"
"    49506-C5250K","ربلة عكس داخلي سوناتا + سنتافي 14/19 كوري يمي","41,011.91","49.90%","Class A (Top 80%)"
"    86511-1C310C","صدام امامي جتز 06/10 ضباب                    ","41,000.00","49.95%","Class A (Top 80%)"
"    21020-2G120M","براصات ثابت سوناتا + سنتافي 10/14 STD        ","40,943.81","50.00%","Class A (Top 80%)"
"    92202-2H000C","كشاف النترا 2007-2011 يمين                   ","40,856.30","50.04%","Class A (Top 80%)"
"    29110-S1500C","بطانة تحت المكينة سنتافي 19/22 حجم 2.4       ","40,780.83","50.09%","Class A (Top 80%)"
"    86514-3X000C","عظمة صدام امامي النترا 2012-2015 يمين        ","40,779.00","50.14%","Class A (Top 80%)"
" 0-22*25-HY-01NM","صبرة عكس اكسنت 02/05 22*25 بدون حساس         ","40,757.20","50.18%","Class A (Top 80%)"
"    22211-26600K","والات هواء مكينة  1.6 اكسنت ماتركس           ","40,657.26","50.23%","Class A (Top 80%)"
"    92402-25510C","اسطب خلفي اكسنت 2000/2005                    ","40,615.00","50.28%","Class A (Top 80%)"
"  54650-1R000MGB","مساعد امامي اكسنت 11/15                      ","40,590.59","50.32%","Class A (Top 80%)"
"    21830-2B600K","كرسي مكينة يسار سنتافي 2007 حجم 2.7          ","40,451.36","50.37%","Class A (Top 80%)"
"    25212-27000K","بطة دينمة توسان ديزل 05/09 + سنتافي 6pk1515  ","40,319.92","50.42%","Class A (Top 80%)"
"    28110-3X000C","قربة فلتر هواء النترا 11\15                  ","40,309.73","50.46%","Class A (Top 80%)"
"    82610-1E000C","يد باب داخلي اكسنت يسار 2006/2011            ","40,186.72","50.51%","Class A (Top 80%)"
"    92101-2H050C","شمعة النترا 2007-2011 يسار اصفر              ","40,046.97","50.55%","Class A (Top 80%)"
"    25380-3X000C","مروحة تانكي ماء النتراء 2012 ابو صامولة      ","40,005.26","50.60%","Class A (Top 80%)"
"    92202-2T000C","كشافة ضباب اوبتيما 11/15 يمين                ","40,000.00","50.65%","Class A (Top 80%)"
"    25620-26160C","قاعده كوع ماء اكسنت 6/2011                   ","39,900.00","50.69%","Class A (Top 80%)"
"  97606-D3500JET","لديتر مكيف توسان 16/19                       ","39,891.79","50.74%","Class A (Top 80%)"
"    21421-23020M","لمدة كرين امامي النترا 2007/2011 اصلي        ","39,878.95","50.78%","Class A (Top 80%)"
"    31922-2EA00M","فلتر ديزل سنتافي توسان تراجيت 2004 فتحة 14   ","39,787.02","50.83%","Class A (Top 80%)"
"    55326-2B000C","ربلة مطب خلفي سنتافي 2007                    ","39,728.26","50.88%","Class A (Top 80%)"
"    55530-2E000K","مسمار توازن خلفي توسان 2004/2006             ","39,669.08","50.92%","Class A (Top 80%)"
"    86811-1E000C","بطانة كفر امامي اكسنت 2006/2011              ","39,580.00","50.97%","Class A (Top 80%)"
"    57700-2W000C","علبة سكان تحت سنتافي زيت 13/16               ","39,537.62","51.01%","Class A (Top 80%)"
"     54530-0U000","جوزة مقص اكسنت 0/14 + 3x+ 25 + 31+ 22        ","39,530.88","51.06%","Class A (Top 80%)"
"  66400-D3000TAI","كور توسان 16/19                              ","39,528.74","51.10%","Class A (Top 80%)"
"    24355-23770C","حساس زيت النتراء 07/11 + سيول                ","39,423.23","51.15%","Class A (Top 80%)"
"    98510-1C000C","دينمة مساحات ماء جتز IE\1R\I10\I20           ","39,310.03","51.19%","Class A (Top 80%)"
"    28210-2E100M","لي هواء فوق الواجهة توسان 2006 حجم 2.4       ","39,307.22","51.24%","Class A (Top 80%)"
"    92102-1Y200C","كشافة امامي كيا بيكانتو 12/15                ","39,250.00","51.28%","Class A (Top 80%)"
"    54551-1E000K","بوشة مقص 1J\1R\2K\1E\25                      ","39,163.36","51.33%","Class A (Top 80%)"
"    86631-1R000C","جسر خلفي اكسنت 2012                          ","39,150.00","51.37%","Class A (Top 80%)"
"     55160-1E000","بوشة دنقل اكسنت 06/11                        ","39,140.00","51.42%","Class A (Top 80%)"
"    22443-27001K","لمدة فتحت النوزلات ديزل سنتافي + توسان       ","39,139.14","51.46%","Class A (Top 80%)"
"  55300-2K100MTE","مساعد خلفي سول 09/13  (2k/1M/1R/3X)          ","39,125.66","51.51%","Class A (Top 80%)"
"  55351-2D100MGB","مساعد خلفي النترا  + ماتركس يسار 01/06       ","39,089.03","51.55%","Class A (Top 80%)"
"  20910-2600LKOS","بادلة باكانت كو ري اصلي                      ","39,000.00","51.60%","Class A (Top 80%)"
"     46321-26000","فلتر اسبيت او  جير بكس اكسنت+ازيرا+النترا+اي3","38,908.00","51.64%","Class A (Top 80%)"
"22311-26101K-MTL","باكن راس حديد ماتركس 1.6 اكسنت جتز           ","38,803.25","51.69%","Class A (Top 80%)"
"  25310-2H050-AB","رديتر ماء النتراء 06/11 تماتيك               ","38,687.90","51.73%","Class A (Top 80%)"
"    25500-2B000M","بلف حرارة اكسنت كيا بيكانتو 2012             ","38,643.39","51.78%","Class A (Top 80%)"
"     57231-29100","سير سكان اكسنت+النترا+ماتركس مدرج 00\10      ","38,558.54","51.82%","Class A (Top 80%)"
"    87711-2K000M","فيبر باب امامي كيا سول 09/11                 ","38,523.36","51.87%","Class A (Top 80%)"
"    23040-26160K","رنجات استندر حجم 1600 اكسنت جتز  ماتركس  تايو","38,514.80","51.91%","Class A (Top 80%)"
"    86611-F2000C","صدام خلفي النتراء 16/19                      ","38,502.39","51.96%","Class A (Top 80%)"
"    93490-3Q120C"," شريط ارباج النتراء  امريكي + سوناتا (1R441) ","38,308.35","52.00%","Class A (Top 80%)"
"    25212-27400K","بطة دينمة توسان ديزل 05/09 + سنتافي 6pk1513  ","38,226.69","52.04%","Class A (Top 80%)"
"    49506-38E00K","ربلة عكس داخلي                               ","38,197.62","52.09%","Class A (Top 80%)"
"    86812-1E000C","بطانة رفرف اكسنت 2006/2011                   ","38,180.00","52.13%","Class A (Top 80%)"
"    93490-2B250C","شريط ايرباج سنتافي 09/12                     ","38,153.89","52.17%","Class A (Top 80%)"
"    51712-3K000K","هوب امامي سوناتا  وصل 06/17 لوتشي اوبتيما سبو","38,031.55","52.22%","Class A (Top 80%)"
"    39180-26900K","حساس كرين اكسنت 07                           ","38,023.96","52.26%","Class A (Top 80%)"
"    55530-C1000C","مسمار التوازن خلفي                           ","37,936.00","52.31%","Class A (Top 80%)"
"    92201-1E000C","كشاف اكسنت 2006/2011                         ","37,915.89","52.35%","Class A (Top 80%)"
"    25631-23501C","كوع بيسة ماء النترا 2006/2012                ","37,908.00","52.39%","Class A (Top 80%)"
"  66400-2W000TAI","كور سنتافي 13/17                             ","37,834.11","52.44%","Class A (Top 80%)"
"    26410-2G000C","مبرد زيت توسان i30 سوناتا  4 بستم 2.4 عام    ","37,791.76","52.48%","Class A (Top 80%)"
"    54840-2B000K","مسمار عمود توازن امامي فيراكروز +سنتافي 07/10","37,542.35","52.52%","Class A (Top 80%)"
"    92402-3K000C","اسطب خلفي يمين  سوناتا 05/10                 ","37,332.00","52.57%","Class A (Top 80%)"
"54661-2H000TRSTY","مساعد امامي يمين النترا 06/10                ","37,222.00","52.61%","Class A (Top 80%)"
"    24355-26710C","حساس زيت اكسنت 06/10 + ريو                   ","37,193.24","52.65%","Class A (Top 80%)"
"    54830-2H100K","مسمار توازن توسان+النترا 2H\2G\2E L+R        ","37,152.14","52.69%","Class A (Top 80%)"
" 25310-2E850GOLD","رديتر ماء لديتر توسان توماتيك 04/09          ","37,111.54","52.74%","Class A (Top 80%)"
"    92409-2B510M","اسطب صدام خلفي سنتافي 09/11 يمين             ","37,053.60","52.78%","Class A (Top 80%)"
"    86513-3X000C","عظمة صدام امامي النترا 2012-2015 يسار        ","36,992.00","52.82%","Class A (Top 80%)"
"58101-C1A00KRSTR","كنويسات امامي سوناتا 2016                    ","36,963.25","52.87%","Class A (Top 80%)"
"0-22*25-HY-01ANM","صبرة عكس اكسنت 02/05 22*25 ABS               ","36,953.03","52.91%","Class A (Top 80%)"
" 25310-2W500GOLD","رديتر ماء سنتافي 2013 توماتيك                ","36,928.88","52.95%","Class A (Top 80%)"
"    86812-2W000C","بطانة كفر يمين سنتافي 12/16                  ","36,909.58","52.99%","Class A (Top 80%)"
"    55118-2S000K","بوشة عمود سحب التحكم خلفي توسان 2013 سنجل    ","36,897.62","53.04%","Class A (Top 80%)"
"    25380-2K000C","مروحة كامل كيا سول 2009 حجم 1.6 القصير       ","36,783.51","53.08%","Class A (Top 80%)"
"         98350-X","مساحات مقاسات منوع                           ","36,728.00","53.12%","Class A (Top 80%)"
"     21350-26002","غطاء بطة تيمت تحت اكسنت  حجم 1.6             ","36,663.27","53.16%","Class A (Top 80%)"
"    54830-2T000K","مسمار عمود توازن امامي كيا 5 + اوبتيما 2012  ","36,639.12","53.20%","Class A (Top 80%)"
"    86610-2H000C","صدام خلفي النتراء 07/09                      ","36,635.87","53.25%","Class A (Top 80%)"
"     24321-25000","سلسلة تيمت  سوناتا                           ","36,601.56","53.29%","Class A (Top 80%)"
"    86811-3X000C","بطانة كفر امامي النتراء 2001 يسار            ","36,589.74","53.33%","Class A (Top 80%)"
"    25100-23530K","بمب ماء النترا 07/10                         ","36,583.40","53.37%","Class A (Top 80%)"
"    95670-2S300C","حساس ABS توسان 10/15 يسار امامي              ","36,556.23","53.41%","Class A (Top 80%)"
"  55311-2S400MGB","مساعد خلفي توسان دبل ابو حلقة 12/15          ","36,542.79","53.46%","Class A (Top 80%)"
"    57100-2P000C","علبة سكان فوق  سنتافي 12/15 سيراتو 09/12 حجم ","36,523.61","53.50%","Class A (Top 80%)"
" 66321-3X000MALI","بنكة يمين النتراء 11/14                      ","36,377.75","53.54%","Class A (Top 80%)"
"    22311-26101K","باكن راس جتز + ماتركس 1.6 كربون  + اكسنت     ","36,377.17","53.58%","Class A (Top 80%)"
"    49509-2BA30K","ربلة عكس خارجي سنتافي 2007 + ازيراء          ","36,311.66","53.62%","Class A (Top 80%)"
"    51720-1W000K","بيرنج هوبس او رمان امامي ريو 11/15 كوري      ","36,246.29","53.67%","Class A (Top 80%)"
" 31111-GIP501MGB","بمب بترول MGB عام  كانشه عريض                ","36,182.40","53.71%","Class A (Top 80%)"
"    25620-2G500C","قاعدة ماء كامل كيا لوتشي + سوناتا 2007       ","36,161.36","53.75%","Class A (Top 80%)"
"    92201-2H000C","كشاف النترا 2007-2011 يسار                   ","36,128.65","53.79%","Class A (Top 80%)"
"    22441-25100K","باكن كور والات سوناتا سنتافي توسان لوتشي     ","36,046.31","53.83%","Class A (Top 80%)"
"  66400-3K010MAL","كور سوناتا 06/08 ماليزي                      ","36,035.95","53.87%","Class A (Top 80%)"
"    24375-2G600C","حساس زيت راس مكينة سنتافي سوناتا 11/15       ","36,030.00","53.91%","Class A (Top 80%)"
"  54650-1E200JTE","مساعد امامي اكسنت 2006 تجاري يسار            ","36,000.81","53.96%","Class A (Top 80%)"
"    58350-2D000K","هلال النتر +ماتركس                           ","36,000.00","54.00%","Class A (Top 80%)"
"    25431-2H000M","دبة ماء راجع النراء 06/10                    ","35,927.82","54.04%","Class A (Top 80%)"
"     25411-1R410","لي ماء فوق اكسنت 15/17                   ","35,927.00","54.08%","Class A (Top 80%)"
"    82660-1E050C","يد باب خارجي اكسنت 2007-2011 يمين            ","35,924.00","54.12%","Class A (Top 80%)"
"  86611-3X000TAI","صدام خلفي النتراء 12/13                      ","35,900.00","54.16%","Class A (Top 80%)"
"  54660-2B540MGB","مساعد امامي سنتافي 2010 يمين تجاري           ","35,707.52","54.20%","Class A (Top 80%)"
"    56540-3X000K","دومة النترا  12/15                     ","35,696.00","54.25%","Class A (Top 80%)"
"    42621-39200C","حساس اسبيت خروج سنتافي 3.5 00/06 6 بستم      ","35,654.83","54.29%","Class A (Top 80%)"
"  55300-3X100MGB","مساعد خلفي النت 2013                         ","35,594.01","54.33%","Class A (Top 80%)"
"    93490-2K200C","شريط ايرباج كيا + توسان  سول                 ","35,564.91","54.37%","Class A (Top 80%)"
"    24470-25052M","ضغاط سلسلة بمب زيت سوناتا 06 + توسان 10/15   ","35,534.93","54.41%","Class A (Top 80%)"
"    25212-27000C","بطة دينمة  توسان + سنتافي ديزل 6pk1515       ","35,526.50","54.45%","Class A (Top 80%)"
"    86551-2K500M","عظمة كشافةامامي كيا سول يسار 2012            ","35,468.99","54.49%","Class A (Top 80%)"
"     25212-2E820","بطة دينمة النترا  + سول 11/15 6pk1281        ","35,433.00","54.53%","Class A (Top 80%)"
"    56820-2H090K","مشرعة النتراء 2007 يمين                      ","35,420.00","54.57%","Class A (Top 80%)"
"    43119-39070M","لمدة صبرة عرض اسبيت سوناتا  النترا 39011/3908","35,338.69","54.61%","Class A (Top 80%)"
"25310-B2050HANON","رديتر ماء كيا سول 14/16                      ","35,276.81","54.65%","Class A (Top 80%)"
"97606-2S500BEST1","رديتر مكيف توسان 11/14                       ","35,240.00","54.69%","Class A (Top 80%)"
"    25500-27000M","بلف حرارة سنتافي توسان تراجيت ديزل           ","35,230.44","54.73%","Class A (Top 80%)"
"    26320-3C100K","فلتر زيت ازيرا كبير 10+/ 3.3/3.8             ","35,100.00","54.77%","Class A (Top 80%)"
"    51720-38110C","بيرنج امامي                                  ","35,000.00","54.82%","Class A (Top 80%)"
"    86530-1R300C","جسر صدام امامي اكسنت 11/14                   ","34,945.36","54.86%","Class A (Top 80%)"
"     000-CC-X66A","بخاخ رغوة ACDELCO اصلي                       ","34,937.70","54.90%","Class A (Top 80%)"
"    86150-2S000M","شبك مساحات توسان 11/15                       ","34,925.39","54.94%","Class A (Top 80%)"
"     21421-35011","لمدة كرين امامي سوناتا سنتافي 2005           ","34,877.47","54.98%","Class A (Top 80%)"
"    87610-1G020C","مراية كيا ريو 08/09  كهرباء                  ","34,660.66","55.02%","Class A (Top 80%)"
"    31921-3A810C","سدة فلتر بترول توسان ديزل                    ","34,563.08","55.06%","Class A (Top 80%)"
"    22311-2E000C","باكن راس كربون توسان + النتراء 12/15 2.0     ","34,500.00","55.10%","Class A (Top 80%)"
"    25380-D3500C","مروحة تانكي ماء توسان توربو 2017             ","34,491.24","55.13%","Class A (Top 80%)"
"    22441-26020M","باكن كور والات اكسنت حجم 1.4 06/11           ","34,390.06","55.17%","Class A (Top 80%)"
"    86514-2H000C","عظمة صدام امامي النترا 2007-2011 يمين        ","34,347.50","55.21%","Class A (Top 80%)"
"    86511-0X210C","صدام امامي I10 اي تن                         ","34,333.25","55.25%","Class A (Top 80%)"
"    52933-0W100C","حساس طاوة ضغط الهواء سنتافي 2010             ","34,223.66","55.29%","Class A (Top 80%)"
"  25310-2K150MTE","رديتر ماء كيا سول 09/11 توماتيك AT حجم 2.0   ","34,202.07","55.33%","Class A (Top 80%)"
"    87732-2W000C","فيبر باب خلفي يمين سنتافي 13/15              ","34,119.37","55.37%","Class A (Top 80%)"
"    86511-3K800C","صدام امامي سوناتا 09/10                      ","34,000.00","55.41%","Class A (Top 80%)"
"    54813-2H000K","ربلة مشرخ امامي النترا 2007/2011             ","33,999.36","55.45%","Class A (Top 80%)"
"  23060-26901KFM","براصات متحرك اكسنت مقاس 0.25                 ","33,988.00","55.49%","Class A (Top 80%)"
"    56521-1H000M","بوشة مشط  النتراء خليجي                      ","33,970.59","55.53%","Class A (Top 80%)"
"    22311-26100K","باكن راس جتز + ماتركس 1.6 كربون  + اكسنت     ","33,927.58","55.57%","Class A (Top 80%)"
"      00000-COIL","كوانش كويلات عام                             ","33,898.00","55.61%","Class A (Top 80%)"
"  55361-2D100MGB","مساعد خلفي ماتركس + النترا يمين 02/06        ","33,830.80","55.64%","Class A (Top 80%)"
"25212-23000BESFT","بطة دينمة النترا 2001/2010 مكينه 2000 4PK875 ","33,812.00","55.68%","Class A (Top 80%)"
"    93570-3K600C","مجموعة تطليع فريم سوناتا 0-8\10              ","33,796.56","55.72%","Class A (Top 80%)"
"    93490-2B300C","شريط ايرباج سنتافي 07/11                     ","33,761.60","55.76%","Class A (Top 80%)"
"    54810-2E000C","عمود توازن امامي توسان ديزل نحيف + سبورتاج 04","33,617.50","55.80%","Class A (Top 80%)"
"   23040-26001TP","رنجات جتز L 1.4  05/08اكسنت STD(42025)       ","33,594.47","55.84%","Class A (Top 80%)"
"  66321-2K500TAI","بنكة كيا بيكانتو 09/10                       ","33,547.49","55.88%","Class A (Top 80%)"
"   86511-2B020TY","صدام امامي سنتافي 06/09 تايواني              ","33,515.33","55.92%","Class A (Top 80%)"
"    86350-C1100C","شبك امامي سوناتا 14/17 نيكل                  ","33,491.00","55.95%","Class A (Top 80%)"
"    26320-27000C","فلتر زيت توسان ديزل 04/09                    ","33,473.63","55.99%","Class A (Top 80%)"
"    86811-3S000C","بطانه رفرف سوناتا 2011/2012                  ","33,424.00","56.03%","Class A (Top 80%)"
" 25310-1G050GOLD","رديتر ماء كيا ريو 06/10 توماتيك              ","33,336.34","56.07%","Class A (Top 80%)"
" 58305-1GA00GOLD","كنويسات هلال اكسنت + ريو 06/10               ","33,312.80","56.11%","Class A (Top 80%)"
"     86551-B2000","عظمة صدام امامي كيا سول 14/18 يسار           ","33,263.15","56.15%","Class A (Top 80%)"
"25310-1Y150BEST1","تانكي ماء كيا بيكانتو + مورننج 11/14         ","33,234.72","56.18%","Class A (Top 80%)"
"    87721-2S000C","فيبر باب امامي يسار توسان 12/15              ","33,181.49","56.22%","Class A (Top 80%)"
"     18817-K6RTP","بلاكات بلاتين نحيف ليزر                      ","33,180.06","56.26%","Class A (Top 80%)"
"58101-1GA00FUJTA","كنويسات  امامي اكسنت + ريو 06\10             ","33,028.55","56.30%","Class A (Top 80%)"
"  55311-1E000TRD","مساعد اكسنت خلفي العبدلي                     ","33,000.00","56.34%","Class A (Top 80%)"
"    21810-3S200K","كرسي مكينة يمين سوناتا 09/10 حجم 2.4(3R400)  ","32,990.00","56.37%","Class A (Top 80%)"
"    86511-F2000C","صدام امامي النتراء 16/19                     ","32,966.56","56.41%","Class A (Top 80%)"
"    92202-1E000C","كشاف ضباب 2006/2011                          ","32,931.94","56.45%","Class A (Top 80%)"
"    86350-F2100C","شبك امامي النتراء 16/19 نيكل                 ","32,855.98","56.49%","Class A (Top 80%)"
"     56555-1C000","بوشة مشط بلاستيك                             ","32,715.31","56.53%","Class A (Top 80%)"
"    56500-2K001C","مشط تحت كيا سول 08/11 كهرباء                 ","32,681.10","56.56%","Class A (Top 80%)"
"    92101-3K520C","شمعة نور يسار سوناتا 09/10                   ","32,680.00","56.60%","Class A (Top 80%)"
"    39180-26900C","حساس كرين اكسنت 08/13                        ","32,665.09","56.64%","Class A (Top 80%)"
"    82650-2H000C","يد باب امامي خارجي L+R+F+RE النترا 7/11      ","32,646.00","56.68%","Class A (Top 80%)"
"    54612-0U000C","ييرنج كرسي مساعد امامي اكسنت 2012            ","32,586.49","56.71%","Class A (Top 80%)"
"    57740-2B000K","ربلة دومة سنتافي                             ","32,579.68","56.75%","Class A (Top 80%)"
"    22441-25100M","باكن كور والات سوناتا سنتافي توسان لوتشي     ","32,502.12","56.79%","Class A (Top 80%)"
"    92202-2W020C","كشافة ضباب سنتافي 13/15                      ","32,469.18","56.83%","Class A (Top 80%)"
"31111-09000FALCN","بمب بترول عام + النترا سنتافي ديزل           ","32,434.14","56.86%","Class A (Top 80%)"
"21810-3K850FALCN","كرسي مكينة يمين سوناتا 07/10 يمين 4 بستم     ","32,363.76","56.90%","Class A (Top 80%)"
"    93570-1E110C","مجموعة تطليع فريم اكسنت 06/10 + سوناتا (3k010","32,329.64","56.94%","Class A (Top 80%)"
"     22311-2B000","باكن راس النتراء 2007 + اكسنت 2012 كربون وكال","32,164.46","56.97%","Class A (Top 80%)"
"    21830-2B600C","كرسي مكينة يسار سنتافي 2007 حجم 2.7          ","32,110.98","57.01%","Class A (Top 80%)"
"55300-3X100PRTSM","مساعد خلفي النترا 2012-2015   3x000          ","32,100.00","57.05%","Class A (Top 80%)"
"  86511-2E040TAI","صدام امامي توسان 04/09 بدون تايواني          ","32,074.19","57.09%","Class A (Top 80%)"
"    82650-3K000C","يد باب داخلي L+R سوناتا 05/10 امامي وخلفي    ","32,028.98","57.12%","Class A (Top 80%)"
"    52750-B2050M","فلنشة هبس خلفي كيا سول 14/17 وكالة           ","32,000.00","57.16%","Class A (Top 80%)"
"    54610-2D100K","كرسي مساعد ماتركس 04/07 2D\17                ","31,976.42","57.20%","Class A (Top 80%)"
"    25350-1E000C","اطار مروحة ماء اكسنت 06/10                   ","31,907.94","57.23%","Class A (Top 80%)"
"     24321-2B200","سلسلة تيمت اكسنت+النترا+كونيا حجم 1.4+1.6 201","31,900.00","57.27%","Class A (Top 80%)"
"    92406-C1000C","اسطب كذاب سوناتا 2016+ يمين                  ","31,900.00","57.31%","Class A (Top 80%)"
"    87722-2W000C","فيبر باب امامي يمين سنتافي 13/15 ( A1000)    ","31,889.48","57.34%","Class A (Top 80%)"
"  000-DOT-3-M250","سم بريك صغير ابرو علبة حديد                  ","31,859.98","57.38%","Class A (Top 80%)"
" 54651-1R000TRSY","مساعد اكسنت                                  ","31,800.00","57.45%","Class A (Top 80%)"
" 54661-1R000TRSY","مساعدات اكسنت                                ","31,800.00","57.45%","Class A (Top 80%)"
"    93490-3S110M","شريط ايرباج سوناتا + النترا12/15             ","31,697.81","57.49%","Class A (Top 80%)"
"    93490-2B300K","شريط ايرباج سنتافي 07/11                     ","31,693.29","57.53%","Class A (Top 80%)"
"    92201-2T010C","اسطب صدام  يسا K5 2011                       ","31,558.09","57.56%","Class A (Top 80%)"
"  56820-25000GMB","مشرعة اكسنت + النترا gmb ياباني              ","31,548.51","57.60%","Class A (Top 80%)"
"    54661-2H000K","مساعد امامي يمين النترا 06/10 (1M310=2H)     ","31,500.00","57.63%","Class A (Top 80%)"
"    25100-22650K","بمب ماء اكسنت 99/05                          ","31,481.61","57.67%","Class A (Top 80%)"
"    25457-2B000C","ماصورة مبرد ماء النترا + اكسنت 1.6 11/14     ","31,456.57","57.71%","Class A (Top 80%)"
"25310-C1100BEST1","رديتر ماء سوناتا 16/18 امريكي                ","31,378.97","57.74%","Class A (Top 80%)"
"    95746-1G020C","سنتر لوك باب خلفي اكسنت + ريو يمين 06/10     ","31,356.11","57.78%","Class A (Top 80%)"
"     24312-3E500","بطة تيمت سنتافي جرانديور سوناتا كرنفال ازيرا ","31,270.00","57.81%","Class A (Top 80%)"
"    55330-2E100C","اسبرنج خلفي توسان 2006                       ","31,256.91","57.85%","Class A (Top 80%)"
"    27501-37A00K","وائرات بلاكات سوناتا + سنتافي 6 بستون 2.7 كور","31,239.58","57.89%","Class A (Top 80%)"
"    86511-3X700C","صدام امامي النتراء 14/16                     ","31,196.72","57.92%","Class A (Top 80%)"
"    25100-23022K","بمب ماء توسان ماتركس 2.0 + 1.8 النترا        ","31,148.44","57.96%","Class A (Top 80%)"
"    87721-1E000C","فيبر باب امامي يسار اكسنت                    ","31,124.66","57.99%","Class A (Top 80%)"
"    25350-1E050C","اطار مروحة ماء اكسنت مروحة واحدة كامل 06/10  ","31,116.14","58.03%","Class A (Top 80%)"
"    21810-2P100K","كرسي مكينة يمين سنتافي حجم 3.5 10/13         ","31,017.02","58.07%","Class A (Top 80%)"
"    39210-23950C","حساس شكمان تحت النتراء توسان  حجم 2.0   2008 ","30,988.34","58.10%","Class A (Top 80%)"
" 58101-3SA20GOLD","كنويسات امامي توسان خليجي 2S\IM\3S","30,986.10","58.14%","Class A (Top 80%)"
"  000-CR-200-GTS","بخاخ كربيتر G.T.S                            ","30,975.50","58.17%","Class A (Top 80%)"
"  29110-2S000TAI","بطانة تحت المكينة توسان 11\16  مع فتحة الزيت ","30,912.79","58.21%","Class A (Top 80%)"
"58101-3SA20FUJIT","كنويسات امامي سوناتا غاز توسان خليجي 2S\IM\3S","30,907.26","58.24%","Class A (Top 80%)"
"    54500-1E000K","مقص امامي يسار اكسنت 06/11 كوري              ","30,900.00","58.28%","Class A (Top 80%)"
"25310-1E000ALKHL","رديتر ماء اكسنت 06/10 تماتيك ( 21044)        ","30,822.03","58.31%","Class A (Top 80%)"
"    25460-37101M","ماصورة ماء سنتافي سوناتا حجم 2.7 وكالة       ","30,794.35","58.35%","Class A (Top 80%)"
"    82620-1E100C","يد باب داخلي اكسنت يمين 2006/2011            ","30,738.02","58.39%","Class A (Top 80%)"
"     83830-1E000","مثلث فريم باب خلفي اكسنت 06/10 يسار          ","30,699.72","58.42%","Class A (Top 80%)"
"    22441-22613K","باكن كور والات اكسنت 2002 حجم 12 وال         ","30,693.07","58.46%","Class A (Top 80%)"
"    86511-2E040C","صدام امامي توسان 04/09                       ","30,692.27","58.49%","Class A (Top 80%)"
" 27310-22600-1-4","كويل مفرد اكسنت  00/05 1+4                   ","30,667.01","58.53%","Class A (Top 80%)"
"  37300-37200MAL","دينمة تعبئة سوناتا 6 بستم 01/05 + توسان      ","30,622.70","58.56%","Class A (Top 80%)"
"25281-27060FALCN","شداد دينمة اكسنت + توسان + سنتافي ديزل 00    ","30,513.40","58.60%","Class A (Top 80%)"
"    86511-2K000C","صدام امامي كيا سول 2010                      ","30,500.00","58.63%","Class A (Top 80%)"
"    31010-24000K","غطاء بترول هونداي عام                        ","30,497.52","58.67%","Class A (Top 80%)"
"   23040-26120TP","رنجات جتز اكسنت ماتركس النتراءحجم1ز6 (-42030)","30,491.92","58.70%","Class A (Top 80%)"
"    86812-1Y000C","غلاف بنكة امامي يمين كيا بيكانتو 12/15       ","30,483.98","58.74%","Class A (Top 80%)"
"    87610-3X120C","مرايه النترا 2012/2015 كهرباء بدون فليشر     ","30,480.00","58.77%","Class A (Top 80%)"
"    54551-2B000K","بوشة مقص سنتافيا 08/14 4H\2B                 ","30,436.57","58.81%","Class A (Top 80%)"
"    55330-2D100C","اسبرنج خلفي النتراء 00/05                    ","30,334.21","58.84%","Class A (Top 80%)"
"    58510-2T100C","علبة بريك فوق كيا اوبتيما 2012 K5            ","30,312.06","58.88%","Class A (Top 80%)"
"     21930-3K100","كرسي مكينة خلفي سوناتا 07/11                 ","30,275.00","58.91%","Class A (Top 80%)"
"    29110-2W800C","بطانة تحت المكينة سنتافي 12/18 6 بستون       ","30,265.55","58.95%","Class A (Top 80%)"
"    25212-26021K","بطة دينمة اكسنت  4PK845 حجم 1.6              ","30,232.73","58.98%","Class A (Top 80%)"
"    000-W-EC-501","ماء تانكي ابرو اخضر                          ","30,214.03","59.02%","Class A (Top 80%)"
"  21810-C1020QPA","كرسي مكينة يمين سوناتا 15/19                 ","30,189.17","59.05%","Class A (Top 80%)"
"     21020-27900","براصات ثابت سنتاففي توسان STD                ","30,169.76","59.09%","Class A (Top 80%)"
"     26300-35505","فلتر زيت هيونداي عام اصلي                    ","30,162.06","59.12%","Class A (Top 80%)"
"    58305-1GA00C","كنويسات هلال اكسنت + ريو 06/10               ","30,142.20","59.16%","Class A (Top 80%)"
"    39210-02950C","حساس شكمان تحت كيا بيكانتو 07/10             ","29,985.87","59.19%","Class A (Top 80%)"
"    31112-3X500C","فلتر بترول النترا 11/15 امريكي               ","29,979.99","59.22%","Class A (Top 80%)"
"    86350-A4010C","شبك امامي كيا كارنس 12/15                    ","29,900.00","59.26%","Class A (Top 80%)"
"    26410-2G001M","مبرد زيت توسان سنتافي خليجي 2016             ","29,882.13","59.29%","Class A (Top 80%)"
"    42700-39055M","مشط اسبيت اتوماتيك سوناتا + النتراء 2004     ","29,859.96","59.33%","Class A (Top 80%)"
"  86610-2H000KSA","صدام خلفي النتراء 07/09                      ","29,725.00","59.36%","Class A (Top 80%)"
"    54430-3K000K","جوزة مقص فوق سوناتا 07/11                    ","29,725.00","59.40%","Class A (Top 80%)"
"    81230-2T001C","قفل خانة اوبتيما K5 11/14                    ","29,724.34","59.43%","Class A (Top 80%)"
"    86511-2E000C","صدام امامي توسان 2003 وبعد                   ","29,683.62","59.46%","Class A (Top 80%)"
"    25310-07550K","تانكي ماء بيكانو 09/10 HANON                 ","29,682.26","59.50%","Class A (Top 80%)"
"  55311-3K020MGB","مساعد خلفي سوناتا 2006                       ","29,658.97","59.53%","Class A (Top 80%)"
"    58411-3S000C","هوب خلفي سوناتا 10/14                        ","29,643.19","59.57%","Class A (Top 80%)"
"  92101-B2270TAI","كشافة امامي كيا سول 2014 اصفر يسار تايواني   ","29,635.65","59.60%","Class A (Top 80%)"
"    24312-22613K","بطة تيمت اكسنت 99/05  كوري  110 سن           ","29,633.80","59.63%","Class A (Top 80%)"
"  54661-2S100BSF","مساعد امامي يمين توسان 12/14 كوري            ","29,610.00","59.67%","Class A (Top 80%)"
"    39250-2G100M","حساس منفول سنتافي توسان سوناتا               ","29,599.08","59.70%","Class A (Top 80%)"
"    22441-23762M","باكن كور والات توسان النترا سوناتا غاز       ","29,598.07","59.74%","Class A (Top 80%)"
"    93490-2H300C","شريط ارباج النتراء (2H100 )+ (1G350)         ","29,561.33","59.77%","Class A (Top 80%)"
"  54660-B2030MGB","مساعد امامي كيا سول 14/17                    ","29,494.58","59.84%","Class A (Top 80%)"
"  54650-B2030MGB","مساعد امامي كيا سول 14/17                    ","29,494.58","59.84%","Class A (Top 80%)"
"     86583-1R000","عظمة تحت الكشافة اكسنت يسار 11/16            ","29,450.00","59.87%","Class A (Top 80%)"
"    86811-2H000C","بطانة كفر امامي النترا 2007-2011 يسار        ","29,429.00","59.91%","Class A (Top 80%)"
"    92102-S1000C","كشافة امامي سنتافي 2019                      ","29,382.88","59.94%","Class A (Top 80%)"
"    21810-2E000C","كرسي مكينة يمين توسان                        ","29,348.65","59.97%","Class A (Top 80%)"
"    21810-2P000K","كرسي مكينة يمين سنتافي 10/12 حجم 2.4         ","29,327.37","60.01%","Class A (Top 80%)"
"     41100-23136","كلتش اكسنت 12/15                             ","29,252.54","60.04%","Class A (Top 80%)"
"    23124-2G600M","كوب كرين توسان سوناتا لوتشي 2012             ","29,204.97","60.08%","Class A (Top 80%)"
"54661-2S000TRSTY","مساعد امامي توسان 10/14 ترستي                ","29,120.00","60.11%","Class A (Top 80%)"
"000-20W50ACDE-FR","20W50 كميات مجانية                           ","29,102.68","60.14%","Class A (Top 80%)"
"  54551-2E000CTR","بوشة مقص 2S\3R\2H\2W\2E\A4                   ","29,087.50","60.18%","Class A (Top 80%)"
"  54661-2E500JTE","مساعد امامي توسان + سبورتاج 03/09 يمين       ","29,057.43","60.24%","Class A (Top 80%)"
"  54651-2E500JTE","مساعد امامي توسان + سبورتاج 03/09 يسار       ","29,057.43","60.24%","Class A (Top 80%)"
"    57100-2P350C","علبة سكان فوق سنتافي 10/12                   ","29,035.73","60.28%","Class A (Top 80%)"
" 54650-1E200TRSY","مساعد امامي اكسنت 2006 تجاري يسار            ","29,000.00","60.31%","Class A (Top 80%)"
"    45280-26100M","كرتير جربكس موبيس                            ","28,999.04","60.34%","Class A (Top 80%)"
"00-G-70-31414-1C","شلك باكن فيكتور باكت ازرق                    ","28,977.50","60.38%","Class A (Top 80%)"
"    54584-3X000K","بوشة مقص كبير النترا 11/14 3X\0X\            ","28,968.89","60.41%","Class A (Top 80%)"
"    55256-3R000K","بوشة عمود ابو مشرعة خلفي K5+ سنتافي(55253-2W)","28,952.00","60.44%","Class A (Top 80%)"
"     18814-93385","بلاكات NGK عام ازرق                          ","28,931.32","60.48%","Class A (Top 80%)"
"    35150-23700C","حساس منظم الهواء IDEL النتراء00/10 + توسان 4 ","28,919.12","60.51%","Class A (Top 80%)"
"    41605-2H000K","علبة كليتش فوق النتراء 2007                  ","28,915.73","60.54%","Class A (Top 80%)"
"    93410-1G000M","يد اشارة اكسنت + بيكانتو+ ريو 06/11          ","28,901.49","60.58%","Class A (Top 80%)"
"    24322-25000M","سلسلة بمب الزيت سوناتا H1 توسان  حجم 2.0+2.4 ","28,898.26","60.61%","Class A (Top 80%)"
" 97606-2E000GOLD","لديتر مكيف  توسان 06/09                      ","28,875.00","60.64%","Class A (Top 80%)"
"    51750-3J000C","فلنشة هوبس امامي  سنتافي + فيراكروز 07/10    ","28,870.00","60.68%","Class A (Top 80%)"
"    58330-FD100K","برمة بريك خلفي  ريو 00/05                    ","28,847.81","60.71%","Class A (Top 80%)"
"    25380-1E000C","مروحة تانكي ماء الصغير اكسنت 2006            ","28,807.92","60.74%","Class A (Top 80%)"
"    51720-3A200C","بيرنج هبس سوناتا + تراجيت + ازيرا 06/13      ","28,800.00","60.77%","Class A (Top 80%)"
"    21350-26002M","غطاء بطة تيمت تحت اكسنت  حجم 1.6             ","28,790.05","60.81%","Class A (Top 80%)"
"97834-29010+BOLT","مكرة مع الميزانية مكيف اكسنت 00/10 + النتراء ","28,770.08","60.84%","Class A (Top 80%)"
"    86630-3X000C","جسر خلفي النتراءى 11/15                      ","28,765.75","60.87%","Class A (Top 80%)"
"    25431-1G000M","دبة ماء  راجع اكسنت 06/10                    ","28,681.52","60.91%","Class A (Top 80%)"
"    86611-07500C","صدام خلفي كيا بيكانتو 2008                   ","28,604.82","60.94%","Class A (Top 80%)"
"    27501-22B10K","وائرات بلاكات اكسنت بخاخ كوري                ","28,578.00","60.97%","Class A (Top 80%)"
"    58305-25A00C","كنويسات هلال خلفي اكسنت00/02 هلال تجاري      ","28,550.00","61.01%","Class A (Top 80%)"
"    21830-1G000K","كرسي مكينة يسار اكسنت 06/11 كوري             ","28,545.99","61.04%","Class A (Top 80%)"
"    51760-3K000K","جوزة مقص امامي تحت سوناتا 06/10              ","28,541.67","61.07%","Class A (Top 80%)"
"    54530-0U000K","جوزة مقص تحت اكسنت  + النتراء 2011 كوري      ","28,508.77","61.10%","Class A (Top 80%)"
"     87620-1E500","مراية فيرنا 06/10 كهرباء توماتيك             ","28,464.00","61.14%","Class A (Top 80%)"
"    21810-1G000C","كرسي مكينة يمين اكسنت 2006/2011              ","28,460.05","61.17%","Class A (Top 80%)"
"    21810-3K000C","كرسي مكينة يمين سوناتا 07/11 4 بستم          ","28,423.00","61.20%","Class A (Top 80%)"
"    87742-2E000C","فيبر بنكة خلفي يمين توسان                    ","28,404.89","61.23%","Class A (Top 80%)"
"    87722-1E000C","فيبر باب امامي يمين اكسنت                    ","28,398.70","61.27%","Class A (Top 80%)"
"  54661-2T020MGB","مساعد امامي سوناتا 2011 يمين                 ","28,329.75","61.30%","Class A (Top 80%)"
"  25310-2E700TAI","رديتر ماء توسان ديزل تايواني                 ","28,304.50","61.33%","Class A (Top 80%)"
"  55310-2W300MTE","مساعد خلفي سنتافي 11/16                      ","28,240.00","61.37%","Class A (Top 80%)"
"    86561-2S000C","شبك صدام تحت توسان 11/13                     ","28,240.00","61.40%","Class A (Top 80%)"
"      00000-LINK","مرابط منوع                                   ","28,218.47","61.43%","Class A (Top 80%)"
"    81420-2W000C","قفل باب خلفي يمين سنتافي 12/18               ","28,173.10","61.46%","Class A (Top 80%)"
"    22441-2E000M","باكن كور والات النترا حجم 1.8+2.0 11/15      ","28,156.47","61.50%","Class A (Top 80%)"
"  54661-2S000MGB","مساعد امامي توسان 10/14                      ","28,138.02","61.53%","Class A (Top 80%)"
" 24312-38020BSFT","بطة تيمت سنتافي سوناتا تراجيت حجم 2.0  00/06 ","28,100.00","61.56%","Class A (Top 80%)"
"    54650-2B200K","مساعد امامي سنتافي يسار                      ","28,095.00","61.59%","Class A (Top 80%)"
"    87752-B2000M","سمكة تحت الباب سول 14/16 يمين                ","28,091.01","61.66%","Class A (Top 80%)"
"    87751-B2000M","سمكة تحت الباب سول 14/16 يسار                ","28,091.01","61.66%","Class A (Top 80%)"
"    54830-2H000C","مسمار توازن توسان+النترا 2H\2G\2E L+R        ","28,056.15","61.69%","Class A (Top 80%)"
"  54651-2S000MGB","مساعد امامي توسان 10/14                      ","28,013.66","61.72%","Class A (Top 80%)"
"  54650-2B540MGB","مساعد امامي سنتافي 2010 يسار تجاري           ","27,967.28","61.75%","Class A (Top 80%)"
" 27302-2S000DNSO","ربلة كويل هونداي + تويوتا  هيلوكس            ","27,964.50","61.79%","Class A (Top 80%)"
"  66400-3X000TAI","كور النتراء 11/15                            ","27,937.58","61.82%","Class A (Top 80%)"
"    22212-23600K","والات نار النترا كوري                        ","27,900.00","61.85%","Class A (Top 80%)"
" 31111-25000WINA","بمب بترول عام                                ","27,898.15","61.88%","Class A (Top 80%)"
"    92102-2K030C","كشافة امامي كيا سول ابيض 10/13               ","27,888.12","61.91%","Class A (Top 80%)"
"    64101-3K000C","واجهة سوناتا 05/08 تجاري                     ","27,865.00","61.95%","Class A (Top 80%)"
"    29110-2W000C","بطانة تحت المكينة سنتافي 13/16               ","27,832.86","61.98%","Class A (Top 80%)"
"    27301-2B010C","كويل مفرد النترا 07/09 حجم 1.6+ اكسنت 2012   ","27,780.94","62.01%","Class A (Top 80%)"
" 27310-22600-2-3","كويل مفرد اكسنت  00/05 2+3                   ","27,745.76","62.04%","Class A (Top 80%)"
"    57231-29100K","سير سكان اكسنت+النترا+ماتركس مدرج 00\10      ","27,714.61","62.07%","Class A (Top 80%)"
"     39180-26900","حساس كرين اكسنت 08/13                        ","27,661.36","62.11%","Class A (Top 80%)"
"    28113-3S100K","فلتر هواء سوناتا 2011/2014 (2P100=3S100)     ","27,660.00","62.14%","Class A (Top 80%)"
"   21020-23911DS","براصات ثابت النتراء   2004 مقاس  STD       ","27,620.00","62.17%","Class A (Top 80%)"
"    21510-25001M","كور زيت مكينة تحت سوناتا + توسان الصغير      ","27,562.47","62.20%","Class A (Top 80%)"
"    41605-2E005K","علبة كليتش فوق توسان 04/09                   ","27,476.82","62.23%","Class A (Top 80%)"
"    39210-22610C","حساس شكمان فوق  اكسنت  النتراء جتز 1.6   00/0","27,471.33","62.26%","Class A (Top 80%)"
"    57724-3K000K","دومة سوناتا 2006+ ازيراء                     ","27,444.63","62.30%","Class A (Top 80%)"
"   23040-26907TP","شنبر مكينة  حجم 1.6 اكسنت 2006 ( 42038) مقاس ","27,407.36","62.33%","Class A (Top 80%)"
"    27301-3F100C","كويل مفرد ازيرا+كرنفال  سوناتا توسان         ","27,407.28","62.36%","Class A (Top 80%)"
"    22311-03445M","باكن راس مكينة حجم 1.4 اكسنت 2014 حديد       ","27,400.00","62.39%","Class A (Top 80%)"
"    92302-4A500C","اسطب ركن امامي يمين باص H1 99/03             ","27,350.00","62.42%","Class A (Top 80%)"
"    86511-2W000C","صدام امامي توسان 2012                        ","27,346.72","62.45%","Class A (Top 80%)"
"    28140-2P200M","لي ايرماص سنتافي 10/12                       ","27,331.24","62.48%","Class A (Top 80%)"
"    86513-2H000C","عظمة صدام امامي النترا 2007-2011 يسار        ","27,255.50","62.52%","Class A (Top 80%)"
"    25380-1C050C","مروحة تانكي ماء جتز 2006 QPA                 ","27,181.87","62.55%","Class A (Top 80%)"
"    93110-3S000C","ضفيرة سويس سوناتا 3S\2S\3X\I10\I20\I30\I40+جن","27,104.40","62.58%","Class A (Top 80%)"
"    21020-2G110M","براصات ثابت سوناتا سنتافي حجم 2.4 10/14 STD  ","27,103.12","62.61%","Class A (Top 80%)"
"    55510-2S000C","عمود توازن خلفي 2WD توسان 12/15              ","27,070.68","62.64%","Class A (Top 80%)"
"  54651-2T020MGB","مساعد امامي سوناتا 2011 يسار                 ","26,983.35","62.67%","Class A (Top 80%)"
"    86350-3W050C","شبك امامي فوق كيا سبورتاج  نيكل 12/14        ","26,980.00","62.70%","Class A (Top 80%)"
"    92101-1M010C","كشافة امامي سيراتو 09/11                     ","26,960.22","62.76%","Class A (Top 80%)"
"    92102-1M010C","كشافة امامي سيراتو 09/11                     ","26,960.22","62.76%","Class A (Top 80%)"
"    25620-25002C","قاعدة كوع ماء سوناتا 2006                    ","26,939.90","62.80%","Class A (Top 80%)"
"    21930-2B600K","كرسي مكينة خلفي  سنتافي  + فيراكروز  2007    ","26,936.15","62.83%","Class A (Top 80%)"
"    18817-11051C","بلاكات بلاتين نحيف ابو نجوم                  ","26,925.06","62.86%","Class A (Top 80%)"
"    92410-1G010C","زجاج اسطب خلفي  كيا ريو 06/10                ","26,826.31","62.89%","Class A (Top 80%)"
"    21910-1G050K","كرسي مكينة امامي اكسنت 06/11 كوري            ","26,820.00","62.92%","Class A (Top 80%)"
"  00000-25-30-35","بيسة سليندر مقاس 35 + 25 + 30                ","26,761.33","62.95%","Class A (Top 80%)"
"     51750-1P000","فلنشة هوبس امامي النترا 12/15 اصلي           ","26,746.24","62.98%","Class A (Top 80%)"
"    93110-2D100M","ضفيرة سويس النترا 1C\2E\17\2B\26\2D 03/06    ","26,708.60","63.01%","Class A (Top 80%)"
"    98620-1R010M","دبة مساحات اكسنت 2012/2015 (98620-4L000)     ","26,707.90","63.04%","Class A (Top 80%)"
"     28111-2K300","غطاء هواية فلتر فوق كيا سول 2010             ","26,706.19","63.07%","Class A (Top 80%)"
"  86561-B2500TAI","شبك تحت خلية كيا سول 16/18 امامي             ","26,656.38","63.10%","Class A (Top 80%)"
"    21810-P2250M","كرسي مكينة يمين سنتافي 2022 حجم 3.5          ","26,605.18","63.13%","Class A (Top 80%)"
"    86350-3K000C","شبك امامي سوناتا 05/08 تجاري                 ","26,596.00","63.17%","Class A (Top 80%)"
"    25100-2E000K","بمب ماء النترا 2012/2015                     ","26,585.76","63.20%","Class A (Top 80%)"
"    21030-23100M","هلال كرين النتراء ماتركس حجم 2.0 STD         ","26,583.99","63.23%","Class A (Top 80%)"
"  54661-2D100MGB","مساعد امامي يمين النترا 01/05                ","26,557.90","63.29%","Class A (Top 80%)"
"  54651-2D100MGB","مساعد امامي يسار النترا + ماتركس 01/05       ","26,557.90","63.29%","Class A (Top 80%)"
"  54650-07100MGB","مساعد امامي كيا بيكانتو                      ","26,515.87","63.32%","Class A (Top 80%)"
" 0000-45*157*257","هزاز شكمان وسط شبك وتوصيلة                   ","26,512.94","63.35%","Class A (Top 80%)"
"     54813-3X500","ربلة مشرخ امامي النترا                ","26,508.00","63.38%","Class A (Top 80%)"
"     58302-3KA51","كنويسات خلفي توسان IF\3K\2H\2E\3L\2G\        ","26,500.00","63.41%","Class A (Top 80%)"
" 25310-1C350GOLD","رديتر ماء جتز 2007 توماتيك                   ","26,485.00","63.44%","Class A (Top 80%)"
"   000-CC-AGDLCO","بخاخ رغوة مقلد ايسي ديلكو السامي             ","26,465.24","63.47%","Class A (Top 80%)"
"    54584-2T000K","بوشة مقص2S\3S\2T\F2\4H                       ","26,413.54","63.50%","Class A (Top 80%)"
"    25212-23000K","بطة دينمة النترا BESFIT مكينه 2000 4PK875    ","26,346.00","63.53%","Class A (Top 80%)"
"    97730-1E000K","مروحة مكيف اكسنت 06/09                       ","26,340.00","63.56%","Class A (Top 80%)"
"    28910-3C200M","منظم هواء اكسنت سول  سنتافي توسان ازيرا      ","26,334.87","63.59%","Class A (Top 80%)"
"    86180-2K000M","عمود الكابة كيا سول 08/12 يمين               ","26,325.21","63.62%","Class A (Top 80%)"
"  56820-25000RBI"," جوزات يابني اصلي                            ","26,313.30","63.65%","Class A (Top 80%)"
"    21360-26002K","غطاء تيمت فوق  اكسنت 2005                    ","26,281.13","63.68%","Class A (Top 80%)"
"    25281-2A600K","شداد خارجي ريو + اكسنت ديزل 06/11            ","26,247.73","63.71%","Class A (Top 80%)"
"  58101-2SA70FRX","كنويسات امامي (58101-0Z)   / FBK25           ","26,189.00","63.74%","Class A (Top 80%)"
"25310-2B110ALKHL","رديتر ماء سنتافي 2006 تماتيك ( 21064 )       ","26,173.54","63.77%","Class A (Top 80%)"
"    21930-2P200C","كرسي مكينة خلفي شنتافي 2010 حجم 2.4/3.5      ","26,134.92","63.80%","Class A (Top 80%)"
"    49509-3KA10K","ربلة عكس داخلي سوناتا 06/09                  ","26,107.95","63.83%","Class A (Top 80%)"
"  97606-1G000JET","رديتر مكيف برايد 06/10                       ","26,087.39","63.86%","Class A (Top 80%)"
"    87620-1E030C","مراية أكسنت عادي 2006/2011                   ","26,070.00","63.89%","Class A (Top 80%)"
"     86514-2S000","عظمة صدام امامي يمين توسان 2012              ","26,061.29","63.92%","Class A (Top 80%)"
"    81130-3S000M","قفل كور سوناتا 11\15                         ","26,060.99","63.95%","Class A (Top 80%)"
"    58501-38A00K","اصلاح بريك فوق سوناتا كوري                   ","26,034.32","63.98%","Class A (Top 80%)"
"    25501-25000K","ربلة بيسة حرارة كوري عام                     ","26,021.12","64.01%","Class A (Top 80%)"
"    25620-2G510C","قاعدة كوع ماء سوناتا + سنتافي                ","25,998.47","64.04%","Class A (Top 80%)"
"    21930-2E300K","كرسي مكينة  خلفي توسان 04/09                 ","25,986.91","64.07%","Class A (Top 80%)"
"    25462-23000M","ربلة ماصورة ماء النترا + توسان               ","25,945.04","64.10%","Class A (Top 80%)"
"0-25*27MI-872ASU","راس عكس لوتشي + توسان 05/10 حساس 27*25       ","25,872.98","64.13%","Class A (Top 80%)"
"    54530-2K000K","جوزة مقص كيا سول +بيكانتو 2011               ","25,866.11","64.16%","Class A (Top 80%)"
"22311-23700C-MTL","باكن راس توسان  حجم 2.0 حديد                 ","25,840.00","64.19%","Class A (Top 80%)"
"    55253-2S000K","بوشة عمود توازن خلفي توسان 11/15             ","25,814.51","64.22%","Class A (Top 80%)"
"  66400-2H000TAI","كور النترا 06\10","25,750.97","64.25%","Class A (Top 80%)"
"41300-4D030VALIO","موسم دينا بينجو 2004 (33522)                 ","25,720.10","64.28%","Class A (Top 80%)"
"     16363-11020","دينمة مروحة كامري وكرلا                      ","25,700.00","64.31%","Class A (Top 80%)"
"    92102-2S550C","كشافة امامي توسان 14\15 عدسة اصفر            ","25,630.00","64.34%","Class A (Top 80%)"
"    97786-1E000K","دينمة مروحة مكيف اكسنت 06/10                 ","25,609.52","64.37%","Class A (Top 80%)"
"    92102-2G530C","كشافة كيا لوتشي 2009 لوتشي ابيض              ","25,596.78","64.40%","Class A (Top 80%)"
"41100-22720VALEO","كليتش  اكسنت + جتز                           ","25,593.80","64.43%","Class A (Top 80%)"
"  54660-1E200JTE","مساعد امامي اكسنت 2006 تجاري يمين            ","25,576.17","64.46%","Class A (Top 80%)"
"     46321-22731","فلتر جير بكس اكسنت+ماتركس 01/11 اصلي         ","25,500.00","64.49%","Class A (Top 80%)"
"    54830-2K000K","مسمار عمود توازن كيا  سول 10/13 يسار         ","25,461.04","64.52%","Class A (Top 80%)"
"  55311-2G400JTE","مساعد خلفي النترا +  كيا لتشي + اوبتيما 11/15","25,451.63","64.55%","Class A (Top 80%)"
"    87610-1Y400C","مراية كيا  بيكانتو 2012 بدون غماز            ","25,431.17","64.57%","Class A (Top 80%)"
"    31922-2B900C","فلتر ديزل توسان 05/09                        ","25,424.00","64.60%","Class A (Top 80%)"
"54650-4H050BESFT","مساعد امامي H1 يسار 2007/2016بيسفتس          ","25,420.00","64.63%","Class A (Top 80%)"
"    22441-26003K","باكن كور والات اكسنت 1.4 بدون سلبه           ","25,384.34","64.66%","Class A (Top 80%)"
"    87751-2S000M","سمكة تحت الباب توسان 14/10 يسار              ","25,358.37","64.69%","Class A (Top 80%)"
"    87610-1G800C","مراية كيا برايد 06/10 ابيض كهرباء            ","25,331.83","64.72%","Class A (Top 80%)"
"     39210-2E400","حساس شكمان فوق النترا 12/15 حجم 2.0          ","25,274.45","64.75%","Class A (Top 80%)"
" 31111-1R500K-DL","بمب بترول عام كوري اصلي DL                   ","25,261.47","64.78%","Class A (Top 80%)"
"    86811-1Y000C","بطانة كفر امامي كيا  بيكانتو 11/15           ","25,232.42","64.81%","Class A (Top 80%)"
" 97606-2K600GOLD","تانكي مكيف سول 11/13                         ","25,229.18","64.84%","Class A (Top 80%)"
"    86513-B2100M","صدام تحت امامي سول 14/16 ابو فتحة اسطب بدون ش","25,209.68","64.87%","Class A (Top 80%)"
"    93490-1R410C","شريط ايرباج اكسنت 11/15                      ","25,172.91","64.89%","Class A (Top 80%)"
"    21810-3S500K","كرسي مكينة يمين سوناتا + K5 اربعة مسامير     ","25,156.78","64.92%","Class A (Top 80%)"
"    23510-25230M","يد بستونات سوناتا ازيرا 07/13                ","25,152.47","64.95%","Class A (Top 80%)"
"    35310-02900C","بخاخ بنرول اتوز 00/16 + بيكانتو 1.1          ","25,137.05","64.98%","Class A (Top 80%)"
"    93410-2D110C","يد اشارة النتراء 04/06                       ","25,124.00","65.01%","Class A (Top 80%)"
" 25310-C2000GOLD","رديتر ماء   سوناتا عادي 14/18 2.4 امريكي كبس ","25,117.01","65.04%","Class A (Top 80%)"
"    35310-2B020C","بخاخ بترول النتراء 06/11 + توسان 04/09       ","25,107.91","65.07%","Class A (Top 80%)"
"    92102-1R050C","كشافه اماماي يمين اكسنت 12/15 اصفر           ","25,000.00","65.13%","Class A (Top 80%)"
"    56820-2S500K","مشرعة توسان 2010 يمين                        ","25,000.00","65.13%","Class A (Top 80%)"
"    92301-4A500C","اسطب ركن امامي يسار با H1 99/03              ","25,000.00","65.15%","Class A (Top 80%)"
"    49509-2HA00K","ربلة عكس داخلي النترا 06/10                  ","24,961.26","65.18%","Class A (Top 80%)"
"    86522-1E010C","شبك صدام تحت اكسنت 06/09                     ","24,933.51","65.21%","Class A (Top 80%)"
"    25441-26100M","غطاء دبة ماء راجع عام                        ","24,921.75","65.24%","Class A (Top 80%)"
" 000-WD-JHEZ-BIG","بخاخ ذحل جاهز كبير                           ","24,895.28","65.27%","Class A (Top 80%)"
"  55305-26200MGB","مساعد خلفي سنتافي 2002 يمين + يسار تجاري     ","24,882.41","65.30%","Class A (Top 80%)"
"    25281-2A100K","شداد خارجي ريو + اكسنت ديزل توسان كامل عام06/","24,859.78","65.33%","Class A (Top 80%)"
"    39210-26620C","حساس شكمان تحت اكسنت 06/10                   ","24,812.42","65.36%","Class A (Top 80%)"
"    39180-3E100C","حساس كرين توسان 07/10                        ","24,800.00","65.38%","Class A (Top 80%)"
"      00-G-HE-52","لحام بارد ابو 2 صغير 20 جرام المقبلي         ","24,680.76","65.41%","Class A (Top 80%)"
"  55310-1C200MGB","مساعد خلفي  جتز 2002                         ","24,668.68","65.44%","Class A (Top 80%)"
"    28210-1Y200M","لي هواية كيا بيكانتو 11/15                   ","24,664.88","65.47%","Class A (Top 80%)"
"    21930-2B500K","كرسي مكينة خلفي سنتافي 2007                  ","24,635.57","65.50%","Class A (Top 80%)"
"    54500-2D000C","مقص امامي يسار النتراء 00/06 يسار            ","24,585.72","65.53%","Class A (Top 80%)"
"    57724-2D000K","دومة النترا 06 كوري                          ","24,568.24","65.55%","Class A (Top 80%)"
"    86812-3X000C","بطانة كفر امامي النتراء 2001 يمين            ","24,547.49","65.58%","Class A (Top 80%)"
"    25212-2G760C","بطة دينمة 6pk 2125                           ","24,535.00","65.61%","Class A (Top 80%)"
"     28212-2H000","لي هواء فوق الواجهة النتراء 07/10            ","24,528.70","65.64%","Class A (Top 80%)"
"     24312-27000","بطة تيمت توسان ديزل 123RU28                  ","24,528.62","65.67%","Class A (Top 80%)"
"  66321-1R350TAI","بنكة اكسنت 11/13 يمين تايواني                ","24,527.80","65.69%","Class A (Top 80%)"
"  92202-B2020TAI","كشافة ضباب سول 14/17 تايواني                 ","24,507.96","65.72%","Class A (Top 80%)"
"  000-CR-بن غانم","بخاخ كربيتر                                  ","24,500.00","65.75%","Class A (Top 80%)"
"    28139-37130C","لي هواء سنتافي + سوناتا 00/06 2.4            ","24,492.06","65.78%","Class A (Top 80%)"
"    21930-1G000K","كرسي مكينه خلفي اكسنت 2006/2011 هاي كيو      ","24,488.00","65.81%","Class A (Top 80%)"
"    92202-2B500C","كشافة ضباب سنتافي 09/11                      ","24,484.36","65.84%","Class A (Top 80%)"
"  82620-2H000C-N","يد باب داخلي النتراء نيكل 07/10 يمين         ","24,444.00","65.86%","Class A (Top 80%)"
"    39180-25300K","حساس كرين كيا لوتشي 07/15 + سوناتا +سنتافي 2.","24,419.53","65.89%","Class A (Top 80%)"
"    58302-2SA70K","كنويسات خلفي توسان 2SA70\3SA70\1G اكسنت وسونا","24,402.20","65.92%","Class A (Top 80%)"
"    86552-2S000M","عظمة تحت الكشافة توسان يمين القصير           ","24,401.73","65.95%","Class A (Top 80%)"
"    93490-3S010C","شريط ايرباج اكسنت سوناتا + النترا12/15       ","24,368.14","65.98%","Class A (Top 80%)"
"    25100-23002K","بمب ماء توسان ماتركس 2.0 + 1.8 النترا        ","24,355.29","66.00%","Class A (Top 80%)"
"    25329-1P100C","قسام ماء النترا                              ","24,351.00","66.03%","Class A (Top 80%)"
"    58305-3SA30M","كنويسات هلال خلفي سوناتا 2013                ","24,315.00","66.06%","Class A (Top 80%)"
"  54661-2T450MGB",".مساعد امامي سوناتا + اوبتيما K5 11/15       ","24,288.77","66.09%","Class A (Top 80%)"
"    54610-1G550K","كرسي مساعد امامي اكسنت +ريو+برايد 07\09      ","24,250.00","66.12%","Class A (Top 80%)"
"    92120-2D510C","زجاج كشافه امامي يمين النتراء 04/06          ","24,227.42","66.14%","Class A (Top 80%)"
"    54443-38000K","بوشة مقص فوق سوناتا 00/05                    ","24,222.80","66.17%","Class A (Top 80%)"
"    93490-3R310C","شريط ايرباج سوناتا                           ","24,220.21","66.20%","Class A (Top 80%)"
"    92102-1G630C","كشافة كيا ريو 2010 مكحل ابيض يمين            ","24,198.99","66.23%","Class A (Top 80%)"
"    25329-2K000C","قسام ماء مع القاعدة كيا سول 09/10            ","24,176.13","66.26%","Class A (Top 80%)"
"     41421-39275","فحمة كليتش سوناتا+اوبتماء اصلي               ","24,125.00","66.28%","Class A (Top 80%)"
"     22443-27001","لمدة فتحت النوزلات ديزل سنتافي + توسان       ","24,097.28","66.31%","Class A (Top 80%)"
"    39180-25300M","حساس كرين كيا لوتشي 07/15 + سوناتا +سنتافي 2.","24,018.56","66.34%","Class A (Top 80%)"
"    92402-2B520C","اسطب خلفي سنتافي 10/12 يمين                  ","24,013.78","66.37%","Class A (Top 80%)"
"     22115-33911","خوص والات نار سوناتا 2.4 97 - 2004 وكالة     ","23,988.48","66.39%","Class A (Top 80%)"
"     86613-2B700","عظمة صدام خلفي فوق سنتافي 10/12              ","23,949.89","66.42%","Class A (Top 80%)"
"     22441-2B000","باكن كور والات النترا 06/07 اكسنت 11/15 حجم 1","23,939.48","66.45%","Class A (Top 80%)"
"    93580-1E000C","زرار مفرد  اكسنت 06/10                       ","23,910.00","66.48%","Class A (Top 80%)"
"    29110-2S000C","بطانة تحت المكينة توسان  12/15               ","23,897.86","66.50%","Class A (Top 80%)"
"    81161-B2000C","مساعد كور كيا سول 14/18                      ","23,862.75","66.53%","Class A (Top 80%)"
"    86690-2S000C","صدام خلفي تحت توسان 11/13                    ","23,836.45","66.56%","Class A (Top 80%)"
"    93490-3S110K","شريط ايرباج سوناتا + النترا12/15             ","23,778.71","66.59%","Class A (Top 80%)"
"     52116-02270","عظمة تويوتا L+R                              ","23,745.12","66.61%","Class A (Top 80%)"
"    25100-25100K","بمب ماء سوناتا+اوبتماء حجم 2.0               ","23,740.00","66.64%","Class A (Top 80%)"
"    58510-2B300C","علبة بريك فوق سنتافي 2007 APS                ","23,709.73","66.67%","Class A (Top 80%)"
"    39210-23710K","حساس شكمان النتراء توسان  2008               ","23,700.00","66.70%","Class A (Top 80%)"
"    92102-2H000C","شمعة النترا 2007-2011 يمين                   ","23,699.22","66.72%","Class A (Top 80%)"
"    55330-2E200C","اسبرنج مساعد خلفي توسان 05/09 JTE            ","23,587.36","66.75%","Class A (Top 80%)"
"     25330-02000","غطاء تانكي ماء 0.9 هيونداي عام اصلي          ","23,525.42","66.78%","Class A (Top 80%)"
"    28164-37200K","ايرماص هواية حجم 2.7 سنتافي + توسان 2005 6 بس","23,484.24","66.80%","Class A (Top 80%)"
"     86351-17400","شبك امامي فوق ماتركس 2006 وكالة              ","23,440.00","66.83%","Class A (Top 80%)"
"    35150-33010K","حساس منظم الهواء IDEL سوناتا + سنتافي 00/06  ","23,415.94","66.86%","Class A (Top 80%)"
"    28110-1R000C","قربة فلتر هواء اكسنت 2012                    ","23,411.65","66.88%","Class A (Top 80%)"
"  54660-1E200NMK","مساعد امامي يمين اكسنت 2006 تجاري            ","23,362.47","66.91%","Class A (Top 80%)"
"    97133-2B005C","فلتر مكيف سنتافي 2007                        ","23,336.56","66.94%","Class A (Top 80%)"
"    49506-38J00K","ربلة عكس داخلي                               ","23,329.60","66.96%","Class A (Top 80%)"
"    21352-3C700M","لمدة تيمت سوناتا + سنتافي 2007               ","23,326.23","66.99%","Class A (Top 80%)"
"    57740-2W000K","ربلة دومة سنتافي 12/15                       ","23,305.69","67.02%","Class A (Top 80%)"
"    23355-38010M","صفيحة تيمت سوناتا حجم 2.4                    ","23,290.25","67.05%","Class A (Top 80%)"
"    93490-4Z120C","شريط ايرباج  سنتافي 12/15                    ","23,289.44","67.07%","Class A (Top 80%)"
"    54584-C5000M","بوشة مقص(2T/3S/2S/4H)                        ","23,287.27","67.10%","Class A (Top 80%)"
"    92402-1M000C","اسطب خلفي سيراتو 09/11                       ","23,263.08","67.13%","Class A (Top 80%)"
"    87160-2E000C","مفصلة فريم باب خانه يمين توسان 05/09         ","23,189.66","67.15%","Class A (Top 80%)"
"    21910-2B200C","كرسي مكينة امامي سنتافي 2010                 ","23,189.11","67.18%","Class A (Top 80%)"
"    54530-B2100K","جوزة مقص تحت امامي  كيا سول 12/15            ","23,184.61","67.21%","Class A (Top 80%)"
"54651-2S000TRSTY","مساعد امامي توسان 10/14 ترستي                ","23,120.00","67.23%","Class A (Top 80%)"
"    28210-2D001C","دبة صوت النترا 00/05                         ","23,110.00","67.26%","Class A (Top 80%)"
"    93490-1W110C","شريط ايرباج ريو 12/16 (1W120)                ","23,108.98","67.29%","Class A (Top 80%)"
"      31111-6970","بمب بترول كانشة صغير دنسو DENSO              ","23,065.39","67.31%","Class A (Top 80%)"
"    36120-03601K","دقمة سلف اكسنت 12/15                         ","23,053.81","67.34%","Class A (Top 80%)"
"    25329-3X600C","قسام ماء النترا 12/15                        ","23,051.40","67.37%","Class A (Top 80%)"
"    25429-4A000C","دبة ماء راجع باص H1 99/02                    ","23,050.00","67.39%","Class A (Top 80%)"
"    58305-1YA00K","كنويسات خلفي هلال كيا بيكانتو 2013           ","23,000.00","67.42%","Class A (Top 80%)"
"    92102-2H010C","شمعة النترا 2007-2011 يمين ابيض              ","22,981.49","67.44%","Class A (Top 80%)"
"     92800-1E000","سراج سقف وسط داخلي اكسنت 2007 رصاصي          ","22,967.99","67.47%","Class A (Top 80%)"
"  25310-2H050MTE","رديتر ماء النتراء 06/11 تماتيك               ","22,918.66","67.50%","Class A (Top 80%)"
"    86513-2T000C","عظمة صدام امامي اوبتيما K5 12/15             ","22,916.00","67.52%","Class A (Top 80%)"
"    93490-2B200C","شريط ايرباج سنتافي  07/11 (2G400)            ","22,788.37","67.55%","Class A (Top 80%)"
"     56521-2H000","بوشة مشط النتراء امريكي                      ","22,782.30","67.58%","Class A (Top 80%)"
"    21950-3X000K"," كرسي مكينه النترا 2011+                     ","22,754.00","67.60%","Class A (Top 80%)"
"    92401-2G600C","اسطب خلفي  كيا لوتشي 2009                    ","22,752.00","67.63%","Class A (Top 80%)"
"   97606-1E000AB","لديتر مكيف اكسنت 06/11                       ","22,739.29","67.65%","Class A (Top 80%)"
"    56900-2E500C","غطاء سكان توسان 07/10                        ","22,702.36","67.68%","Class A (Top 80%)"
"    21910-26200K","كرسي مكينة امامي سنتافي بترول + ديزل         ","22,691.65","67.71%","Class A (Top 80%)"
"    39180-37150C","حساس كرين سنتافي + توسان + سوناتا 6 بستم     ","22,688.36","67.73%","Class A (Top 80%)"
"    56820-2B900K","مشرعة سنتافي 2007 يمين                       ","22,667.43","67.76%","Class A (Top 80%)"
"    49509-2G500K","ربلة عكس داخليكيا لوتشي + سول                ","22,651.74","67.79%","Class A (Top 80%)"
"     41421-22810","فحمة كليتش اكسنت 06/11                       ","22,648.00","67.81%","Class A (Top 80%)"
"    57100-2E100K","علبة سكان توسان فوق حجم 2.7                  ","22,637.73","67.84%","Class A (Top 80%)"
"0-30*36MI921AJTE","صبرة عكس سنتافي 30*36*73*52 ABS              ","22,576.80","67.86%","Class A (Top 80%)"
"25380-1Y100HANON","مروحة كامل كيا بيكانتو + مورننج 10/14 كوري   ","22,571.44","67.89%","Class A (Top 80%)"
"    20910-3CG00K","بدلة باكنات سنتافي حجم 3.5  2011             ","22,496.60","67.91%","Class A (Top 80%)"
"    62800-2W000C","ونش استيبني سنتافي 12/15                     ","22,478.43","67.94%","Class A (Top 80%)"
"    58302-2EA00K","كنويسات خلفي توسان IF\3K\2H\2E\3L\2G\        ","22,457.72","67.97%","Class A (Top 80%)"
"    22441-2E000K","باكن كور والات النترا حجم 1.8+2.0 11/15      ","22,454.41","67.99%","Class A (Top 80%)"
"    98620-2H000C","دبة مساحات النترا 2007/2011                  ","22,437.00","68.02%","Class A (Top 80%)"
"0-23*25HY810A-NM","صبرة عكس النترا 00/15 23*25 ABS              ","22,415.00","68.04%","Class A (Top 80%)"
"  000-20W50XENOL","زيت اكسينول ثقيل موديل قديم                  ","22,412.08","68.07%","Class A (Top 80%)"
" 97606-D7500GOLD","رديتر مكيف توسان 2017 مش توربو نفس D3500     ","22,401.97","68.10%","Class A (Top 80%)"
"    86350-2W000C","شبك امامي سنتافي 12/16                       ","22,400.98","68.12%","Class A (Top 80%)"
"    37370-27011C","كتف دينمة داخلي توسان + سنتافي ديزل          ","22,375.14","68.15%","Class A (Top 80%)"
"     86553-B2000","عظمة صدام امامي كيا سول 14/18 يسار           ","22,371.19","68.17%","Class A (Top 80%)"
"    25414-38040K","لي ماء فوق سوناتا حجم 2.0  00/05","22,355.76","68.20%","Class A (Top 80%)"
"97139-A5000HANON","ثلاجة مكيف النترا 13/16 امريكي + سيراتو      ","22,325.39","68.22%","Class A (Top 80%)"
"    86610-C1000C","صدام خلفي سوناتا 16/19                       ","22,317.25","68.25%","Class A (Top 80%)"
"    21810-2H100K","كرسي مكينه يمين النترا 2007( 0-Q)            ","22,280.00","68.28%","Class A (Top 80%)"
"58101-2TA00FUJTA","كنويسات امامي اوبتيما  K5 \ST\3Q   4 بستم 2P ","22,271.42","68.30%","Class A (Top 80%)"
"  66310-0W020TAI","بنكة امامي سنتافي يسار 07/12                 ","22,228.30","68.33%","Class A (Top 80%)"
"    86812-07000C","بطانة فوق التاير كيا بيكانتو + مورننج 07/11  ","22,197.38","68.35%","Class A (Top 80%)"
"    21930-2P500K","كرسي مكينة خلفي شنتافي 2010 حجم 2.4/3.5      ","22,192.92","68.38%","Class A (Top 80%)"
"    58510-07300C","علبة بريك فوق بيكانتو 08/11 ABS              ","22,155.51","68.40%","Class A (Top 80%)"
"    39210-2G170C","حساس شكمان كيا لوتشي                         ","22,125.99","68.43%","Class A (Top 80%)"
"  58305-FD000JPN","كنويسات خلفي كيا ريو 00/05                   ","22,100.00","68.45%","Class A (Top 80%)"
"    22441-2G000K","باكن كور والات  توسان + سنتافي +  4 بستم 11/1","22,075.38","68.48%","Class A (Top 80%)"
"    86360-1G600C","شبك امامي فوق كيا ريو 2010                   ","22,065.24","68.51%","Class A (Top 80%)"
"    54530-C1000C","جوزة مقص سوناتا2018                          ","22,000.00","68.53%","Class A (Top 80%)"
"49506-43447TILND","ربلة عكس خارجي عام تايلندي                   ","21,994.60","68.56%","Class A (Top 80%)"
"    39210-2G100C","حساس شكمان فوق سنتافي 10/12 حجم 2.4 5 خط     ","21,986.96","68.58%","Class A (Top 80%)"
"    22212-25002K","والات نار سوناتا 05/10 حجم 2.4               ","21,950.00","68.61%","Class A (Top 80%)"
"97139-1R000BEST1","ثلاجة مكيف اكسنت 11/15                       ","21,902.79","68.63%","Class A (Top 80%)"
"    95735-1G020C","سنتر لوك باب امامي اكسنت + ريو يسار 06/10    ","21,887.37","68.66%","Class A (Top 80%)"
"    21310-37100K","بمب زيت سنتافي حجم 2.7 6 بستم                ","21,852.86","68.68%","Class A (Top 80%)"
"    25430-2W000M","دبة ماء راجع سنتافي 13/15                    ","21,840.28","68.71%","Class A (Top 80%)"
"  55310-B4060ENG","مساعد خلفي I10 2014                          ","21,834.75","68.73%","Class A (Top 80%)"
"23060-2G100TAH25","براصات متحرك سوناتا خرط 25 (R3109A-25)       ","21,811.44","68.76%","Class A (Top 80%)"
"  58302-2EA00ACE","كنويسات خلفي توسان IF\3K\2H\2E\3L\2G\        ","21,806.00","68.78%","Class A (Top 80%)"
"    21930-3S100K","كرسي مكينة خلفي سوناتا 2012.                 ","21,800.00","68.81%","Class A (Top 80%)"
"    92101-1C000C","كشافة امامي جتز 00/04                        ","21,790.00","68.83%","Class A (Top 80%)"
"  92101-3S000TAI","شمعة سوناتا  اصفر 2012-2014 يسار             ","21,782.30","68.86%","Class A (Top 80%)"
"    87620-1E000C","مراية اكسنت 06/10 كهرباء توماتيك  يمين       ","21,774.70","68.88%","Class A (Top 80%)"
"     21421-23020","لمدة كرين امامي النترا 2007/2011 اصل         ","21,755.00","68.91%","Class A (Top 80%)"
"    21350-26002K","غطاء بطة تيمت حجم 1.6                        ","21,750.06","68.93%","Class A (Top 80%)"
"92102-B2000DEEPO","كشافة امامي سول 14/15 عادي ابيض              ","21,750.00","68.96%","Class A (Top 80%)"
"    92102-0W050C","كشافة امامي سنتافي 2007 اصفر امريكي          ","21,730.00","68.98%","Class A (Top 80%)"
"    55530-2G500K","مسمار توازن خلفي النتراء + كيا لوتشي         ","21,719.68","69.01%","Class A (Top 80%)"
"    54530-3S000K","جوزة مقص امامي توسان + سوناتا 2011           ","21,712.90","69.03%","Class A (Top 80%)"
"0-27*30HY809ASUP","صبرة عكس النتراء i30 حساس (27*30)            ","21,711.18","69.06%","Class A (Top 80%)"
"    35310-37160C","بخاخ بترول سوناتا توسان حجم 2.7 04/09        ","21,685.12","69.08%","Class A (Top 80%)"
"21810-2T000FALCN","كرسي مكينة يمين سوناتا+اوبتماء 12/15         ","21,659.76","69.11%","Class A (Top 80%)"
"    93810-3K000K","كتة بريك 3K\1E\1C\3X\2H\2B\2S\2W\2E\3J\2D    ","21,631.18","69.13%","Class A (Top 80%)"
"     25412-2S201","لي ماء تحت توسان حجم 2.0 10/15               ","21,615.27","69.16%","Class A (Top 80%)"
"    81230-C1500C","قفل خانة سوناتا 17/19                        ","21,590.33","69.18%","Class A (Top 80%)"
"    21030-25150M","هلال كرين سوناتا + لوتشي 2007 حجم 2.0        ","21,583.01","69.21%","Class A (Top 80%)"
"  54661-2D100NOM","مساعد امامي يمين النترا  ماتركس 01/05        ","21,575.00","69.23%","Class A (Top 80%)"
"    22311-26700K","باكن راس النتراء + اكسنت 06  حجم 1.4  كربون  ","21,558.49","69.26%","Class A (Top 80%)"
"  25380-2E100MTE","مروحة تانكي ماء توسان  كامل 05/09 6 بستون    ","21,532.72","69.28%","Class A (Top 80%)"
"    23121-25050M","جير سلسلة تيمت تحت توسان لوتشي خط واحد       ","21,518.05","69.31%","Class A (Top 80%)"
"    49506-2EA30K","ربلة عكس داخلي  مثلث توسان 05/09 كبير        ","21,514.51","69.33%","Class A (Top 80%)"
"21020-2E000TAH50","براصات ثابت النترا 11/15خرط 50 (M3113A-50)   ","21,509.01","69.36%","Class A (Top 80%)"
"     21020-23140","براصات ثابت النتراء 18.8وكالة STD            ","21,500.00","69.38%","Class A (Top 80%)"
"    93490-2G400C","شريط ايرباج لوتشي (2B200)                    ","21,463.45","69.40%","Class A (Top 80%)"
"    54530-2T010K","جوزة مقص امامي سوناتا 2012 ( 3s100           ","21,460.59","69.43%","Class A (Top 80%)"
"     41100-39260","كليتش توسان                                  ","21,437.70","69.45%","Class A (Top 80%)"
"    86350-2T500C","شبك كيا اوبتيما 2015                         ","21,400.00","69.48%","Class A (Top 80%)"
"  25310-2E700MGB","رديتر ماء توسان ديزل + سبورتاج 05/09 توماتيك ","21,328.72","69.50%","Class A (Top 80%)"
"    21930-3K000K","كرسي مكينة خلفي سوناتا 07/11                 ","21,302.00","69.53%","Class A (Top 80%)"
"    81161-2W000C","مساعد كور سنتافي 13/15                       ","21,301.03","69.55%","Class A (Top 80%)"
"  0-26*27MI-22NM","صبرة عكس 26*27                               ","21,280.00","69.58%","Class A (Top 80%)"
"    28110-1G000C","قربة فلتر هواء اكسنت  ريو 06/11              ","21,264.83","69.60%","Class A (Top 80%)"
"    86561-1G600C","غطاء كشافة ضباب يسار ريو  مربع 2010 مفتوح    ","21,250.00","69.63%","Class A (Top 80%)"
"    86812-2H000C","بطانة رفرف النترا 2007-2011 يمين             ","21,248.92","69.65%","Class A (Top 80%)"
"    55530-3R000C","مسمار توازن خلفي توسان + سبورتاج 12/15 k5    ","21,242.78","69.67%","Class A (Top 80%)"
"    56540-2H000K","دومة او ذراع داخلي النترا 07/11              ","21,240.00","69.70%","Class A (Top 80%)"
"    23060-23600M","براصات متحرك  النترا 1.8 وكالة STD           ","21,238.46","69.72%","Class A (Top 80%)"
"    86511-2B700C","صدام امامي سنتافي 10/12                      ","21,220.46","69.75%","Class A (Top 80%)"
"    86811-07000C","بطانة كفر امامي كيا بيكانتو + مورننج 06/04   ","21,197.38","69.77%","Class A (Top 80%)"
"     58302-1RA30","كنويسات خلفي اكسنت+النتر/K0/1R\3X\C1\D3\D7   ","21,197.20","69.80%","Class A (Top 80%)"
"    21930-1C250K","كرسي مكينة خلفي جتز 00/06                    ","21,174.67","69.82%","Class A (Top 80%)"
"    20910-23C31K","بدلة باكنات النترا + توسان                   ","21,150.00","69.85%","Class A (Top 80%)"
"        00-G-20G","لحام صيني ابو مضربين 20g                     ","21,134.44","69.87%","Class A (Top 80%)"
"     28751-2B300","باكن شكمان سنتافي 06/10                      ","21,127.75","69.89%","Class A (Top 80%)"
"    56500-2H000K","مشط  تحت كهرباء النترا 07/10 56500-2L000     ","21,122.18","69.92%","Class A (Top 80%)"
"    93490-2M410C","شريط ايرباج  كيا + توسان 2012                ","21,092.60","69.94%","Class A (Top 80%)"
"     28112-0X000","قاعدة هواية فلتر I10                         ","21,086.02","69.97%","Class A (Top 80%)"
"  21950-C1100PHG","كرسي مكينة خلفي سوناتا 15/17                 ","21,076.66","69.99%","Class A (Top 80%)"
"       49506-X-K","ربلة عكس داخلي مثلث منوع كوري اصلي           ","21,052.00","70.02%","Class A (Top 80%)"
"    21810-2W000K","كرسي مكينة يمين سنتافي 2015 حجم 2.4          ","21,011.74","70.04%","Class A (Top 80%)"
"    22144-3B001K","لمدة تيمت اكسنت سوناتا سنتافي النتراء ماتركس ","20,994.40","70.06%","Class A (Top 80%)"
"    28113-08000K","فلتر هواء توسان 05\09                        ","20,988.73","70.09%","Class A (Top 80%)"
"    25100-37202K","بمب ماء سنتافي + سوناتا + توسان 6 بستون      ","20,976.00","70.11%","Class A (Top 80%)"
"    55300-4H150K","مساعدات خلفي باص H1 2010                     ","20,951.55","70.14%","Class A (Top 80%)"
"    54630-2H110C","اسبرنج امامي النتراء                         ","20,930.00","70.16%","Class A (Top 80%)"
"    21830-3X000K","كرسي مكينة يسار النترا 2012/2015 هاي كيو     ","20,929.00","70.18%","Class A (Top 80%)"
"    54611-07000K","كرسي مساعد امامي بيكانتو i10 07              ","20,911.26","70.21%","Class A (Top 80%)"
"    28164-23700C","ايرماص هواية النتراء + توسان 4 بستم  حجم 2.0 ","20,888.94","70.23%","Class A (Top 80%)"
"    58510-1C005C","علبة بريك فوق جتز 4 مخارج                    ","20,860.00","70.26%","Class A (Top 80%)"
"   23040-26906TP","شنبر مكينة  حجم 1.6 اكسنت 2006 ( 42038) مقاس ","20,820.40","70.28%","Class A (Top 80%)"
"    86812-1G000C","بطانة كفر امامي كيا ريو  06/09               ","20,819.14","70.30%","Class A (Top 80%)"
"21020-2G000TAHSD","براصات ثابت مقاسSTDسوناتا + لوتشي(M3109A-STD)","20,814.21","70.33%","Class A (Top 80%)"
"    58510-2E000C","علبة بريك فو ق توسان 05/09                   ","20,813.00","70.35%","Class A (Top 80%)"
"    92202-3K000C","كشاف صدام يمين سوناتا 05/08                  ","20,807.00","70.38%","Class A (Top 80%)"
"  58302-1GA00ACE","كنويسات خلفي اكسنت 2SA70\3SA70\1G توسان وسونا","20,794.77","70.40%","Class A (Top 80%)"
"28113-0K30C-13-Z","فلتر هواء كيا ريو 01/05                      ","20,755.29","70.42%","Class A (Top 80%)"
"     86584-1R000","عظمة تحت الكشافة اكسنت يمين 11/16            ","20,700.00","70.45%","Class A (Top 80%)"
"  66311-2S000TAI","بنكة امامي توسان 11/15                       ","20,689.69","70.47%","Class A (Top 80%)"
"    24410-23050M","ضغاط تيمت مع القاعدة النتراء + ماتركس + توسا ","20,666.69","70.50%","Class A (Top 80%)"
"  92102-B2500TAI","كشافة امامي كيا سول 2014 اصفر يمين عدسة تايوا","20,658.95","70.52%","Class A (Top 80%)"
"    41605-3K100C","علبة كليتش فوق سوناتا 2008                   ","20,628.00","70.54%","Class A (Top 80%)"
"     56555-1Y600","بوشة مشط اكسنت + بيكانتو  2012 +             ","20,573.04","70.57%","Class A (Top 80%)"
"    25329-1R300M","قسام ماء اكسنت ديزل 2011                     ","20,572.00","70.59%","Class A (Top 80%)"
"    54813-3K200K","ربلة مشرخ امامي سوناتا + سنتافي 06/12 ديزل وب","20,535.88","70.61%","Class A (Top 80%)"
"    42700-23000M","مشط اسبيت اتوماتيك اكسنت2012                 ","20,520.00","70.64%","Class A (Top 80%)"
"    52718-38000K","بوشة مقص خلفي سوناتا 55118-1D                ","20,447.05","70.66%","Class A (Top 80%)"
"    92401-2E000C","اسطب خلفي يسار  توسان 2004/2009              ","20,376.38","70.68%","Class A (Top 80%)"
"    25431-2H100M","دبة ماء راجع النراء 06/10 ديزل               ","20,343.79","70.71%","Class A (Top 80%)"
"     81130-1G000","قفل كور تحت اكسنت                            ","20,325.00","70.73%","Class A (Top 80%)"
"    24312-3E500K","بطة تيمت سنتافي جرانديور سوناتا كرنفال ازيرا ","20,265.36","70.75%","Class A (Top 80%)"
"    86525-2W000M","شنب صدام امامي سنتافي 13/14 موبيس            ","20,258.17","70.78%","Class A (Top 80%)"
"    86561-2H000C","شبك صدام تحت النتراء 06/11                   ","20,244.63","70.80%","Class A (Top 80%)"
"  0-25*30MI-09NM","رأس عكس ماتركس النتراء ابو حساس 25*30 خليجي  ","20,233.50","70.82%","Class A (Top 80%)"
"  66311-C1000TAI","بنكة سوناتا يسار 15/18 تايواني               ","20,149.50","70.85%","Class A (Top 80%)"
"    81161-2B000C","مساعد كور سنتافي 07/10                       ","20,148.51","70.87%","Class A (Top 80%)"
" 58101-1RA00GOLD","كنويسات امامي اكسنت 3X \B2\1R                ","20,127.14","70.89%","Class A (Top 80%)"
" 25310-2K150GOLD","رديتر ماء كيا سول 09/11 توماتيك AT حجم 2.0   ","20,092.44","70.92%","Class A (Top 80%)"
"    92101-2H010C","شمعة النترا 2007-2011 يسار ابيض              ","20,066.20","70.94%","Class A (Top 80%)"
"    21811-2B000C","كرسي مكينة يمين سنتافي 2007                  ","20,063.65","70.96%","Class A (Top 80%)"
"    55300-1R100K","مساعد خلفي اكسنت 2012  (2k/1M/1R/3X)         ","20,020.00","70.99%","Class A (Top 80%)"
"  54650-0X100NMK","مساعد امامي I10  2010                        ","20,019.41","71.03%","Class A (Top 80%)"
"  54660-0X100NMK","مساعد امامي I10  2010                        ","20,019.41","71.03%","Class A (Top 80%)"
"    87731-S1200M","فيبر باب خلفي يسار سنتافي 19/21 ابو نيكل رصاص","19,961.45","71.05%","Class A (Top 80%)"
"    25450-03440C","ماصورة ماء اكسنت 2014 حجم 1.4                ","19,949.42","71.08%","Class A (Top 80%)"
"    93490-1E300C","شريط ايرباج اكسنت 2008 ديزل 1 خط             ","19,937.40","71.10%","Class A (Top 80%)"
"    25460-26000C","ماصورة ماء اكسنت 06/10                       ","19,933.52","71.12%","Class A (Top 80%)"
"  55310-3E500MGB","مساعد خلفي كيا سورنتو 2002                   ","19,929.75","71.15%","Class A (Top 80%)"
"    59760-2E200C","خبطة هاندبريك توسان  يسار سنجل               ","19,880.16","71.17%","Class A (Top 80%)"
"  54651-2W000NMK","مساعد امامي سنتافي 2012 يسار                 ","19,875.73","71.19%","Class A (Top 80%)"
"    21910-2E100C","كرسي مكينة امامي توسان 06/10                 ","19,870.72","71.22%","Class A (Top 80%)"
"    46321-22731M","فلتر جير بكس اكسنت+ماتركس 01/11 موبيس        ","19,854.03","71.24%","Class A (Top 80%)"
"    28411-23600K","باكن ثلاجة النتر  ماتركس توسان حجم 1.8 +2.0  ","19,847.00","71.26%","Class A (Top 80%)"
"    57100-2E100C","علبة سكان فوق توسان 05/09 6 بستون            ","19,833.73","71.28%","Class A (Top 80%)"
"     21421-22020","لمدة كرين امامي اكسنت+النترا اصلي            ","19,829.98","71.31%","Class A (Top 80%)"
"    22441-27001M","باكن كور والات توسان ديزل  + سنتافي          ","19,800.76","71.33%","Class A (Top 80%)"
"    49509-3JA00K","ربلة عكس خارجي  فيراكروز                     ","19,800.43","71.35%","Class A (Top 80%)"
"    35312-22000M","ربلة بخاخ بترول عام                          ","19,795.00","71.37%","Class A (Top 80%)"
"     45245-3B410","لمدة اسبيت النترا 12/15 اصلي                 ","19,786.00","71.40%","Class A (Top 80%)"
"    22441-23800M","باكن كور والات النتراء + توسان 00/06 حجم i30 ","19,774.90","71.42%","Class A (Top 80%)"
"    92202-1G600C","كشافة ضباب كيا ريو 08/10                     ","19,765.97","71.44%","Class A (Top 80%)"
"    55510-2S100C","عمود توازن خلفي توسان 12/15 دبل الطويل       ","19,761.92","71.47%","Class A (Top 80%)"
"    92101-1E020C","شمعة اكسنت 2006-2011 ابيض يسار               ","19,760.00","71.49%","Class A (Top 80%)"
"    39210-23710M","حساس شكمان النتراء توسان  2008               ","19,759.36","71.51%","Class A (Top 80%)"
" 000-CC-X66AGRMN","بخاخ رغوة جرمان GT                           ","19,706.21","71.53%","Class A (Top 80%)"
"     00-L-H7-SMI","لمبة اتش 4   H4                              ","19,694.00","71.56%","Class A (Top 80%)"
"    56820-2B000K","مشرعة سنتافي 2007 يسار (2B/2W/2S)            ","19,630.95","71.58%","Class A (Top 80%)"
"    22311-25013K","باكن راس سوناتا 2.4 كربون                    ","19,614.49","71.60%","Class A (Top 80%)"
"    21810-0Q000C","كرسي مكينة يمين النتراء 06/10                ","19,588.24","71.62%","Class A (Top 80%)"
"  54660-07100MGB","مساعد امامي كيا بيكانتو                      ","19,559.96","71.65%","Class A (Top 80%)"
"    21810-1C220K","كرسي مكينة يمين جتز 02/07                    ","19,528.40","71.67%","Class A (Top 80%)"
"  66311-1R350TAI","بنكة اكسنت11/13 شمال تايواني                 ","19,514.91","71.69%","Class A (Top 80%)"
"  21830-D4200PHG","كرسي اسبيت يسار سوناتا 15/19 تربو حجم 1.6    ","19,480.80","71.71%","Class A (Top 80%)"
"   25310-3X101AB","رديتر ماء  النترا 11/15                      ","19,452.61","71.74%","Class A (Top 80%)"
"  66321-2H000TAI","بنكة خارجي النتراء 2007 تايواني يمين         ","19,437.51","71.76%","Class A (Top 80%)"
"    54530-0U000C","جوزة مقص تحت اكسنت  + النتراء 2011 كوري      ","19,389.20","71.78%","Class A (Top 80%)"
"     83840-1E000","مثلث فريم باب خلفي اكسنت 06/10 يمين          ","19,379.17","71.80%","Class A (Top 80%)"
"25380-1R050BEST1","مروحة تانكي ماء  اكسنت 2012                  ","19,329.31","71.83%","Class A (Top 80%)"
"    54610-2W000K","كرسي مساعد امامي سنتافي 13/14                ","19,320.28","71.85%","Class A (Top 80%)"
"     43119-39080","لمدة عكس 39070 + 39011                       ","19,320.00","71.87%","Class A (Top 80%)"
"    55210-38000C","مقص خلفي ابو جوزة سوناتا 2004  يسار          ","19,259.26","71.89%","Class A (Top 80%)"
"    29110-C1000C","بطانة تحت المكينة  سوناتا 14/16              ","19,248.13","71.91%","Class A (Top 80%)"
"    55513-2B200K","ربلة مشرخ خلفي سنتافي 06/10                  ","19,247.96","71.94%","Class A (Top 80%)"
"    86522-17400M","شبك صدام تحت ماتركس 2007                     ","19,217.00","71.96%","Class A (Top 80%)"
"    87732-2E000C","فيبر باب خلفي يمين توسان                     ","19,204.38","71.98%","Class A (Top 80%)"
"    86612-F2000C","شنب صدلم خلفي النترا 17/19                   ","19,192.42","72.00%","Class A (Top 80%)"
"    39300-22600C","حساس كام شفت اكسنت + النتراء MAP SENSOR      ","19,172.41","72.03%","Class A (Top 80%)"
"    56555-2S000M","بوشة مشط توسان                               ","19,159.19","72.05%","Class A (Top 80%)"
"    86812-3K000C","بطانة رفرف يمين سوناتا 06/10                 ","19,151.50","72.07%","Class A (Top 80%)"
"   000-DOT-TORCH","سم بريك تورش TORCH                           ","19,113.75","72.09%","Class A (Top 80%)"
"    86511-1M000C","صدام امامي سيراتو 2008/2011                  ","19,110.00","72.11%","Class A (Top 80%)"
"  66321-3S000TAI","بنكة امامي سوناتا 11/13                      ","19,106.23","72.14%","Class A (Top 80%)"
"    86811-3K000C","بطانة رفرف سوناتا 06/10                      ","19,091.50","72.16%","Class A (Top 80%)"
"  25310-26400MGB","رديتر ماء  سنتافي 03/05 تماتيك ديزل          ","19,091.50","72.18%","Class A (Top 80%)"
"    39210-2G720M","حساس شكمان فوق سنتافي 2014 توربو             ","19,035.09","72.20%","Class A (Top 80%)"
"    86350-2D510C","شبك امامي النتر  03/05 كروم مشط              ","19,012.68","72.22%","Class A (Top 80%)"
"    86513-2W000M","عظمة صدام امامي سنتافي 13/15 يسار            ","19,000.58","72.24%","Class A (Top 80%)"
"    31111-25000K","بمب بترول عام                    ","18,989.31","72.27%","Class A (Top 80%)"
"  66311-3S000TAI","بنكة امامي سوناتا 11/13                      ","18,976.40","72.29%","Class A (Top 80%)"
"    21360-26002M","غطاء تيمت فوق  اكسنت 2005 وكالة              ","18,945.75","72.31%","Class A (Top 80%)"
"    23040-23000M","رنجات مكينة النتراء 2004 حجم 2.0 (23200=23000","18,928.50","72.33%","Class A (Top 80%)"
"   86563-2WAA0EB","غطاء كشافة ضباب سنتافي يسار 17/18            ","18,917.60","72.35%","Class A (Top 80%)"
"    25429-4A450C","دبة ماء راجع باص H1 03/0                     ","18,890.00","72.38%","Class A (Top 80%)"
"     27301-3E400","كويل مفرد ازيرة+كرنفال+سورينتو  سنتافي 2007  ","18,860.90","72.40%","Class A (Top 80%)"
"  54650-26200MGB","مساعد امامي سنتافي يسار 2001/2005            ","18,840.79","72.44%","Class A (Top 80%)"
"  54660-26200MGB","مساعد امامي سنتافي  2000/2005 تجاري          ","18,840.79","72.44%","Class A (Top 80%)"
" 0-25*27-2EA90NM","صبرة عكس توسان 03/09 + سوناتا + لوتشي 07/10AB","18,823.50","72.46%","Class A (Top 80%)"
"    86811-1R000C","بطانة كفر امامي اكسنت 2011/2015              ","18,792.84","72.48%","Class A (Top 80%)"
"     27301-2B010","كويل مفرد النترا + اكسنت 2012 موبيس          ","18,780.00","72.51%","Class A (Top 80%)"
"    54830-3K010C","مسمار عمود التوازن امامي سوناتا  07/11       ","18,768.50","72.53%","Class A (Top 80%)"
"    92102-1E020C","شمعه اكسنت ابيض 2006/2011                    ","18,760.00","72.55%","Class A (Top 80%)"
"    25286-3E001?","مكرة دينمة سنتافي ازيرا حجم 2.7 وكالة        ","18,750.00","72.57%","Class A (Top 80%)"
"    52751-2B100C","حساس بريك خلفي ABS سنتافي 2008 سنجل          ","18,729.80","72.59%","Class A (Top 80%)"
"    86590-2T200C","شنب صدام كيا اوبتيما 2012 k5                 ","18,716.35","72.61%","Class A (Top 80%)"
"    25500-2E085C","بلف حرارة  مع الكوع النترا12/15              ","18,712.18","72.63%","Class A (Top 80%)"
"    25380-2B100C","مروحة تانكي ماء سنتافي 2007 كبير             ","18,701.30","72.66%","Class A (Top 80%)"
"92101-B2000DEEPO","كشافة امامي سول 14/15 عادي ابيض              ","18,700.00","72.68%","Class A (Top 80%)"
"   23040-26160TP","شنبر مكينة  حجم 1.6 اكسنت 2006 ( 42038) مقاس ","18,688.83","72.70%","Class A (Top 80%)"
"  49506-25A00TOP","ربلة عكس داخلي مثلث                          ","18,675.00","72.72%","Class A (Top 80%)"
"   92402-1R030C?","اسطب خلفي اكسنت 11\13 يمين                   ","18,600.00","72.74%","Class A (Top 80%)"
" 36100-37210USED","سلف تشغيل سنتافي حجم 2.7 تشليح               ","18,592.00","72.76%","Class A (Top 80%)"
"    31112-1R000C","فلتر بترول اكسنت 12/15  صيني                 ","18,567.20","72.78%","Class A (Top 80%)"
"000-CR-G1-06GORL","بخاخ كربيتر قرولا كبير                       ","18,564.00","72.81%","Class A (Top 80%)"
"    86351-26902C","شبك امامي سنتافي 00/05                       ","18,541.78","72.83%","Class A (Top 80%)"
" 97606-D3500DOWN","لديتر مكيف توسان 16/19                       ","18,533.24","72.85%","Class A (Top 80%)"
"     84646-2E000","ربلة جير توسان                               ","18,529.87","72.87%","Class A (Top 80%)"
"    54610-2T000K","كرسي مساعد امامي كيا K5 (54610-2S100)        ","18,528.91","72.89%","Class A (Top 80%)"
"    21930-3K800K","كرسي مكينة خلفي سوناتا  07/10                ","18,509.00","72.91%","Class A (Top 80%)"
"    25411-1E000K","لي ماء فوق اكسنت 06/10                      ","18,505.93","72.93%","Class A (Top 80%)"
"    86350-2E000C","شبك امامي توسان 2003 تجاري                   ","18,494.16","72.96%","Class A (Top 80%)"
"    28139-2E000C","لي هواء توسان 05/09 حجم 2.0                  ","18,481.68","72.98%","Class A (Top 80%)"
"    86513-A5000M","عظمة صدام امامي اي تن I10 13/15              ","18,474.84","73.00%","Class A (Top 80%)"
"    25460-23000C","ماصورة ماء النترا + توسان 06/09              ","18,455.73","73.02%","Class A (Top 80%)"
"    86522-1E000C","شبك صدام تحت اكسنت 06/09 مغلق                ","18,450.44","73.04%","Class A (Top 80%)"
"    54610-2E100C","كرسي مساعد امامي سنتافي 00/06 + توسان        ","18,428.04","73.06%","Class A (Top 80%)"
"  54650-25100MGB","مساعد امامي اكسنت 2000/2005 تجاري            ","18,427.86","73.08%","Class A (Top 80%)"
"    25350-3R170C","اطار مروحة ماء سوناتا 12/15                  ","18,419.31","73.10%","Class A (Top 80%)"
"    86552-K0000M","عظمة صدام امامي يمين كيا سول 2020            ","18,393.37","73.13%","Class A (Top 80%)"
"   25212-4PK855C","4PK855                                       ","18,380.04","73.15%","Class A (Top 80%)"
"   94460-1G500-F","عوامة بترول اكسنت 06/10 امريكي               ","18,371.80","73.17%","Class A (Top 80%)"
"    31113-17000C","قفشة بمب بترول ماتركس 01/07                  ","18,351.95","73.19%","Class A (Top 80%)"
"    95680-2E400C","حساس ABS خلفي يسار توسان 05/09               ","18,339.84","73.21%","Class A (Top 80%)"
"    25460-23000M","ماصورة ماء النترا + توسان 06/09         ","18,332.03","73.23%","Class A (Top 80%)"
"    28164-3C100C","ايرماص هواية سوناتا + سنتافي  ازيراء حجم 3.3 ","18,325.00","73.25%","Class A (Top 80%)"
"    49506-2B000T","تيلندي                                       ","18,291.63","73.27%","Class A (Top 80%)"
"    24410-2E000K","ضغاط تيمت النترا 12/15 + توسان               ","18,291.53","73.29%","Class A (Top 80%)"
"  55311-38500MTE","مساعد خلفي سوناتا 01/04                      ","18,273.55","73.31%","Class A (Top 80%)"
"    52933-C1100C","حساس طاوة ضغط الهواء توسان 2020              ","18,272.03","73.34%","Class A (Top 80%)"
"     00000-2S000","ستارة خانة توسان 11/15/                      ","18,250.00","73.36%","Class A (Top 80%)"
"     00-L-H4-SMI","لمبة اتش 4   H4                              ","18,227.20","73.38%","Class A (Top 80%)"
"    58330-25000C","برمة بريك خلفي اكسنت 2006                    ","18,225.74","73.40%","Class A (Top 80%)"
"  25460-2G201C-1","ماصورة ماء كيا لوتشي+ توسان 2012             ","18,223.37","73.42%","Class A (Top 80%)"
"    39210-23900C","حساس شكمان فوق النتراء توسان  حجم 2.0   2008 ","18,217.48","73.44%","Class A (Top 80%)"
"    95670-2B000C","حساس ABS سنتافي 07/11 يسار امامي             ","18,215.76","73.46%","Class A (Top 80%)"
"    54610-C1000K","كرسي مساعد امامي  سوناتا 2015                ","18,211.50","73.48%","Class A (Top 80%)"
"     18849-11070","بلاكات ليز عام سن طويل بانة صغير 18846-11070 ","18,206.00","73.50%","Class A (Top 80%)"
"    20910-23H00K","بدلة باكنات النترا + توسان                   ","18,197.29","73.52%","Class A (Top 80%)"
"22311-23700K-MTL","باكن راس توسان  حجم 2.0 حديد                 ","18,188.33","73.55%","Class A (Top 80%)"
"    87620-1G020C","مراية يمين ريو 2007 كهرباء                   ","18,149.00","73.57%","Class A (Top 80%)"
"    93570-26100C","مجموعة تطليع فريم سنتافي 2004                ","18,105.51","73.59%","Class A (Top 80%)"
"    54630-25010C","اسبرنج امامي اكسنت 1C\25 02/05               ","18,065.80","73.61%","Class A (Top 80%)"
"0-30*36MI921AMGB","صبرة عكس سنتافي 30*36*73*52 ABS              ","18,060.32","73.63%","Class A (Top 80%)"
"    98620-2W000M","دبة مساحات سنتافي 13/15                      ","18,034.26","73.65%","Class A (Top 80%)"
"  54660-25100MGB","مساعد امامي اكسنت 2000/2005 غاز              ","18,031.07","73.67%","Class A (Top 80%)"
"     22441-03050","باكن كور والات اكسنت 14/15 + اي تن 14/17     ","18,029.72","73.69%","Class A (Top 80%)"
"     24410-23400","ضغاط تيمت النتراء + سوناتا وكالة             ","18,027.44","73.71%","Class A (Top 80%)"
"    41710-23000K","علبة كليتش تحت اكسنت 2006/2009 VALYO         ","18,021.12","73.73%","Class A (Top 80%)"
"  58101-2C000MGB","كنويس امامي                                  ","18,000.00","73.75%","Class A (Top 80%)"
"    25212-37111K","بطة دينمة سنتافي حجم 2.7 6pk 2005            ","17,987.88","73.77%","Class A (Top 80%)"
"    58411-3K300C","هوب خلفي سوناتا + كيا لوتشي 06/10            ","17,980.00","73.79%","Class A (Top 80%)"
"    22443-2A100M","لمدة فتحة النوزلات ( البلاكات )  ديزل ريو + ا","17,975.37","73.82%","Class A (Top 80%)"
"97606-2H050BEST1","لديتر مكيف  النترا 06/09                     ","17,955.54","73.84%","Class A (Top 80%)"
"  66311-1G300TAI","بنكة امامي كيا ريو يسار 06/10                ","17,950.34","73.86%","Class A (Top 80%)"
"    56820-2S050K","مشرعة توسان 2010 يمين 3S050                  ","17,911.88","73.88%","Class A (Top 80%)"
"    25380-2E380C","مروحة تانكي ماء توسان 2006 2.7 مفتوح من      ","17,896.90","73.90%","Class A (Top 80%)"
"     23060-2G120","براصات متحرك سوناتا 2007 STD                 ","17,889.79","73.92%","Class A (Top 80%)"
"     96985-2D700","حساس حرارة الطقس فوق جسر الصدام الامامي النتر","17,888.14","73.94%","Class A (Top 80%)"
"    92201-07500C","كشافة ضباب كيا بيكانتو 2008                  ","17,887.00","73.96%","Class A (Top 80%)"
"     22441-25002","باكن كور والات سوناتا 2.4 اصلي               ","17,875.00","73.98%","Class A (Top 80%)"
"  54651-3X250NMK","مساعد امامي النتراء 2012 يسار  تجاري         ","17,856.25","74.00%","Class A (Top 80%)"
"    54813-1F000K","ربلة مشرخ امامي توسان + سبورتاج              ","17,840.39","74.02%","Class A (Top 80%)"
"    39310-02700K","حساس تيمت اتوز 2005 CAMSHAFT                 ","17,840.00","74.04%","Class A (Top 80%)"
"    21810-2H000K","كرسي مكينه يمين النترا 2007( 0-Q)            ","17,806.64","74.06%","Class A (Top 80%)"
"    54530-C1000K","جوزة مقص تحت  توسان سوناتا 16/19 + كدينزا    ","17,804.97","74.08%","Class A (Top 80%)"
"    54610-26000C","كرسي مساعد امامي سنتافي 2E\26  00/06 + توسان ","17,794.96","74.10%","Class A (Top 80%)"
"   18817-7092NGK","بلاكات ليزر سن قصير هونداي عام               ","17,760.00","74.12%","Class A (Top 80%)"
"    25510-4A700M","بيسة حرارة دينا بورتر + سورنتو كهرباء 2007   ","17,757.53","74.14%","Class A (Top 80%)"
"    58510-07300K","علبة بريك فوق كيا بيكانتو + مورننج           ","17,753.60","74.16%","Class A (Top 80%)"
"    58510-2H000C","علبة بريك فوق النترا 06/10                   ","17,737.00","74.18%","Class A (Top 80%)"
"    64101-2E000C","واجهة امامي توسان 04/09                      ","17,702.48","74.21%","Class A (Top 80%)"
"    54584-07000K","بوشة مقص كيا بيكانتو + مورننج                ","17,698.88","74.23%","Class A (Top 80%)"
"    55257-2P000K","بوشة نكل خلفي سنتافي + سوناتا  2010          ","17,649.23","74.25%","Class A (Top 80%)"
"    25281-25000M","شداد دينمة سوناتا07/10 4 بست + لوتشي+سنتافي 2","17,636.87","74.27%","Class A (Top 80%)"
"    86511-1R000T","صدام امامي اكسنت 2012+2015 تايلاند           ","17,620.00","74.29%","Class A (Top 80%)"
"    25411-17000K","لي ماء فوق ماتركس 00/06                      ","17,611.05","74.31%","Class A (Top 80%)"
"    25480-26001K","لي ماء عراضي اكسنت 06/10                   ","17,580.22","74.33%","Class A (Top 80%)"
"   25212-4PK815C","بطة دينمة","17,576.51","74.35%","Class A (Top 80%)"
"    98620-F2000C","دبة مساحات النتراء 15/18 ابو عوامة           ","17,573.82","74.37%","Class A (Top 80%)"
"    86522-C2110C","غطاء كشافة ضباب سوناتا يمين 2016 مغلق        ","17,534.80","74.39%","Class A (Top 80%)"
"    43119-39080M","لمدة صبرة سوناتا سنتافي النترا 39070+39011   ","17,529.34","74.41%","Class A (Top 80%)"
"    57724-2S000K","دومة توسان 10/15                             ","17,519.69","74.43%","Class A (Top 80%)"
"    58330-25000K","برمة بريك خلفي اكسنت 2006                    ","17,509.69","74.45%","Class A (Top 80%)"
"    51712-2H000K","هوب امامي النترا 07/10 كوري                  ","17,500.00","74.47%","Class A (Top 80%)"
"    39210-2G600C","حساس شكمان  فوق توسان 2012                   ","17,491.00","74.49%","Class A (Top 80%)"
"    21350-3E000M","غطاء بطة تيمت تحت سوناتا سنتافي  توسان حجم2.7","17,490.50","74.51%","Class A (Top 80%)"
"     28190-1F000","دبة صوت توسان 2008 وكالة                     ","17,481.71","74.53%","Class A (Top 80%)"
"58305-26A00BESFT","كنويس هلال سنتافي 00/05                      ","17,480.00","74.55%","Class A (Top 80%)"
"  97606-26000MTE","تانكي مكيف سنتافي 2004                       ","17,468.13","74.57%","Class A (Top 80%)"
"    20910-2GM01M","باكنات مكينة سوناتا 12/14 حجم 2.4 وكالة      ","17,440.00","74.59%","Class A (Top 80%)"
"     51752-07000","مسمار كفر هيونداي/كيا                        ","17,435.00","74.61%","Class A (Top 80%)"
"    27310-37110C","كويل سنتافي حجم 2.7 رقم 1-4                  ","17,433.19","74.63%","Class A (Top 80%)"
"    86551-2T020C","غطاء كشافة ضباب يسار اوبتيما ابو زنن 12/1    ","17,424.71","74.65%","Class A (Top 80%)"
"    31112-1G000K"," فلتر بترول اكسنت 06/11 كوري + خليجي         ","17,396.75","74.67%","Class A (Top 80%)"
" 27310-26600-1-4","كويل مفرد اكسنت + النتراء 06/10 1+4          ","17,394.10","74.69%","Class A (Top 80%)"
"    35310-02500C","بخاخ بترول اتوز 98                           ","17,389.52","74.71%","Class A (Top 80%)"
"  54650-C1000MGB","مساعد امامي سوناتا 15/18                     ","17,378.43","74.73%","Class A (Top 80%)"
"    25212-37111C","بطة دينمة توسان سوناتا + سنتافي 2.7 6 بستم 6p","17,367.90","74.75%","Class A (Top 80%)"
"    41421-43040K","فحمة كليتش باص جريس  H100-98                 ","17,356.76","74.77%","Class A (Top 80%)"
"     86561-B2000","شبك تحت خلية كيا سول 14/15 وكالة             ","17,348.20","74.79%","Class A (Top 80%)"
"41300-23600VALEO","موسم النترا 06/10 خليجي (48103)              ","17,345.20","74.81%","Class A (Top 80%)"
"    37370-22650K","كتف دينمة اكسنت 06/11 كوري2265               ","17,343.00","74.83%","Class A (Top 80%)"
"    54611-2K000C","كرسي مساعد امامي كيا سول 2010                ","17,334.21","74.85%","Class A (Top 80%)"
"     22441-2G100","باكن كور والات  توسان + سوناتا +  4 بستم 11/1","17,330.50","74.87%","Class A (Top 80%)"
"    35312-2G750C","ربلة بخاخ بترول اكسنت النترا سان سول         ","17,321.63","74.89%","Class A (Top 80%)"
"    87150-2E000C","مفصلة فريم باب خانه يسار توسان 05/09         ","17,314.21","74.91%","Class A (Top 80%)"
"    27301-38020C","كويل سوناتا + سنتافي 00/05 + H1 4 بستم 2.4 بت","17,310.00","74.93%","Class A (Top 80%)"
"    92101-2T000C","كشافة كيا اوبتيما 11/15 ابيض                 ","17,294.33","74.95%","Class A (Top 80%)"
"    94750-37000K","كتة زيت عام الجميع                           ","17,263.13","74.97%","Class A (Top 80%)"
"    93580-2D000C","زرار فريم مفرد النتراء 00/05                 ","17,253.08","74.99%","Class A (Top 80%)"
"    25336-2B000M","ربلة تثبيت تانكي ماء تحت توسان  2012         ","17,211.84","75.01%","Class A (Top 80%)"
"    21020-2B042M","براصات كرين النتراء 1.6  2006 STD            ","17,200.00","75.03%","Class A (Top 80%)"
"    87732-1G000C","فيبر خلفي يمين كيا ريو                       ","17,186.86","75.05%","Class A (Top 80%)"
"    25414-2H100K","لي ماء فوق النتراء 07/11                     ","17,176.05","75.07%","Class A (Top 80%)"
"   23040-22300TP","رنجات اكسنت جتز حجم ()00/05  STD             ","17,169.17","75.09%","Class A (Top 80%)"
"    86160-2H010C","غطاء شبك مساحات النترا 06/10 يمين            ","17,163.16","75.11%","Class A (Top 80%)"
"    39180-22600K","حساس كرين 1.3 + 1.5 + 1.6 اكسنت جتز ماتركس ال","17,127.56","75.13%","Class A (Top 80%)"
"    81771-D3001C","مساعد شنطة يمين توسان 17/20 + كارنز 07       ","17,100.60","75.15%","Class A (Top 80%)"
"     55342-3J000","بوشة مقص خلفي فوق سوناتا 3K/2P+ 55238-3J000  ","17,085.82","75.17%","Class A (Top 80%)"
"    28210-2E000C","لي هواء فوق الواجهة توسان 2006 حجم 2.4       ","17,061.41","75.19%","Class A (Top 80%)"
"    20910-2EA00K","بدلة باكنات مكينة النتراء 2011               ","17,050.00","75.20%","Class A (Top 80%)"
"    26320-27000K","فلتر زيت ديزل توسان سنتافي ---               ","17,000.00","75.24%","Class A (Top 80%)"
"    97713-1E000C","سير مكيف  اكسنت 06/10 4PK812                 ","17,000.00","75.24%","Class A (Top 80%)"
"  000-SH-200-JTE","شحم صغير JTE                                 ","16,991.05","75.26%","Class A (Top 80%)"
"    25380-2W500C","مروحة تانكي ماء سنتافي 13/5 عادي             ","16,954.14","75.28%","Class A (Top 80%)"
"  58101-24B00AMK","كنويسات امامي اكسنت + جتز 00\05 (9702)       ","16,936.00","75.30%","Class A (Top 80%)"
"    31111-2P900K","بمب ديزل سنتافي + توسان 06/13 دبل ديزل       ","16,925.30","75.32%","Class A (Top 80%)"
"    87620-2W000C","مراية يمين سنتافي 13/15 ابو غماز             ","16,900.00","75.34%","Class A (Top 80%)"
"     28324-2G000","حساس راس مكينة سوناتا+توسان+سنتافيا اصلي     ","16,900.00","75.36%","Class A (Top 80%)"
"    58305-2HA10K","كنويسات هلال النتراء 2006                    ","16,892.85","75.38%","Class A (Top 80%)"
"    28113-1G000C","فلتر هواء اكسنت 06/10                        ","16,890.27","75.40%","Class A (Top 80%)"
"    54610-2G000C","كرسي مساعد امامي كيا لوتشي 07/10 يسار        ","16,874.08","75.42%","Class A (Top 80%)"
"  23060-38902GMB","برصات متحرك سوناتا 2.4 00/05 مقاس 50         ","16,860.00","75.44%","Class A (Top 80%)"
"    55342-2P000K","بوشة مقص خلفي فوق سوناتا + سنتافي 2006 3K000 ","16,845.35","75.46%","Class A (Top 80%)"
"    54610-2P000K","كرسي مساعد امامي سنتافي 10\12 2B500          ","16,839.08","75.48%","Class A (Top 80%)"
"    29110-3X000C","بطانة تحت الواجهة النتراء 11/14              ","16,805.80","75.50%","Class A (Top 80%)"
"  25310-2E400MGB","رديتر ماء توسان توماتيك مخطط 6 بستون         ","16,788.94","75.52%","Class A (Top 80%)"
"    39210-3E130C","حساس شكمان فوق يسار  سنتافي 07/10            ","16,769.34","75.54%","Class A (Top 80%)"
"58302-3SA20FALCN","كنويسات خلفي سوناتا 2SA70\3SA70\1G توسان وسون","16,720.00","75.55%","Class A (Top 80%)"
"    22311-27410K","باكن راس سنتافي + توسان ديزل كربون           ","16,716.20","75.57%","Class A (Top 80%)"
"    24420-2J000M","تكاية سلسلة تيمت النترا حجم 1.8+2.0          ","16,707.13","75.59%","Class A (Top 80%)"
"    81161-C1000C","مساعد كور سوناتا 16/19                       ","16,692.87","75.61%","Class A (Top 80%)"
"     21830-2E200","كرسي مكينة يسار توسان 2009                   ","16,650.00","75.63%","Class A (Top 80%)"
"    64101-H6000C","واجهه امامي اكسنت 17/18                      ","16,643.02","75.65%","Class A (Top 80%)"
"    25286-04000M","مكرة بطة دينمة خارجي كيا بيكانتو 2011        ","16,616.50","75.67%","Class A (Top 80%)"
"    52750-B2050K","فلنشة هبس خلفي كيا سول 14/17 كوري اليجن      ","16,614.47","75.69%","Class A (Top 80%)"
"    21910-26200M","كرسي مكينه امامي سنتافي  01/06               ","16,600.00","75.71%","Class A (Top 80%)"
"25310-C2000BEST1","رديتر ماء سوناتا 16/18 امريكي (C1000)        ","16,551.62","75.73%","Class A (Top 80%)"
"     86585-3K500","غطاء حزام صدام امامي سوناتا 2009             ","16,546.15","75.75%","Class A (Top 80%)"
"    25312-1E151C","قفشة تانكي ماء تحت بدون غطاء اكسنت 06/10","16,544.10","75.76%","Class A (Top 80%)"
"    93490-2B150C","شريط ارباج  سنتافي  06/10                    ","16,529.94","75.78%","Class A (Top 80%)"
"    24355-23763C","حساس زيت النترا توسان تراجيت حجم 2.0 07/11   ","16,515.53","75.80%","Class A (Top 80%)"
"  86352-2B700TAI","نيكل شبك امامي سنتافي 10/12 تايواني          ","16,495.70","75.82%","Class A (Top 80%)"
"    54813-2D102K","ربلة مشرخ امامي 02 كوري                     ","16,495.48","75.84%","Class A (Top 80%)"
"  58302-1GA00ECO","كنويسات خلفي اكسنت 206+ سنتافي 2010          ","16,478.54","75.86%","Class A (Top 80%)"
"    25386-2S500C","دينمة مروحة  النترا 00/05 +  توسان           ","16,477.47","75.88%","Class A (Top 80%)"
"    35310-2G300C","بخاخ بترول توسان سنتافي سوناتا حجم 2.4 12/16 ","16,467.17","75.90%","Class A (Top 80%)"
"54660-4H050BSFIT","مساعد امامي H1 يمين 2007/2016بيسفتس          ","16,440.00","75.92%","Class A (Top 80%)"
"    28113-2H000K","فلتر هواء النترا 2007/2011 بيسفتس            ","16,434.44","75.94%","Class A (Top 80%)"
"    86150-1E000C","شبك مساحات اكسنت 06/10                       ","16,416.10","75.95%","Class A (Top 80%)"
"    25100-02566K","بمب ماء بيكانتو + جتز حجم 1.1                ","16,406.67","75.97%","Class A (Top 80%)"
"    58411-2H300C","هوب خلفي النترا  06/10                       ","16,390.60","75.99%","Class A (Top 80%)"
"58101-34A21PRTSM","كنويسات امامي سوناتا+النترا+كارنز 00/05 38\2D","16,388.00","76.01%","Class A (Top 80%)"
"    29110-D7500C","بطانة تحت المكينة توسان 15/18                ","16,364.05","76.03%","Class A (Top 80%)"
"    87711-2E000C","فيبر بنكة امامي  يسار                        ","16,354.10","76.05%","Class A (Top 80%)"
"    93490-3K200C","شريط ايرباج  سوناتا 06/10                    ","16,320.40","76.07%","Class A (Top 80%)"
"  86511-3S000TAI","صدام امامي سوناتا 11/15                      ","16,289.93","76.09%","Class A (Top 80%)"
"    31922-2E900M","فلتر ديزل سنتافي توسان تراجيت 2004 فتحة 14   ","16,285.72","76.10%","Class A (Top 80%)"
"     000-SH-MB-3","شحم علبة وسط AMK                             ","16,252.50","76.12%","Class A (Top 80%)"
"    54813-3K100K","ربلة مشرخ امامي سنتافي 2007                  ","16,251.99","76.14%","Class A (Top 80%)"
"    37370-22600K","كتف دينمة اكسنت 06/11 كوري2265               ","16,235.96","76.16%","Class A (Top 80%)"
"     25500-3C150","بلف حرارة  كرنفال+ازيرا                      ","16,200.00","76.18%","Class A (Top 80%)"
"    86351-2D510C","نيكل كور النترا 04/05                        ","16,176.99","76.20%","Class A (Top 80%)"
"    92401-3S000C","اسطب خلفي سوناتا 2012-2014 يسار              ","16,174.00","76.22%","Class A (Top 80%)"
"    54840-2K000K","مسمار عمود توازن كيا  سول 10/13 يمين         ","16,162.10","76.24%","Class A (Top 80%)"
"    31970-1G401K","محظر ديزل مغ القاعدة والفلتر اكنت  ريو       ","16,161.53","76.25%","Class A (Top 80%)"
"     87615-3S000","غطاء مراية مع الفليشر اكسنت يسار             ","16,160.00","76.27%","Class A (Top 80%)"
"    56820-2W050K","مشرعة سنتافي 13/15 يمين                      ","16,156.22","76.29%","Class A (Top 80%)"
"    21910-2E650K","كرسي مكينة امامي توسان 06/10 ديزل            ","16,144.32","76.31%","Class A (Top 80%)"
"    22441-2B610K","باكن والات كيا سول النتراء حجم 1.6 2B610=2B80","16,134.61","76.33%","Class A (Top 80%)"
"    51712-3K100K","هوب سوناتا 7/10 3.3 توسان 2012 +سنتافي 4 بستم","16,132.40","76.35%","Class A (Top 80%)"
"    86530-3X000C","جسر صدام امامي النترا 2012+ 3X500            ","16,100.00","76.37%","Class A (Top 80%)"
"    86561-D3000C","شبك صدام تحت توسان  19/16                    ","16,095.00","76.38%","Class A (Top 80%)"
"    92406-2S100C","اسطب كذاب توسان 12/15                        ","16,070.81","76.40%","Class A (Top 80%)"
"    21830-3S550K","كرسي مكينة يسار سوناتا + ازياء حجم 3.0 11/15 ","16,064.93","76.42%","Class A (Top 80%)"
"     86525-B2000","حزام تحت صدام كيا سول 2014                   ","16,060.19","76.44%","Class A (Top 80%)"
"     21020-2G100","براصات ثابت سوناتا سنتافي حجم 2.4 10/14 STD  ","16,045.21","76.46%","Class A (Top 80%)"
" 25310-2D010GOLD","رديتر ماء النتراء 2004 توماتيك               ","16,043.80","76.48%","Class A (Top 80%)"
"    29110-D3000C","بطانة تحت المكينة توسان 15/18                ","16,043.52","76.49%","Class A (Top 80%)"
"  54651-2T450MGB","مساعد امامي سوناتا + اوبتيما K5 11/15        ","16,028.13","76.51%","Class A (Top 80%)"
"    25212-2E300M","بطة دينمة توسان النتراء سوناتا 6pk1780       ","16,017.50","76.53%","Class A (Top 80%)"
"    54555-25000K","بوشة مقص تحت اكسنت بيكانتو 1J\1R\2K\1E\25    ","16,011.02","76.55%","Class A (Top 80%)"
"    86581-3K700M","غطاء حزام صدام امامي سوناتا يسار 08\10       ","16,000.00","76.57%","Class A (Top 80%)"
"     00-G-GS-10A","شلك جملكة ابرو - جمل اكة                     ","15,997.71","76.59%","Class A (Top 80%)"
"    25431-D3500M","دبة ماء راجع توسان 16/2020.                  ","15,993.91","76.61%","Class A (Top 80%)"
"    92201-2B500C","كشافة ضباب سنتافي 10/12                      ","15,944.77","76.62%","Class A (Top 80%)"
"    35310-37150K","بخاخ بترول سوناتا  + سنتافي  حجم 2.7         ","15,915.84","76.64%","Class A (Top 80%)"
" 23410-26012-STD","بستون مكينة اكسنت 06/08 حجم 1.6              ","15,898.00","76.66%","Class A (Top 80%)"
"     46131-3B600","لمدة اسبيت او صوفة جير ازيرا+النترا+اي 40 اصل","15,897.00","76.68%","Class A (Top 80%)"
"    93490-2G550C","شريط ايرباج كيا لوتشي 06/09 خليجي            ","15,894.96","76.70%","Class A (Top 80%)"
"    92120-2H000C","زجاج كشافه امامي يمين النتراء  07/10         ","15,893.70","76.71%","Class A (Top 80%)"
"    92402-1R030C","اسطب خلفي اكسنت 2012-2014 يمين               ","15,864.97","76.73%","Class A (Top 80%)"
"    49506-26S00K","ربلة عكس داخلي سنتافي                        ","15,856.66","76.75%","Class A (Top 80%)"
"41100-23600VALIO","كلتش النترا 07/11 (40373)                    ","15,812.00","76.77%","Class A (Top 80%)"
"   000-SH-LG-990","شحم بيرنج ثقيل علبة رصاص ابرو                ","15,809.58","76.79%","Class A (Top 80%)"
"    54612-3R000C","بيرنج كرسي مساعد سنتافي  سوناتا توسان        ","15,800.00","76.81%","Class A (Top 80%)"
"  82610-2B010C-G","يد باب داخلي يسار سنتافي 07/10 رمادي         ","15,799.40","76.82%","Class A (Top 80%)"
"    46321-39010C","فلتر اسبيت سنتافي +سوناتا 2005               ","15,790.44","76.84%","Class A (Top 80%)"
"    46321-22731C","فلتر اسبيت اكسنت 03 مع الباكن كوري استار     ","15,785.50","76.86%","Class A (Top 80%)"
"    86551-2S000M","عظمة تحت الكشافة توسان يسار القصير           ","15,775.32","76.88%","Class A (Top 80%)"
"     22441-2A102","باكن كور والات اكسنت ديزل 2012               ","15,758.58","76.90%","Class A (Top 80%)"
"    58161-HY0655","مسمار كليبر ذكر + انثى  ابو ربلة             ","15,754.41","76.91%","Class A (Top 80%)"
"    87771-3S000C","نيكل بنكة فوق يسار سوناتا                    ","15,752.99","76.93%","Class A (Top 80%)"
"    86811-G6000C","غلاف بنكة امامي يسار كيا  بيكانتو 16/19      ","15,728.00","76.97%","Class A (Top 80%)"
"     86812-G600C","غلاف بنكة امامي يمين كيا  بيكانتو 16/17      ","15,728.00","76.97%","Class A (Top 80%)"
"    55326-1M000C","ربلة مطب خلفي اكسنت 2012                     ","15,726.08","76.99%","Class A (Top 80%)"
"    98510-3B000C","دينمة مساحات سوناتا 00\05 + 2D مخرج واحد     ","15,708.78","77.01%","Class A (Top 80%)"
"000-ATF-3XNOL-SM","زيت سكان صغير اكسيمول احمر 500 ملي           ","15,704.25","77.02%","Class A (Top 80%)"
"     56521-D3000","بوشة مشط  توسان 2017 + K5 لوتز 2011          ","15,693.99","77.04%","Class A (Top 80%)"
"     57790-38A20","اصلاح علبة سكان تحت سوناتا                   ","15,687.50","77.06%","Class A (Top 80%)"
"    22441-27400K","باكن كور والات توسان + سنتافي ديزل           ","15,650.12","77.08%","Class A (Top 80%)"
"    92800-2S000M","سراج سقف وسط داخلي توسان 11/15               ","15,650.00","77.10%","Class A (Top 80%)"
"    56820-2E000K","مشرعة توسان 2003 يسار                        ","15,635.00","77.11%","Class A (Top 80%)"
"   0000-YL5582-F","باكن شكمان هونداي                            ","15,628.00","77.13%","Class A (Top 80%)"
"    36120-2B100C","دقمة سلف اكسنت 12/15                         ","15,624.04","77.15%","Class A (Top 80%)"
"    92201-1R000C","كشاف اكسنت 2012-2015 يسار                    ","15,610.00","77.17%","Class A (Top 80%)"
"     86154-3X050","غطاء شبط مساحات النترا يمين 11-15            ","15,608.99","77.19%","Class A (Top 80%)"
"    52933-2S500C","حساس طاوة ضغط الهواء توسان 2013              ","15,606.03","77.20%","Class A (Top 80%)"
"    54443-3K000C","بوشة مقص فوق سوناتا 10/06                    ","15,601.52","77.22%","Class A (Top 80%)"
"41100-3D000VALEO"," كلتش توسان + لوتشي  13/15 حجم 2.0(43724)    ","15,597.40","77.24%","Class A (Top 80%)"
"58302-2YA50FALCN","كنويسات خلفي برايد + اكسنت 2009              ","15,592.82","77.26%","Class A (Top 80%)"
"    24431-26000C","تكاية سلسلة تيمت تحت اكسنت 06/10             ","15,585.32","77.28%","Class A (Top 80%)"
"    87722-1G000C","فيبر امامي يمين كيا ريو  حق الراكب           ","15,580.39","77.29%","Class A (Top 80%)"
"    22224-2B011K","ربلة والات النترا + اكسنت حجم 1.6 12/15      ","15,579.20","77.31%","Class A (Top 80%)"
"    25414-C1000K","لي ماء فوق سوناتا حجم 2.0  14/17             ","15,576.56","77.33%","Class A (Top 80%)"
"    51712-2T000K","هوب امامي سوناتا  2013 + كيا كبير            ","15,546.88","77.35%","Class A (Top 80%)"
"    25412-2E100K","لي ماء تحت توسان 04/09                       ","15,545.25","77.36%","Class A (Top 80%)"
"    25411-2E101K","لي ماء فوق توسان فوق حجم 2.0 05/09           ","15,540.00","77.38%","Class A (Top 80%)"
"    92401-07000C","اسطب خلفي كيا بيكانتو 2004 يسار              ","15,540.00","77.40%","Class A (Top 80%)"
"  58101-2SA70ACE","كنويسات امامي سوناتا توسان امريكي 0Z\2SA70\C2","15,538.00","77.42%","Class A (Top 80%)"
"26320-41402BESFT","فلتر بترول 190/1988                          ","15,525.00","77.44%","Class A (Top 80%)"
"     22441-37104","باكن كور والات سوناتا + سنتافي 6 بستون وكالة ","15,520.00","77.45%","Class A (Top 80%)"
"    28139-26330C","لي هواء سنتافي ديزل 00/05                    ","15,500.06","77.47%","Class A (Top 80%)"
"   23060-2G000AA","برصات متحركstd                               ","15,500.00","77.49%","Class A (Top 80%)"
"  54651-2D100SKT","مساعد امامي يسار النترا + ماتركس 01/05       ","15,460.00","77.51%","Class A (Top 80%)"
"    37370-22600C","كتف دينمة اكسنت 2004                         ","15,450.56","77.53%","Class A (Top 80%)"
"     58101-D3A11","كنويسات امامي توسان + سبورتاج 15/1           ","15,450.00","77.54%","Class A (Top 80%)"
"    55215-2G000K","بوشة مقص خلفي تحت كيا لوتشي                  ","15,442.01","77.56%","Class A (Top 80%)"
"    21930-2B000K","كرسي مكينة خلفي سنتافي 06/10                 ","15,419.68","77.58%","Class A (Top 80%)"
"    86514-2T000C","عظمة صدام امامي اوبتيما K5 12/15             ","15,381.00","77.60%","Class A (Top 80%)"
"    21421-2E300M","لمدة كرين امامي النتراء توسان 2010 كيا سول 20","15,380.30","77.61%","Class A (Top 80%)"
"    41610-1G000K","علبة كليتش فوق اكسنت 06/11 ريو 05 برايد 05   ","15,338.77","77.63%","Class A (Top 80%)"
"    54810-2E000M","عمود توازن امامي توسان 04/10                 ","15,290.00","77.65%","Class A (Top 80%)"
"    21443-2B020M","لمدة كرين خلفي اكسنت 12/15                   ","15,277.00","77.67%","Class A (Top 80%)"
"    22441-2B000K","باكن كور والات النترا 06/07 اكسنت 11/15 حجم 1","15,251.31","77.68%","Class A (Top 80%)"
"     86513-2B700","غطاء كشافة ضباب سنتافي 10/12 مغلق            ","15,250.57","77.70%","Class A (Top 80%)"
"    21443-3C700M","لمدة كرين خلفي سنتافي  3C= 2A 2014           ","15,244.29","77.72%","Class A (Top 80%)"
" 52750-2B100SOFT","فلنشة هبس خلفي سنتافي سنجل  07               ","15,231.20","77.74%","Class A (Top 80%)"
"  25310-D3550TAI","رديتر ماء  توسان 2016 عادي                   ","15,227.50","77.75%","Class A (Top 80%)"
"     24312-23202","بطة تيمت توسان + النترا حجم 2.0  07/11       ","15,224.30","77.77%","Class A (Top 80%)"
"    54530-31600C","جوزة مقص اكسنت 00/05 + النتراء 00/06         ","15,209.47","77.79%","Class A (Top 80%)"
"000-SH-200GT-GRM","شحم صغير GT 200G جرمان                       ","15,206.63","77.81%","Class A (Top 80%)"
"  25310-2E850-AB","رديتر ماء لديتر توسان توماتيك 04/09          ","15,200.55","77.82%","Class A (Top 80%)"
"  66321-2E100TAI","بنكة توسان يمين بدون فيبر 05/09              ","15,192.46","77.84%","Class A (Top 80%)"
"0*27*30-HY809ABS","عكس النترا 207  سول 2012 (27*30)             ","15,185.90","77.86%","Class A (Top 80%)"
"    24312-23202K","بطة تيمت توسان + النترا حجم 2.0  07/11   ","15,174.65","77.88%","Class A (Top 80%)"
"     86552-B2000","عظمة صدام امامي كيا سول 14/18 يمين           ","15,161.63","77.89%","Class A (Top 80%)"
"  36100-3C150MTE","سلف سوناتا + ازيرا حجم 3.3                   ","15,153.52","77.91%","Class A (Top 80%)"
"  55311-3K030JTE","مساعد خلفي سوناتا 2006 L+R                   ","15,134.62","77.93%","Class A (Top 80%)"
" 41300-22700SECO","موسم اكسنت + جتز 02/06                       ","15,125.00","77.95%","Class A (Top 80%)"
"    54503-22A00K","جوزة مقص امامي اكسنت + النتراء +جتز  + ماتركس","15,123.07","77.96%","Class A (Top 80%)"
"    39210-23750C","حساس شكمان تحت النتراء توسان 2006            ","15,111.50","77.98%","Class A (Top 80%)"
"    25412-2S100K","لي ماء تحت توسان حجم 2.0 +2.4  10/15         ","15,107.52","78.00%","Class A (Top 80%)"
"    54610-2D100C","كرسي مساعد ماتركس 04/07 2D\17                ","15,101.20","78.02%","Class A (Top 80%)"
"     58163-33000","مسمار كليبر  بين هونداي عام                  ","15,099.90","78.03%","Class A (Top 80%)"
"  54530-3B000GMB","جوزة مقص تحت سنتافي 04/11                    ","15,096.17","78.05%","Class A (Top 80%)"
"    22311-2B000C","باكن راس النتراء 2007 + اكسنت كربون 2012     ","15,093.70","78.07%","Class A (Top 80%)"
"    51750-1P000K","فلنشة هوبس امامي النترا 12/15                ","15,077.88","78.09%","Class A (Top 80%)"
"    55310-25000K","كرسي مساعد خلفي اكسنت 00/05                  ","15,077.86","78.10%","Class A (Top 80%)"
"    51760-2E000K","جوزة مقص توسان 07 كوري                       ","15,066.12","78.12%","Class A (Top 80%)"
"    58101-07000K","كنويسات امامي كيا بيكانتو + مورننج X0 0X=07  ","15,052.36","78.14%","Class A (Top 80%)"
"     25329-3X600","قسام ماء النترا 12/15 اصلي                   ","15,038.00","78.15%","Class A (Top 80%)"
"    86355-3K000C","نيكل كور سوناتا 06/09                        ","15,037.44","78.17%","Class A (Top 80%)"
"    81161-3S000C","مساعد كور سوناتا 12/15                       ","15,029.23","78.19%","Class A (Top 80%)"
"    87732-2S000M","فيبر باب خلفي يمين توسان 12/15               ","15,028.70","78.21%","Class A (Top 80%)"
"    86511-3D010C","صدام امامي سوناتا                            ","15,000.00","78.28%","Class A (Top 80%)"
"    58510-2S101C","علبة بريك توسان سبورتاج 2 مواصير فتحة 12     ","15,000.00","78.28%","Class A (Top 80%)"
"  93490-2K310MGB","كيا سول2011                                  ","15,000.00","78.28%","Class A (Top 80%)"
"    25100-2A200C","بمب ماء اكسنت ديزل                           ","15,000.00","78.28%","Class A (Top 80%)"
"    92102-1R000C","كشافه اماماي يمين اكسنت 12/15 اصفر           ","15,000.00","78.29%","Class A (Top 80%)"
"  55310-2W800MGB","مساعد خلفي سنتافي 14/16 دبل                  ","14,962.68","78.31%","Class A (Top 80%)"
"    64101-2B000C","واجهة امامي سنتافي 07/10                     ","14,960.00","78.33%","Class A (Top 80%)"
"31922-2E900MANDO","فلتر ديزل سنتافي توسان تراجيت 2004 فتحة 14   ","14,941.55","78.34%","Class A (Top 80%)"
"    93570-2B000C","مجموعة تطليع فريم  سنتافي 06/09              ","14,929.19","78.36%","Class A (Top 80%)"
"    31113-1G000C","قفشة بمب بترول فوق اكسنت 06/10               ","14,917.76","78.38%","Class A (Top 80%)"
"  58302-D3A00ACE","كنويسات خلفي توسان +اكسنت1R\3X\D3\C1\D7      ","14,915.39","78.40%","Class A (Top 80%)"
"    51750-39603C","فلنشة هوبس امامي سوناتا 2004                 ","14,905.27","78.41%","Class A (Top 80%)"
"     00-G-FALCON","شلك باكن رمادي فالكون                        ","14,905.26","78.43%","Class A (Top 80%)"
"    25281-27000C","شداد دينمة خارجي توسان ديزل 04/09            ","14,904.96","78.45%","Class A (Top 80%)"
"    28910-26900C","بلف هواء خلف المكينة ابو ليين اكسنت          ","14,901.85","78.46%","Class A (Top 80%)"
"0-30*36MI921ASUP","رأس عكس سنتافي 2007 امريكي 30*36 (MI-921)    ","14,897.31","78.48%","Class A (Top 80%)"
"    22311-3CAD0K","باكن راس يمين سوناتا حجم 3.8 كربون           ","14,894.64","78.50%","Class A (Top 80%)"
"41610-1C010VALIO","علبة كليش فوق  جتز                           ","14,880.70","78.52%","Class A (Top 80%)"
"     25411-2S000","لي ماء فوق توسان حجم 2.0 11/13               ","14,880.00","78.53%","Class A (Top 80%)"
"0-22*25-HY100ANM","صبرة عكس اكسنت 02/05 22*25 ABS               ","14,844.00","78.55%","Class A (Top 80%)"
"    55375-26000C","ربلة مطب خلفي سنتافي 2001                    ","14,834.72","78.57%","Class A (Top 80%)"
"    93490-2E201C","شريط ايرباج توسان 04/090                     ","14,821.01","78.58%","Class A (Top 80%)"
"  58101-0WA00HIQ","كنويسات امامي سنتافي 2012 امريكي + K5        ","14,819.17","78.60%","Class A (Top 80%)"
"21810-1E000FALCN","كرسي مكينة يمين اكسنت 06/10                  ","14,800.00","78.62%","Class A (Top 80%)"
"    51712-2E300C","هوب امامي توسان 04/09                        ","14,800.00","78.64%","Class A (Top 80%)"
"    92401-C1000C","اسطب خلفي سوناتا خارجي 14/18                 ","14,793.04","78.65%","Class A (Top 80%)"
" 21020-2G020AA-C","براصات ثابت لوتشي   مقاس  STD                ","14,780.60","78.67%","Class A (Top 80%)"
"  55310-1Y000MGB","مساعد خلفي بيكانتو + مورننج 11/16            ","14,780.00","78.69%","Class A (Top 80%)"
"    86812-1R000C","بطانه رفرف اكسنت 2011/2015                   ","14,777.36","78.70%","Class A (Top 80%)"
"    92402-3X010C","اسطب خلفي النترا 2012-2013 يمين              ","14,765.00","78.72%","Class A (Top 80%)"
"     22212-37200","والات نار 2.7 سوناتا 6 بستون وكالة           ","14,763.00","78.74%","Class A (Top 80%)"
"     39220-38030","بلاك حرارة سوناتا + اكسنت + عام وكالة        ","14,761.63","78.75%","Class A (Top 80%)"
"    22441-04050K","باكن كور  والات كيا مورننج + بيكانتو 11/17   ","14,753.52","78.77%","Class A (Top 80%)"
"    22441-27400M","باكن كور والات توسان + سنتافي ديزل           ","14,751.45","78.79%","Class A (Top 80%)"
"    86350-1M000C","شبك امامي سيراتو 08/11                       ","14,740.00","78.81%","Class A (Top 80%)"
"    79110-3S000C","مفصلة كور سوناتا 11/15 يسار                  ","14,720.00","78.82%","Class A (Top 80%)"
" 000-SH-MP3-ADOB","شحم صغير ادوب ADOB                           ","14,713.17","78.84%","Class A (Top 80%)"
"    87610-1Y260C","مراية كيا  بيكانتو 2012 ابو غماز             ","14,708.00","78.86%","Class A (Top 80%)"
"     46131-3B000","لمدة بطيخة  بمب زيت اسبيت سنتافي 3.3 2011    ","14,700.00","78.87%","Class A (Top 80%)"
"    92101-17610C","كشافه امامي  ماتركس 2006                     ","14,687.80","78.89%","Class A (Top 80%)"
"    97721-3K000C","حساس مكيف سوناتا + النترا 06/12 3PIN         ","14,679.39","78.91%","Class A (Top 80%)"
"       0-23*27NM","ركبه توسان خليجي                             ","14,656.00","78.92%","Class A (Top 80%)"
"    24810-26020M","شداد تيمت النترا 1.6 + اكسنت  06/10          ","14,654.51","78.94%","Class A (Top 80%)"
" 25310-1E150GOLD","رديتر ماء اكسنت 06/10 تماتيك                 ","14,642.28","78.96%","Class A (Top 80%)"
"    25500-35540M","بلف حرارة سنتافي ازيراء حجم 2.7              ","14,627.75","78.97%","Class A (Top 80%)"
"    28110-2S100C","قربة فلتر هواء توسان امريكي  12/15           ","14,612.33","78.99%","Class A (Top 80%)"
"    56820-3S000K","مشرعة سوناتا 2012 يسار 2S                    ","14,611.00","79.01%","Class A (Top 80%)"
"    92101-1R000C","كشافه اماماي يسار اكسنت 12/15 اصفر           ","14,604.28","79.02%","Class A (Top 80%)"
"         58731-X","لي سم بريك منوع                              ","14,592.00","79.04%","Class A (Top 80%)"
"    81190-1G000K","خبطة كور كيا ريو 06/10 الطويل                ","14,578.89","79.06%","Class A (Top 80%)"
"    39180-23910K","حساس كرين النتراء 2007                       ","14,564.80","79.07%","Class A (Top 80%)"
"    21930-3K050K","كرسي مكينة خلفي سوناتا 07/11                 ","14,560.00","79.09%","Class A (Top 80%)"
"    86514-3S000C","عظمة صدام امامي سوناتا 2012-2015 يمين        ","14,545.00","79.11%","Class A (Top 80%)"
"   52710-25000BW","فلنشة هوبس خلفي اكسنت 99/06                  ","14,540.00","79.13%","Class A (Top 80%)"
"     21020-37305","براصات كرين سوناتا 6 STD                     ","14,529.60","79.14%","Class A (Top 80%)"
"    87751-2S000C","سمكة تحت الباب توسان 14/10 يسار              ","14,495.63","79.16%","Class A (Top 80%)"
"    36120-11140K","دقمة سلف اكسنت سوناتا النترا 2004            ","14,484.76","79.18%","Class A (Top 80%)"
"58101-1MA00FUJIT","كنويسات  امامي B2=1M سوناتا 2011 غاز + كارنز ","14,484.41","79.19%","Class A (Top 80%)"
"  58101-FD000FRX","كنويسات امامي كيا ريو 2003 حجم 1.5           ","14,483.56","79.21%","Class A (Top 80%)"
"    41610-1R100K","علبة كليتش فوق اكسنت 12/14  ( 1160)          ","14,471.13","79.23%","Class A (Top 80%)"
"    87620-3X000C","مراية النترا 2012-2014 يمين مع فليشر         ","14,460.00","79.24%","Class A (Top 80%)"
"    26310-27200M","فلتر زيت  سنتافي توسان ديزل                  ","14,443.58","79.26%","Class A (Top 80%)"
"    49509-25000C","ربلة عكس خارجي اكسنت 01/05                   ","14,442.00","79.27%","Class A (Top 80%)"
"    87620-3X120C","مراية النترا 2012-2014 يمين بدون فليشر       ","14,425.00","79.29%","Class A (Top 80%)"
"    28910-2E000C","بلف هواء النتراء 00/05                       ","14,420.00","79.31%","Class A (Top 80%)"
"    92202-3S700C","كشاف سوناتا13/15 طويل  يمين                  ","14,413.00","79.32%","Class A (Top 80%)"
"    86821-2S000C","بطانة بنكة  خلفي توسان 12/15 يسار            ","14,386.99","79.34%","Class A (Top 80%)"
"      94460-0000","عوامة غاز سوناتا + هونداي عام                ","14,365.00","79.36%","Class A (Top 80%)"
"    87610-2T510C","مراية كيا اوبتيما 11/15 ابو اسطب             ","14,360.00","79.37%","Class A (Top 80%)"
"    79120-3X000C","مفصلة كور النترا 2012 صيني                   ","14,351.00","79.39%","Class A (Top 80%)"
"    28138-3X300C","لي هواء النترا 12/15                         ","14,345.00","79.41%","Class A (Top 80%)"
"    22311-2E000K","باكن راس النترا كربون 11/15                  ","14,329.77","79.42%","Class A (Top 80%)"
"    79110-3X000C","مفصلة كور النترا 2012 صيني                   ","14,329.00","79.44%","Class A (Top 80%)"
"    93570-1E050C","مجموعة تطليع فريم اكسنت 2007  2 ابواب        ","14,327.72","79.46%","Class A (Top 80%)"
"    24312-27000K","بطة تيمت توسان ديزل 123RU28                  ","14,298.07","79.47%","Class A (Top 80%)"
"    25212-2G710K","بطة دينمة  توسان 09/13 + سوناتا 2.4 كيا 6PK21","14,297.60","79.49%","Class A (Top 80%)"
"    92405-2S100M","اسطب كذاب توسان 12/15                        ","14,278.85","79.51%","Class A (Top 80%)"
"  56820-0U500CTR","مشرعة اكسنت راس ذراع دركسون خارجي ريو 1-12 يس","14,278.00","79.52%","Class A (Top 80%)"
"    39310-3C600K","حساسكرين سنتافي 16/18 ابو واير  كوري         ","14,274.25","79.54%","Class A (Top 80%)"
"    87721-1G000C","فيبر امامي يسار كيا ريو  حق السواق           ","14,273.60","79.56%","Class A (Top 80%)"
"    86611-D3000C","صدام خلفي توسان 16/18                        ","14,270.80","79.57%","Class A (Top 80%)"
"    31110-0W000K","بمب بترول مع القاعدة كامل سنتافي 10/12       ","14,245.00","79.59%","Class A (Top 80%)"
"41300-23000VALEO","موسم توسان لوتشي 05/09 حجم 2.0 vkd-29924     ","14,240.00","79.60%","Class A (Top 80%)"
"    22311-04000K","باكن راس مكينة كيا مورننج  بيكانتو 11/14 كربو","14,240.00","79.62%","Class A (Top 80%)"
"    29110-B2000C","بطانة تحت المكينة كيا سول 13/18              ","14,238.83","79.64%","Class A (Top 80%)"
"    22144-39001M","لمدة تيمت سوناتا 6 بستم                      ","14,238.23","79.65%","Class A (Top 80%)"
"     28190-2S100","دبة صوت هواية توسان 11/15                    ","14,234.65","79.67%","Class A (Top 80%)"
"    31112-1G500C","فلتر بترول اكسنت 06/10                       ","14,226.73","79.69%","Class A (Top 80%)"
"0-26*27824094-NM","صبرة عكس توسان ديزل 02/09 ابو حساس           ","14,216.00","79.70%","Class A (Top 80%)"
"    86585-3K500C","نيكل شبك امامي سوناتا 2009 داخل الفيبر       ","14,215.78","79.72%","Class A (Top 80%)"
"    86530-1G050C","جسر صدام امامي ريو 06/09                     ","14,213.31","79.74%","Class A (Top 80%)"
"  55311-2H000GCR","مساعد خلفي النتراء 2006 تجاري                ","14,212.04","79.75%","Class A (Top 80%)"
"   23060-2B913AA","براصات متحرك اكسنت + النترا حجم 1.6  م 25 AA ","14,207.47","79.77%","Class A (Top 80%)"
"    24410-23050K","ضغاط تيمت مع القاعدة النتراء + ماتركس + توسا ","14,195.05","79.78%","Class A (Top 80%)"
"     86690-2S000","صدام خلفي تحت توسان 11/5                     ","14,180.28","79.80%","Class A (Top 80%)"
"    39210-25130C","حساس شكمان فوق  سوناتا  اكسنت  النتراء جتز 1.","14,150.00","79.82%","Class A (Top 80%)"
"    25620-2B003C","قاعدة كوع ماء النتراء 07/10                  ","14,138.50","79.83%","Class A (Top 80%)"
"     86553-2K500","عظمة صدام امامي كيا سول 2012 يسار            ","14,130.00","79.85%","Class A (Top 80%)"
"    28411-25002K","باكن ثلاجة سوناتا حجم 2.0/2.4  06/10         ","14,085.03","79.87%","Class A (Top 80%)"
"    58411-2B000K","هوب خلفي سنتافي 06/10 phc                    ","14,074.73","79.88%","Class A (Top 80%)"
"    21810-2S000K","كرسي مكينة يمين توسان 12/15                  ","14,072.50","79.90%","Class A (Top 80%)"
"    37320-27012C","مكرة دينمة تعبئة توسان + سنتافي ديزل         ","14,067.19","79.91%","Class A (Top 80%)"
"    25281-25000K","شداد دينمة سوناتا07/10 4 بست + لوتشي+سنتافي 2","14,058.25","79.93%","Class A (Top 80%)"
"    94460-3K000K","عوامة تانكي بترول سوناتا 06/10               ","14,037.80","79.95%","Class A (Top 80%)"
"  97606-2K000JTE","تانكي مكيف سول 2009 1.6                      ","14,034.01","79.96%","Class A (Top 80%)"
"    92401-H6000C","اسطب خلفي يسار اكسنت 18/20                   ","14,009.82","79.98%","Class A (Top 80%)"
"    26740-03000M","بلف هواء زيت اكسنت 16/18 + I10               ","14,002.19","80.00%","Class A (Top 80%)"
"    21350-2B700C","صدر مكينة اكسنت 11/15                        ","14,000.00","80.01%","Class B (Next 15%)"
"    31112-C9100C","فلتر بترول اكسنت + بيكانتو 15/19             ","14,000.00","80.03%","Class B (Next 15%)"
"    21810-1E000K","كرسي مكينة يمين اكسنت 06/10                  ","13,994.00","80.04%","Class B (Next 15%)"
"    92410-1E000C","زجاج اسطب خلفي اكسنت 06/10                   ","13,990.06","80.06%","Class B (Next 15%)"
"  54650-2K000MTE","ميزان امامي كيا سول 10/13 يسار               ","13,986.14","80.08%","Class B (Next 15%)"
"    31110-2P000K","بمب بترول مع القاعدة كامل  سنتافي 11/13      ","13,972.55","80.09%","Class B (Next 15%)"
"    97735-1E100C","اطار مروحة مكيف اكسنت 2007                   ","13,970.20","80.11%","Class B (Next 15%)"
"23040-23300KOBIS","شمبر توسان  النتراء 2010 حجم 2.0  STD        ","13,968.00","80.12%","Class B (Next 15%)"
"    51760-3K000C","جوزة مقص امامي تحت سوناتا 06/10              ","13,948.46","80.14%","Class B (Next 15%)"
"       57740-000","ربلة ركبة منوع                               ","13,946.00","80.16%","Class B (Next 15%)"
"    24470-25050M","ضغاط سلسلة بمب زيت سوناتا 06 + توسان 10/15   ","13,939.27","80.17%","Class B (Next 15%)"
"    86585-3K710M","حزام نيكل شبك سوناتا 08/10                   ","13,938.64","80.19%","Class B (Next 15%)"
"    92420-1G010C","زجاج اسطب خلفي  كيا ريو 06/10                ","13,933.65","80.20%","Class B (Next 15%)"
"    54630-2W200C","اسبرنج امامي سنتافي 13/15                    ","13,925.25","80.22%","Class B (Next 15%)"
"    54651-2T010K","مساعد امامي يمين كيا اوبتيما K5 2011         ","13,919.10","80.24%","Class B (Next 15%)"
"    92110-2D510C","زجاج كشافه امامي يسار النتراء 04/06          ","13,912.22","80.25%","Class B (Next 15%)"
"    93490-C1210K","شريط ايرباج سوناتا 15/18                     ","13,902.32","80.27%","Class B (Next 15%)"
"    92420-1E000C","زجاج اسطب خلفي اكسنت 06/10                   ","13,902.09","80.28%","Class B (Next 15%)"
"    21950-3S000K","كرسي مكينة خلفي سوناتا 11/15                 ","13,895.00","80.30%","Class B (Next 15%)"
"    23510-25240M","يد بستونات سوناتا ازيرا 07/13                ","13,893.48","80.32%","Class B (Next 15%)"
"     86516-2B700"," عظمة صدام سنتافي 10\12 يمين                 ","13,879.30","80.33%","Class B (Next 15%)"
"    25212-2E820C","بطة دينمة النترا  + توسان 11/16  6pk1281     ","13,875.86","80.35%","Class B (Next 15%)"
"     56521-1H000","بوشة مشط  النتراء خليجي                      ","13,856.87","80.36%","Class B (Next 15%)"
"    92102-1G010C","كشافة امامي كيا ريو 2006                     ","13,853.38","80.38%","Class B (Next 15%)"
"    28113-B2000K","فلتر هواء كيا سول 2014                       ","13,852.02","80.40%","Class B (Next 15%)"
"    86610-2E000C","صدام خلفي توسان 2004/2006 4 بستون            ","13,850.00","80.41%","Class B (Next 15%)"
"    56900-D3000C","غطاء سكان توسان 16/18                        ","13,842.79","80.43%","Class B (Next 15%)"
"    25414-2H000K","لي ماء فوق النتراء 07/11 حجم 1.6             ","13,841.96","80.44%","Class B (Next 15%)"
"    21910-17050K","كرسي مكينة  امامي ماتركس                     ","13,834.49","80.46%","Class B (Next 15%)"
"    54630-2T020C","اسبرنج امامي اوبتيما  K5 11/13               ","13,833.67","80.48%","Class B (Next 15%)"
"  25310-26070MGB","رديتر  ماء  سنتافي 02/05 مع المبرد توماتيك  (","13,828.40","80.49%","Class B (Next 15%)"
"    37370-02500C","كتف دينمة اتوز + اكسنت                       ","13,825.37","80.51%","Class B (Next 15%)"
"    93410-1G000C","يد اشارة اكسنت + بيكانتو+ ريو 06/11          ","13,810.43","80.52%","Class B (Next 15%)"
"     28112-1G000","قاعدة قربة فلتر هواء تحت اكسنت 2007 وكالة    ","13,808.00","80.54%","Class B (Next 15%)"
" 58302-2PA70UNRA","كنويسات خلفي سنتافي 10\15 سورينتو ركستون موها","13,800.75","80.55%","Class B (Next 15%)"
"    57724-1E000C","دومة اكسنت 06/11                             ","13,800.00","80.57%","Class B (Next 15%)"
"    39180-22600M","حساس كرين 1.3 + 1.5 + 1.6 اكسنت جتز ماتركس ال","13,778.95","80.59%","Class B (Next 15%)"
"  56820-0U590CTR","مشرعة اكسنت راس ذراع دركسون خارجي ريو 1-12 يم","13,778.00","80.60%","Class B (Next 15%)"
"     87712-D3000","فيبر بنكة امامي توسان 15/18 يمين             ","13,760.00","80.62%","Class B (Next 15%)"
"    51750-25000C","فلنشة هوبس امامي اكسنت 00/05                 ","13,750.00","80.63%","Class B (Next 15%)"
"    25480-23001K","لي ماء عراضي سوناتا غاز                      ","13,743.26","80.65%","Class B (Next 15%)"
"    54530-C1100K","جوزة مقص تحت امامي سوناتا  2016 + كدينزا     ","13,742.43","80.67%","Class B (Next 15%)"
"    21930-2E650K","كرسي مكينة خلفي توسان ديزل                   ","13,741.93","80.68%","Class B (Next 15%)"
"    28190-1G000C","دبة صوت اكسنت  06/09                         ","13,738.00","80.70%","Class B (Next 15%)"
"    92201-1G600C","كشافة ضباب كيا ريو 08/10                     ","13,736.88","80.71%","Class B (Next 15%)"
"    92408-2B510M","اسطب كذاب سنتافي 10/11 يسار                  ","13,736.46","80.73%","Class B (Next 15%)"
"23060-2G100TAH50","براصات متحرك سوناتا خرط 50 (R3109A-50)       ","13,723.99","80.74%","Class B (Next 15%)"
"    86525-1E000C","شنب صدام تحت اكسنت 06\10","13,707.92","80.76%","Class B (Next 15%)"
"    21030-2E000M","هلال كرين  النتراء 2012  STD                 ","13,693.37","80.78%","Class B (Next 15%)"
"51750-2D003FALCN","فلنشة هوبس امامي النتراء + ماتركس  00/06     ","13,641.63","80.79%","Class B (Next 15%)"
"    25411-2B800K","لي ماء فوق سنتافي 2010 حجم 2.4               ","13,638.28","80.81%","Class B (Next 15%)"
"    58510-3K300C","علبة بريك فوق سوناتا 2007 ABS                ","13,622.79","80.82%","Class B (Next 15%)"
"    27301-04000K","كويل مفرد كيا بيكانتو مورننج جراند 10  م 11/1","13,620.50","80.84%","Class B (Next 15%)"
"   21020-23921AA","براصات ثابت النترا  م 25 AA الاصلي           ","13,600.00","80.85%","Class B (Next 15%)"
"    39210-37530C","حساس شكمان سنتافي 2004  4 PIN                ","13,580.00","80.87%","Class B (Next 15%)"
"     55330-3X350","اسبرنج خلفي النترا + اكسنت 11/15 وكالة.      ","13,570.80","80.89%","Class B (Next 15%)"
"    21810-1G100K","كرسي مكينة يمين اكسنت 2006/2011              ","13,569.08","80.90%","Class B (Next 15%)"
"  21830-D4100QPA","كرسي اسبيت يسار سوناتا 14-19                 ","13,566.01","80.92%","Class B (Next 15%)"
"    24355-2B000C","حساس زيت اكسنت 12/15                         ","13,553.24","80.93%","Class B (Next 15%)"
"    92202-2S000C","كشاف ضباب امامي توسان 12/15 يمين             ","13,537.35","80.95%","Class B (Next 15%)"
"    82210-D3000M","ربلة فريم باب امامي يسار توسان 16\19","13,500.00","80.96%","Class B (Next 15%)"
"     86524-2B700","غطاء كشافة ضباب سنتافي يمين                  ","13,500.00","80.98%","Class B (Next 15%)"
"    54660-C1000K","مساعد امامي يمين سوناتا 14/17                ","13,469.10","80.99%","Class B (Next 15%)"
"    25430-26410M","دبة ماء راجع سنتافي 02/05 ديزل مع الغطاء     ","13,456.00","81.01%","Class B (Next 15%)"
"    24355-23800K","حساس زيت النتراء  05/12                      ","13,450.00","81.03%","Class B (Next 15%)"
"58101-2SA70FALCN","كنويسات امامي سوناتا توسان امريكي 0Z\2SA70\C2","13,444.00","81.04%","Class B (Next 15%)"
"  55311-B8960NMK","مساعد خلفي سنتافي 2016                       ","13,428.00","81.06%","Class B (Next 15%)"
"    93490-1W310K","شريط ايرباج ريو 11/15                        ","13,426.67","81.07%","Class B (Next 15%)"
" 000-10W3XNL-LPI","زيت اكسينول غاز 10W30                        ","13,388.70","81.09%","Class B (Next 15%)"
"    25350-3Q280C","اطار مروحة سوناتا 11/13","13,370.55","81.10%","Class B (Next 15%)"
"     86170-2K000","عمود الكابة كيا سول 08/12 يسار               ","13,366.00","81.12%","Class B (Next 15%)"
"    54501-D3000C","مقص امامي يمين توسان 15/20                   ","13,365.00","81.13%","Class B (Next 15%)"
"55311-2H100SEALT","مساعد خلفي النتراء 2006  سوبر اس             ","13,360.00","81.15%","Class B (Next 15%)"
"    86811-1G000C","بطانة كفر امامي كيا ريو  06/09               ","13,341.64","81.16%","Class B (Next 15%)"
"     25500-35540","بلف حرارة سنتافي ازيراء حجم 2.7              ","13,340.00","81.18%","Class B (Next 15%)"
"    92102-07000C","كشافة امامي كيا بيكانتو 2004                 ","13,325.00","81.21%","Class B (Next 15%)"
"    92101-07000C","كشافة امامي كيا بيكانتو 2004 يسار            ","13,325.00","81.21%","Class B (Next 15%)"
"58302-2PA70FALCN","كنويسات خلفي سنتافي10\15                     ","13,320.00","81.23%","Class B (Next 15%)"
"    28113-1G100K","فلتر هواء اكسنت 2006                         ","13,315.78","81.24%","Class B (Next 15%)"
"    52773-2G000K","بوشة نكل خلفي النتراء + توسان 06/10          ","13,313.26","81.26%","Class B (Next 15%)"
" 97606-B2000GOLD","لديتر مكيف  سول 14/16                        ","13,307.41","81.27%","Class B (Next 15%)"
"    22443-38010K","لمدة فتجة البلاكات سنتافي + سوناتا 4 بستم 00/","13,303.87","81.29%","Class B (Next 15%)"
"  21830-2E200HIQ","كرسي مكينة يسار توسان 2009                   ","13,290.00","81.30%","Class B (Next 15%)"
"    92201-2D500C","كشافة ضباب النتراء 04/06                     ","13,274.80","81.32%","Class B (Next 15%)"
"     84169-2W000","غطاء مسامير بنكة امامي سنتافي يمين 13/17     ","13,268.66","81.33%","Class B (Next 15%)"
"41300-24530VALEO","موسم سوناتا 2009 + 2011 كيا فايف             ","13,260.80","81.35%","Class B (Next 15%)"
"   52710-3X000BW","فلنشة هوبس خلفي النترا 12/15                 ","13,258.35","81.36%","Class B (Next 15%)"
"21830-2S000FALCN","كرسي مكينة يسار توسان + سبورتاج  12/15       ","13,255.21","81.38%","Class B (Next 15%)"
"  55118-1D000CTR","بوشة عمود سحب خلفي النترا+(52718-3800) اوبتيم","13,250.00","81.39%","Class B (Next 15%)"
"    55160-2K000K","بوشة دنقل خلفي كيا سول                       ","13,250.00","81.41%","Class B (Next 15%)"
"    86514-F2000C","عظمة صدام امامي يمين النترا 2015             ","13,241.23","81.42%","Class B (Next 15%)"
"    92406-3X000C","اسطب كذاب النتراء 11/14 يمين                 ","13,225.15","81.44%","Class B (Next 15%)"
"    92101-2G000C","كشافة كيا لوتشي 2006                         ","13,225.00","81.45%","Class B (Next 15%)"
"    28210-3X010C","دبة صوت هواية النترا 11/15                   ","13,222.14","81.47%","Class B (Next 15%)"
"    86561-3S000C","شبك صدام تحت سوناتا 11\13                    ","13,220.88","81.49%","Class B (Next 15%)"
"  00-L-H4-PHILPS","لمبات H4 فليبس                               ","13,217.34","81.50%","Class B (Next 15%)"
"    57724-1G100K","دومة كيا ريو 06/10 زيت كبير                  ","13,210.00","81.52%","Class B (Next 15%)"
"    92405-3X000C","اسطب كذاب النتراء 11/14 يسار                 ","13,178.48","81.53%","Class B (Next 15%)"
"    31113-17005C","قفشة بمب بترول ماتركس 01/07                  ","13,154.50","81.55%","Class B (Next 15%)"
"    55510-2S000M","عمود توازن خلفي 2WD توسان 12/15 سنجل قصير    ","13,148.33","81.56%","Class B (Next 15%)"
"     18841-11051","بلاكات عادي سوناتا + سبورتاج 2013            ","13,132.00","81.58%","Class B (Next 15%)"
"   000-ATF-AMK-S","زيت سكان AMK صغير ازرق                       ","13,126.00","81.59%","Class B (Next 15%)"
"   92101-25511CH","شمعه اكسنت 2003/2005                         ","13,120.00","81.61%","Class B (Next 15%)"
"     55513-2S100","ربلات عمود التوازن خلفي 2012                 ","13,114.00","81.62%","Class B (Next 15%)"
"    25212-02500K","بطة دينمة اتوز جتز 02/04 1.1 +جتز 0/07 4pk770","13,100.11","81.64%","Class B (Next 15%)"
"    25386-17000K","دينمة مروحة ماتركس 2006                      ","13,097.50","81.65%","Class B (Next 15%)"
"    92102-4A500C","شمعة نور يمين باص H1 99/02                   ","13,075.00","81.68%","Class B (Next 15%)"
"    92101-4A500C","شمعة نور باص H1 99/02                        ","13,075.00","81.68%","Class B (Next 15%)"
"  25310-3Q600-AB","رديتر ماء سوناتا + ازيراء 12/15 تماتيك المنيو","13,071.72","81.70%","Class B (Next 15%)"
"     26300-02751","فلتر زيت اكسنت 104 ام 13/18 + اتوز  اصلي     ","13,060.00","81.71%","Class B (Next 15%)"
"49140-GU-500TOYO","صليب صبرة سنتافي 2011                        ","13,057.72","81.73%","Class B (Next 15%)"
"    86360-1E012C","شبك امامي فوق اكسنت 2006/2009 مع الغطاء      ","13,051.24","81.74%","Class B (Next 15%)"
"  58302-1FA50KAB","كنويسات خلفي توسان IF\3K\2H\2E\3L\2G\        ","13,048.00","81.76%","Class B (Next 15%)"
"    54551-4H000K","بوشة مقص امامي تحت استاركس 2B\4H H1          ","13,041.17","81.77%","Class B (Next 15%)"
"    49506-2HA21K","ربلة عكس داخلي النتراء 07                    ","13,031.96","81.79%","Class B (Next 15%)"
"    25212-25000C","بطة دينمة حجم 2.+2.4 سوناتا +توسان 6pk2584   ","13,017.49","81.80%","Class B (Next 15%)"
"  66321-1G300TAI","بنكة امامي كيا ريو يمين06/10                 ","13,017.20","81.82%","Class B (Next 15%)"
"0-20*24HYW049A48","رأس عكس 24*20*52.5 حساس فوق  مورنج           ","13,004.00","81.83%","Class B (Next 15%)"
"    31112-2H000C","فلتر بترول النتراء 07/10                     ","13,000.00","81.86%","Class B (Next 15%)"
"    51720-25000C","بيرنج امامي اكسنت                            ","13,000.00","81.86%","Class B (Next 15%)"
"    55118-2B100K","بوشة عمود سحب تحت + نكل خلفي سنتافي 06/11    ","12,970.05","81.88%","Class B (Next 15%)"
"    22442-2GGA0K","باكن بمب  سوناتا سنتافي 4 بستم               ","12,968.09","81.89%","Class B (Next 15%)"
"    92403-2T000C","اسطب خانة داخلي يسار كيا اوبتيما 11/15       ","12,968.00","81.91%","Class B (Next 15%)"
"    92201-1G000C","كشافة ضباب كيا ريو 2007                      ","12,948.67","81.92%","Class B (Next 15%)"
"    25415-2H100K","لي ماء تحت النتراء 07/10                     ","12,940.62","81.94%","Class B (Next 15%)"
"  000-CR-200-SMI","بخاخ كربيتر السامي                           ","12,938.00","81.95%","Class B (Next 15%)"
"    55215-2S300K","بوشة مقص خلفي تحت توسان 2016                 ","12,935.17","81.97%","Class B (Next 15%)"
"    55275-2W000K","بوشة مقص خلفي عراضي يمين سنتافي 13/14        ","12,934.15","81.98%","Class B (Next 15%)"
"    55530-2H000K","مسمار توازن خلفي النتراء 07/10               ","12,903.68","82.00%","Class B (Next 15%)"
"    55258-2B000C","بوشة عمود توازن خلفي سنتافي +فيراكروز 2007   ","12,891.45","82.01%","Class B (Next 15%)"
" 41100-4D030SECO","كليتش باص H100  2008 دينا                    ","12,890.60","82.03%","Class B (Next 15%)"
"97133-2E210DOWND","فلتر مكيف توسان 04/09 + كيا سورنتو           ","12,887.62","82.04%","Class B (Next 15%)"
"    54611-1Y000K","كرسي مساعد + بيرنج امامي بيكانتو 11/16       ","12,867.45","82.05%","Class B (Next 15%)"
"    39300-2B000K","حساس منفول CAMSHAFT النتراء 07/10 خليجي      ","12,860.00","82.07%","Class B (Next 15%)"
"  000-CC-MT-3480","بخاخ رغوة الحرمين اصلي                       ","12,853.72","82.08%","Class B (Next 15%)"
"    39210-37543C","حساس شكمان تحت يسار سنتافي 2004 حجم  2.7     ","12,853.10","82.10%","Class B (Next 15%)"
"    58305-3SA30C","كنويسات هلال خلفي سوناتا 2013                ","12,850.91","82.11%","Class B (Next 15%)"
"    39180-27400K","حساس كرين توسان + سنتافي ديزل                ","12,843.60","82.13%","Class B (Next 15%)"
"    86613-3X000C","عظمة صدام خلفي النترا 2012-2015 يسار         ","12,828.00","82.14%","Class B (Next 15%)"
"    28210-3X000C","دبة صوت هواية النترا 11/15                   ","12,819.27","82.16%","Class B (Next 15%)"
"     22441-38010","باكن كور والات سوناتا 2005 وكالة             ","12,811.13","82.17%","Class B (Next 15%)"
"    92202-C1000C","كشاف سوناتا 2016 يمين                        ","12,800.00","82.19%","Class B (Next 15%)"
"     28111-2B000","غطاء قربة فلتر هواء فوق سنتافي 06\11","12,800.00","82.20%","Class B (Next 15%)"
"    92403-C1130C","اسطب خانة داخلي يسار سوناتا 16/19            ","12,800.00","82.22%","Class B (Next 15%)"
"     43751-25200","قاعدة تعشيقة اوبتيما + اكسنت 02/07           ","12,798.20","82.23%","Class B (Next 15%)"
"    55330-2K000C","اسبرنج خلفي كيا سول 09/12                    ","12,797.11","82.25%","Class B (Next 15%)"
"    21930-26200K","كرسي مكينة خلفي سنتافي 00/05                 ","12,795.00","82.26%","Class B (Next 15%)"
"    95736-1G020C","سنتر لوك باب امامي اكسنت + ريو يمين 06/10    ","12,792.93","82.28%","Class B (Next 15%)"
"   18817-7090NGK","بلاكات ليزر سن قصير هونداي عام               ","12,790.02","82.29%","Class B (Next 15%)"
"    54501-1R000K","مقص امامي يمين اكسنت 12/15 كوري              ","12,769.24","82.31%","Class B (Next 15%)"
"    37370-25110K","كتف دينمة سوناتا 06 النتراء 06 + كيا لو      ","12,761.06","82.32%","Class B (Next 15%)"
"    93490-1G210C","شريط ارباج  اكسنت 06/10                      ","12,755.87","82.33%","Class B (Next 15%)"
"    55350-02000C","اسبرنج خلفي اتوز 2004                        ","12,720.00","82.35%","Class B (Next 15%)"
"    92202-B2500C","كشافة ضباب سول 16/18                         ","12,713.91","82.38%","Class B (Next 15%)"
"    92201-B2500C","كشافة ضباب سول 16/18                         ","12,713.91","82.38%","Class B (Next 15%)"
"    24312-3E100K","بطة تيمت سنتافي جرانديور سوناتا كرنفال ازيرا ","12,668.83","82.39%","Class B (Next 15%)"
"    55530-2B000K","مسمار توازن خلفي سنتافي 07/10+ فيراكروز 2007 ","12,667.00","82.41%","Class B (Next 15%)"
"  86812-2K050TAI","بطانة كفر امامي يسار كيا سول 11/13 تايواني   ","12,657.90","82.42%","Class B (Next 15%)"
"     HYUNDAI-33T","صليب صبرة عكس داخلي ازيراء سوناتا 07/10 6 بست","12,649.06","82.44%","Class B (Next 15%)"
"    21830-2E000C","كرسي مكينة يسار توسان 04/09                  ","12,644.81","82.45%","Class B (Next 15%)"
"    49509-25A00K","ربلة عكس خارجي اكسنت 01/05                   ","12,641.00","82.47%","Class B (Next 15%)"
"  86611-2B020TAI","صدام خلفي سنتافي 06/09                       ","12,626.18","82.48%","Class B (Next 15%)"
"    55118-26000K","بوشة عمود سحب خلفي سنتافي 05 كوري            ","12,625.73","82.50%","Class B (Next 15%)"
"  58101-2CA11HIQ","كنويسات امامي 2C\2H\2E\2G\3K\3L\             ","12,621.80","82.51%","Class B (Next 15%)"
"    22311-27850K","باكن راس سنتافي 2006 كربون                   ","12,618.74","82.52%","Class B (Next 15%)"
"    82210-2S000M","ربلة فريم باب امامي يسار توسان 11\15","12,610.00","82.54%","Class B (Next 15%)"
"    21443-22000K","لمدة كرين خلفي اكسنت  1.4 + 1.6              ","12,609.22","82.55%","Class B (Next 15%)"
"     54813-3K000","ربلة مشرخ امامي سوناتا                       ","12,596.00","82.57%","Class B (Next 15%)"
"    21910-2B500K","كرسي مكينة امامي سنتافي 07 امامي كهرباء      ","12,584.83","82.58%","Class B (Next 15%)"
"    93570-3K010C","مجموعة تطليع الفريم سوناتا 06/08 (1E110)     ","12,576.00","82.60%","Class B (Next 15%)"
"    23060-37200M","براصات متحرك سنتافي حجم 2.7                  ","12,573.60","82.61%","Class B (Next 15%)"
"    54830-1C000K","مسمار عمود توازن  امامي يسار جتز 03/08       ","12,566.32","82.63%","Class B (Next 15%)"
"    86513-3S000C","عظمة صدام امامي سوناتا 2012-2015 يسار        ","12,565.00","82.64%","Class B (Next 15%)"
"    86150-D3000C","شبك مساحات توسان 16/19                       ","12,562.85","82.65%","Class B (Next 15%)"
"    25510-42100C","بيسة حرارة باص ديزل هونداي L200 L400 4D56 H10","12,545.00","82.67%","Class B (Next 15%)"
"  55543-2H000CTR","بوشة مقص خلفي ابو عيون كيا لوتشي + النتراء   ","12,526.00","82.68%","Class B (Next 15%)"
"    92405-2W200M","اسطب كذاب يسار سنتافي 13/16 وكالة            ","12,522.45","82.70%","Class B (Next 15%)"
"    55216-2S200K","بوشة مقص خلفي تحت توسان سوناتا سنتافي        ","12,496.11","82.71%","Class B (Next 15%)"
"    21830-3S200M","كرسي اسبيت سوناتا 2012 يسار                  ","12,489.22","82.73%","Class B (Next 15%)"
"    58411-3S000K","هوب خلفي سوناتا  + توسان 12/15               ","12,468.50","82.74%","Class B (Next 15%)"
"    25414-3K100K","لي ماء فوق سوناتا 2007حجم 2.4                ","12,467.98","82.76%","Class B (Next 15%)"
"    86522-C2300C","غطاء كشافة ضباب سوناتا 18/20 ابو ليد يسار    ","12,464.27","82.77%","Class B (Next 15%)"
"    56820-25000C","مشرعة اكسنت + النترا                         ","12,445.32","82.78%","Class B (Next 15%)"
"    86610-3S000C","صدام خلفي سوناتا 2011                        ","12,443.33","82.80%","Class B (Next 15%)"
"    25412-2K100M","لي ماء تحت كيا سول 2012 حجم 2.0              ","12,441.90","82.81%","Class B (Next 15%)"
"     86513-2S000","عظمة صدام امامي يسار توسان 2012              ","12,437.12","82.83%","Class B (Next 15%)"
"    25333-2W000C","ربلة تثبيت تانكي ماء فوق سنتافي 13/15        ","12,433.75","82.84%","Class B (Next 15%)"
"    93490-3Q120K"," شريط ارباج النتراء  امريكي + سوناتا + سول 10","12,433.52","82.86%","Class B (Next 15%)"
"    31401-4A900C","كتة مسطرة توسان سورينتو سنتافي 2014          ","12,413.67","82.87%","Class B (Next 15%)"
"    87620-1R000C","مراية اكسنت 2012 كهرباء بدون الفليشر         ","12,400.00","82.88%","Class B (Next 15%)"
"    35150-22600C","حساس منظم الهواء IDEL اكسنت 200/20050        ","12,394.73","82.90%","Class B (Next 15%)"
"    86521-C2300C","غطاء كشافة ضباب سوناتا 18/20 ابو ليد يسار    ","12,377.74","82.91%","Class B (Next 15%)"
"    92120-2W000C","زجاج كشافه امامي يمين سنتافي 13/15           ","12,364.59","82.93%","Class B (Next 15%)"
"    93490-3X040K"," شريط ارباج النترا + اكسنت 11/15             ","12,361.20","82.94%","Class B (Next 15%)"
"    92303-26010C","غماز صدام امامي L + R ركن سنتافي + توسان     ","12,361.14","82.95%","Class B (Next 15%)"
"    25480-23001M","لي ماء عراضي سوناتا غاز                      ","12,353.22","82.97%","Class B (Next 15%)"
"  86511-1E000KSA","صدام امامي اكسنت 2006/2009 سعودي             ","12,329.50","82.98%","Class B (Next 15%)"
"    58305-1CA00K","كنويسات هلال جتز 01/04                       ","12,328.00","83.00%","Class B (Next 15%)"
"    21310-23002K","بمب زيت النتراء + توسان حجم 2.0  00/06       ","12,327.81","83.01%","Class B (Next 15%)"
"    56820-2E900K","مشرعة توسان 2003 يمين                        ","12,327.50","83.03%","Class B (Next 15%)"
"    49506-1E000K","ربلة عكس داخلي اكسنت                         ","12,326.76","83.04%","Class B (Next 15%)"
"    92102-2E010C","كشافة امامي توسان 2004/2009 ابيض             ","12,326.00","83.05%","Class B (Next 15%)"
"    87610-1G103C","مراية ري11/10  كهرباء ابو سراج يسار          ","12,307.65","83.07%","Class B (Next 15%)"
"  66311-D3000TAI","بنكة خارجي توسان 2017  تايواني يسار          ","12,302.95","83.08%","Class B (Next 15%)"
"     31111-2W750","بمب بترول سنتافي                             ","12,295.98","83.10%","Class B (Next 15%)"
"    54820-02000K","مسمار عمود توازن اتوز  R+L                   ","12,287.85","83.11%","Class B (Next 15%)"
"    56820-2H000K","مشرعة النتراء 2007 يسار                      ","12,281.12","83.12%","Class B (Next 15%)"
"    55530-2B200K","مسمار توازن خلفي سنتافي 07/10+ فيراكروز 2007 ","12,280.62","83.14%","Class B (Next 15%)"
"    21930-17050K","كرسي مكينة خلفي ماتركس 06/08 توماتيك فقط     ","12,278.02","83.15%","Class B (Next 15%)"
"    27302-3C000C","ربلة كويل هونداي                             ","12,262.25","83.17%","Class B (Next 15%)"
"    28113-2S000C","فلتر هواء توسان 11/15                        ","12,261.20","83.18%","Class B (Next 15%)"
"  20910-37A04MAN","بدلة باكنات سنتافي توسان حجم 2.7 ماندو       ","12,260.00","83.20%","Class B (Next 15%)"
"    87620-2S000C","مراية توسان 12/15 يمين                       ","12,260.00","83.21%","Class B (Next 15%)"
"  54611-3K030ENG"," مساعد امامي سوناتا + ازيراء انجليزي         ","12,257.50","83.22%","Class B (Next 15%)"
"     21360-26002","غطاء تيمت فوق  اكسنت 2005 وكالة              ","12,254.47","83.24%","Class B (Next 15%)"
"    25212-2A121K","بطة دينمة اكسنت + النترا ديزل                ","12,245.52","83.25%","Class B (Next 15%)"
"    25414-3S110K","لي ماء فوق سوناتا حجم 2.0 11/13              ","12,236.50","83.27%","Class B (Next 15%)"
"    92406-S1000C","اسطب كذاب سنتافي 19/21                       ","12,221.50","83.28%","Class B (Next 15%)"
"    58510-2B800K","علبة بريك فوق اسنتافي 06/11                  ","12,207.80","83.29%","Class B (Next 15%)"
"54651-2S000SHOKT","مساعد امامي توسان 10/14                      ","12,200.00","83.31%","Class B (Next 15%)"
"    31911-2E000C","فلتر بترول توسان 03/09                       ","12,194.00","83.32%","Class B (Next 15%)"
"  82610-3K000C-N","يد باب داخلي سوناتا 06/10 يسار نيكل          ","12,193.00","83.34%","Class B (Next 15%)"
"    93490-2K200K","شريط ايرباج  كيا سول + توسان 2011            ","12,189.40","83.35%","Class B (Next 15%)"
"         000-DOT","سم بريك 205 ملي امريكي علبة صفراء المقبلي    ","12,182.67","83.36%","Class B (Next 15%)"
"    98510-26100C","دينمة مساحات سنتافي النترا بوكس 2003 مخرجين م","12,178.16","83.38%","Class B (Next 15%)"
"    86610-2D500C","صدام خلفي النتراء 03/05                      ","12,178.00","83.39%","Class B (Next 15%)"
"    86811-2T100C","بطانة كفر  كيا لوتشي 11/15 K5                ","12,175.91","83.41%","Class B (Next 15%)"
"    86811-1W000C","بطانة كفر امامي كيا  ريو يسار 11/15          ","12,160.28","83.42%","Class B (Next 15%)"
"    51712-2B700C","هوب امامي سنتافي 07/13                       ","12,160.19","83.43%","Class B (Next 15%)"
"    92102-2G000C","كشافة كيا  لوتشي 2006 يمين                   ","12,160.00","83.45%","Class B (Next 15%)"
"    18847-11160M","بلاكات سوناتا 2012+ توسان بلاتين نحيف طويل de","12,155.06","83.46%","Class B (Next 15%)"
"    28190-F2000C","دبة صوت النتراء 16/19 (28210-F2000)          ","12,151.93","83.48%","Class B (Next 15%)"
"  55360-25000NOM","مساعد خلفي اكسنت يسار (332108)               ","12,140.00","83.50%","Class B (Next 15%)"
"  55350-25000NOM","مساعد خلفي اكسنت يسار (332109)               ","12,140.00","83.50%","Class B (Next 15%)"
"    21020-2B020M","براصات ثابت النترا توسان اكسنت 2014          ","12,120.98","83.52%","Class B (Next 15%)"
"    25335-26000C","ربلة تثبيت تانكي ماء  00/06                  ","12,113.05","83.53%","Class B (Next 15%)"
"    58305-3KA00K","كنويس هاندبريك سوناتا + كيا لوتشي            ","12,112.42","83.55%","Class B (Next 15%)"
"    55513-2G000K","ربلة مشرخ خلفي كيا لوتشي + سنتافي 07         ","12,103.22","83.56%","Class B (Next 15%)"
"    25650-02501C","قاعدة كوع ماء بيكانتو + اتوز 06/10           ","12,082.47","83.57%","Class B (Next 15%)"
"    55311-2S410K","مساعد خلفي توسان دبل ابو حلقة 12/15          ","12,079.20","83.59%","Class B (Next 15%)"
"    52950-24000K","صاموله كفر اكسنت كوري 99/2001                ","12,077.52","83.60%","Class B (Next 15%)"
"    23060-23640M","براصات متحرك  النترا 1.8 وكالة STD           ","12,074.32","83.62%","Class B (Next 15%)"
"    28113-1G000M","فلتر هواء اكسنت 06/10 موبيس                  ","12,066.66","83.63%","Class B (Next 15%)"
"    93490-2B250K","شريط ايرباج سنتافي 09/12                     ","12,060.84","83.64%","Class B (Next 15%)"
"    24375-2G000C","حساس زيت كيا لوتشي 05/12                     ","12,051.40","83.66%","Class B (Next 15%)"
"    24450-38011K","مكرة تيمت 2.4 س سوناتا سنتافي اتش ون         ","12,048.66","83.67%","Class B (Next 15%)"
"    28910-26900K","بلف هواء خلف المكينة ابو ليين اكسنت          ","12,032.29","83.68%","Class B (Next 15%)"
"54661-2E500TRSTY","مساعد امامي يمين توسان ترستي                 ","12,030.00","83.70%","Class B (Next 15%)"
"     81130-2S000","قفل كور تحت توسان 12/15 اصلي                 ","12,019.00","83.71%","Class B (Next 15%)"
"    86614-2S000C","عظمة صدام خلفي توسان 11/15                   ","12,017.00","83.73%","Class B (Next 15%)"
"    31111-2W000C","بمب بترول سنتافي 2009 ابو كانشة              ","11,985.70","83.74%","Class B (Next 15%)"
"   55311-25000-F","ربلة كرسي مساعد اكسنت 00/05                  ","11,983.60","83.75%","Class B (Next 15%)"
"     51750-1J000","فلنشة هوبس امامي اكسنت 12/15                 ","11,979.85","83.77%","Class B (Next 15%)"
"21020-22541TAHSD","براصات ثابت اكسنت 00/09  STD (M3105A-STD)    ","11,977.95","83.78%","Class B (Next 15%)"
"  82610-2E000C-B","يد باب داخلي توسان 05/09 يسار اسود           ","11,975.00","83.80%","Class B (Next 15%)"
"    54612-3S000C","بيرنج كرسي مساعد امامي سنتافي 09/12 سورينتو 9","11,974.54","83.81%","Class B (Next 15%)"
"    55513-2G100K","ربلة مشرخ خلفي النتراء 2006 + لوتشي          ","11,964.48","83.82%","Class B (Next 15%)"
"    54611-1J000K","كرسي مساعد اكسنت+فولستر 11/16 كوري           ","11,964.41","83.84%","Class B (Next 15%)"
"    41421-22810K","فحمة كليتش اكسنت 06/11                       ","11,962.00","83.85%","Class B (Next 15%)"
"    27310-37140C","كويل مفرد سنتافي + سوناتا + توسان 2.7 رقم 1-4","11,955.61","83.86%","Class B (Next 15%)"
"    24471-25001C","دكاية سلسلة بمب زيت يمين سوناتا لوتشي توسان  ","11,951.43","83.88%","Class B (Next 15%)"
"    87772-3S000C","نيكل بنكة فوق يمين سوناتا                    ","11,951.05","83.89%","Class B (Next 15%)"
"    86820-2B200C","بطانة كفر امامي سنتافي 10/12 يمين            ","11,930.65","83.91%","Class B (Next 15%)"
"    24810-23050K","شداد تيمت النتراء2000/2007                   ","11,921.55","83.92%","Class B (Next 15%)"
"    86525-2B700C","شنب صدام امامي سنتافي 10/12                  ","11,900.61","83.93%","Class B (Next 15%)"
"    39210-2G380C","حساس شكمان فوق توسان 2012                    ","11,897.79","83.95%","Class B (Next 15%)"
"     98620-2B600","دبة مساحات 2010                              ","11,877.61","83.96%","Class B (Next 15%)"
"21020-2G000TAH25","براصات ثابت مقاس 25 سوناتا + لوتشي(M3109A-25)","11,866.63","83.97%","Class B (Next 15%)"
"  23410-26111-50","بستون مكينة ماتركس + جتز 06/08 حجم 1.6       ","11,865.20","83.99%","Class B (Next 15%)"
"    26410-2A300C","مبرد زيت اكسنت ديزل 2007                     ","11,852.19","84.00%","Class B (Next 15%)"
"    39210-2G550C","حساس شكمان سوناتا 2012                       ","11,835.00","84.01%","Class B (Next 15%)"
"    22311-22601K","باكن راس كربون اكسنت حجم 1.5                 ","11,828.00","84.03%","Class B (Next 15%)"
"    86812-2T500C","بطانة كفر  كيا لوتشي 11/15 K5                ","11,825.50","84.04%","Class B (Next 15%)"
"     81260-2B010","يد خانة خلفي سنتافي 07/090                   ","11,820.61","84.06%","Class B (Next 15%)"
"    86523-2B700M","غطاء كشافة ضباب سنتافي يسار                  ","11,819.37","84.07%","Class B (Next 15%)"
"  58305-2PA10QMP","كنويسات هلال هاندبريك سنتافي 10\12           ","11,815.60","84.08%","Class B (Next 15%)"
"    21810-2T000K","كرسي مكينة يمين سوناتا اوبتيما(3S600/2T200)  ","11,814.19","84.10%","Class B (Next 15%)"
"  55351-2D100NMK","مساعد خلفي النترا  + ماتركس يسار 01/06       ","11,811.85","84.11%","Class B (Next 15%)"
"    58101-2BA10C","كنويسات امامي سنتافي 06\09                   ","11,810.00","84.12%","Class B (Next 15%)"
"    55311-1G000C","كرسي مساعد خلفي اكسنت + ريو 06/10            ","11,808.28","84.14%","Class B (Next 15%)"
"    36139-11140C","جير سلف خارجي اكسنت 2004                     ","11,807.94","84.15%","Class B (Next 15%)"
"    94750-37100K","كتة زيت عام الجميع                         ","11,779.80","84.16%","Class B (Next 15%)"
"     86591-3S000","شنب صدام امامي تحت سوناتا 11/13              ","11,771.78","84.18%","Class B (Next 15%)"
"    87742-3W000C","فيبر بنكة خلفي  يمين كيا سبورتاج 11/15       ","11,770.00","84.19%","Class B (Next 15%)"
"    54530-2B000M","جوزة مقص امامي سنتافي 04/11                  ","11,760.00","84.20%","Class B (Next 15%)"
"    86170-2K000M","عمود الكابة كيا سول 08/12 يسار               ","11,743.89","84.22%","Class B (Next 15%)"
"54530-2S500FALCN","جوزة مقص تحت توسان 11/14 كوري                ","11,723.40","84.23%","Class B (Next 15%)"
"    25286-04000C","مكرة بطة دينمة اكسنت 14/17                   ","11,718.35","84.25%","Class B (Next 15%)"
"    21810-2W000C","كرسي مكينة يمين سنتافي 2015                  ","11,714.91","84.26%","Class B (Next 15%)"
"    86352-2S100C","غطاء فوق الشبك مع بيت العلامه 86351-2S100    ","11,700.00","84.27%","Class B (Next 15%)"
"    98510-3F100C","دينمة مساحات ماء سنتافي                      ","11,694.46","84.29%","Class B (Next 15%)"
"0-25*30MI-013SUP","رأس عكس ماتركس النتراء ابو حساس 25*30 خليجي  ","11,689.23","84.30%","Class B (Next 15%)"
"    23040-2G510M","رنجات مكينة سنتافي 2014 حجم 2.4 GDI          ","11,688.42","84.31%","Class B (Next 15%)"
"    25286-04000K","مكرة بطة دينمة خارجي كيا بيكانتو 2011        ","11,681.99","84.33%","Class B (Next 15%)"
"     28139-37101","لي هواء سنتافي + سوناتا                      ","11,680.00","84.34%","Class B (Next 15%)"
"   000-5W30XENOL","زيت اكسينول موديل جديد                       ","11,672.05","84.35%","Class B (Next 15%)"
"     25411-3X650","لي ماء فوق النترا 12/14                  ","11,660.00","84.37%","Class B (Next 15%)"
"21020-2E000TAH25","براصات ثابت النترا 11/15خرط 25 (M3113A-25)   ","11,653.38","84.38%","Class B (Next 15%)"
"    86612-D3000C","صدام خلفي تحت توسان 11/15                    ","11,641.57","84.39%","Class B (Next 15%)"
"    36170-22805C","قاعدة فحمات سلف 213 حديد                     ","11,636.39","84.41%","Class B (Next 15%)"
"    58510-2E100C","علبة بريك فو ق توسان 05/09 abs               ","11,633.27","84.42%","Class B (Next 15%)"
"    46512-39700C","جير عداد سرعة سنتافي ديزل 00/05              ","11,617.95","84.43%","Class B (Next 15%)"
"    25386-1C110C","دينمة مروحة جتز 02/06 كانشة                  ","11,600.35","84.45%","Class B (Next 15%)"
"    56900-3X000C"," غطاء سكان النتراء 12/15                     ","11,592.00","84.46%","Class B (Next 15%)"
"23060-2E000TAH50","براصات متحرك النترا (50) 12/15 (R3113A/-50)  ","11,576.34","84.47%","Class B (Next 15%)"
"    21510-25001C","كور زيت مكينة تحت سوناتا + توسان الصغير      ","11,574.08","84.49%","Class B (Next 15%)"
"    21950-2W100C","كرسي مكينة خلفي ستافي 11/15                  ","11,563.00","84.50%","Class B (Next 15%)"
"    87722-2E000C","فيبر باب امامي يمين توسان                    ","11,558.16","84.51%","Class B (Next 15%)"
"    93580-1G001C","زرار فريم مفرد اكسنت 07/10                   ","11,550.05","84.53%","Class B (Next 15%)"
"  55310-2B201NOM","مساعد خلفي سنتافي 07/11                      ","11,546.00","84.54%","Class B (Next 15%)"
"    92102-3D000C","شمعه نور سوناتا 03/05                        ","11,540.00","84.55%","Class B (Next 15%)"
"    25411-1R200K","لي ماء فوق اكسنت 11/13                       ","11,524.90","84.57%","Class B (Next 15%)"
"  54840-3R000CTR","مسمار توازن سوناتا+اوبتيما 11-14 يمين        ","11,506.00","84.58%","Class B (Next 15%)"
"  23060-2G020GMB","براصات متحرك سوناتا مقاص STD                 ","11,500.00","84.63%","Class B (Next 15%)"
"  92406-2S100C-G","اسطب كذاب توسان 12/15 نفس الوكالة            ","11,500.00","84.63%","Class B (Next 15%)"
"  92405-2S100C-G","اسطب كذاب توسان 12/15 نفس الوكالة            ","11,500.00","84.63%","Class B (Next 15%)"
"    87620-2D550C","مراية باب النتراء 2004 كهرباء يمين اسود تجاري","11,500.00","84.63%","Class B (Next 15%)"
"    92401-1R630C","اسطب خلفي اكسنت 2015+ يسار                   ","11,500.00","84.65%","Class B (Next 15%)"
"    93570-3S000C","مجموعة تطليع فريم سوناتا 2012 اسود           ","11,500.00","84.66%","Class B (Next 15%)"
"    21830-02050K","كرسي مكينة يسار اتوز 97/200                  ","11,498.82","84.67%","Class B (Next 15%)"
"    21830-3K800K","كرسي مكينة يسار حجم 3.3 سوناتا  + ازيراء 07/1","11,496.92","84.69%","Class B (Next 15%)"
"    29110-H6000C","بطانة تحت المكينة اكسنت 18/20                ","11,494.08","84.70%","Class B (Next 15%)"
"    22441-2G000M","باكن كور والات  توسان + سنتافي +  4 بستم 11/1","11,491.35","84.71%","Class B (Next 15%)"
"  54661-2W000NMK","مساعد امامي سنتافي 2012 يمين                 ","11,489.10","84.72%","Class B (Next 15%)"
"     24431-25001","تكاية سلسلة تيمت تحت سوناتا  سنتافي          ","11,485.05","84.74%","Class B (Next 15%)"
"    55160-07000K","بوشة دنقل خلفي اكسنت (1E) + مورننج           ","11,481.18","84.75%","Class B (Next 15%)"
"  58510-2D000TOP","علبة بريك فوق النترا 00/05 4 مخارج           ","11,480.00","84.76%","Class B (Next 15%)"
"    92110-3S000C","زجاج كشافه امامي يسار سوناتا 2011            ","11,479.78","84.78%","Class B (Next 15%)"
"    55330-1G000C","اسبرنج خلفي اكسنت + ريو 06/10                ","11,466.53","84.79%","Class B (Next 15%)"
"    55260-3K000C","مسمار بوشة مقص خلفي عام                      ","11,462.50","84.80%","Class B (Next 15%)"
"     000-SH-200G","شحم صغير 4max                                ","11,462.22","84.82%","Class B (Next 15%)"
"54651-3S000TRUSY","مساعد امامي يسار سوناتا 2012                 ","11,450.00","84.83%","Class B (Next 15%)"
"    21910-26700C","كرسي مكينة امامي سنتافي 00/06 3.5            ","11,440.00","84.84%","Class B (Next 15%)"
"     49506-2HA21","ربلة عكس داخلي النتراء 07 وكالة              ","11,434.40","84.86%","Class B (Next 15%)"
"  54651-2E500NOM","مساعد امامي توسان + سبورتاج 03/09 (334502)   ","11,431.00","84.87%","Class B (Next 15%)"
"    25611-35520C","كوع ماء سوناتا سنتافي توسان 6 بستون          ","11,428.95","84.88%","Class B (Next 15%)"
"    93490-2M300C","شريط ايرباج  كيا + توسان 2012                ","11,426.41","84.90%","Class B (Next 15%)"
"    54610-25000C","كرسي مساعد اكسنت + جتز 1C\25                 ","11,426.00","84.91%","Class B (Next 15%)"
"    55530-3R000K","مسمار توازن خلفي توسان + سبورتاج 12/15       ","11,416.00","84.92%","Class B (Next 15%)"
"  66321-2S000TAI","بنكة امامي توسان 11/15 تايواني               ","11,415.72","84.94%","Class B (Next 15%)"
"  54611-3K020GCR","مساعد امامي سوناتا 2006                      ","11,411.65","84.95%","Class B (Next 15%)"
"    92110-3W020C","زجاج كشافة امامي سبورتاج 11/15               ","11,406.56","84.96%","Class B (Next 15%)"
"41100-39260VALEO","كلتش توسان + كيا لوتشي  (29923) HD-118       ","11,390.80","84.97%","Class B (Next 15%)"
"    56820-2S000K","مشرعة توسان 2010 يسار (3S)                   ","11,390.62","84.99%","Class B (Next 15%)"
" 22311-27012-MTL","باكن راس توسان ديزل  05/09 حديد حجم 1.6/2.0  ","11,384.33","85.00%","Class B (Next 15%)"
"  58101-2TA20ACE","كنويسات امامي اوبتيما  ازيرا 2014 تربو       ","11,384.09","85.01%","Class B (Next 15%)"
"    39210-37533C","حساس شكمان سنتافي 05/09                      ","11,366.45","85.03%","Class B (Next 15%)"
"    93810-3S000K","كتة بريك 1R\3X\F2\I10\B8\2W\I30\2S\CRETA","11,362.67","85.04%","Class B (Next 15%)"
"    56900-C1000C","غطاء سكان سوناتا 16/18                       ","11,360.00","85.05%","Class B (Next 15%)"
"  86511-3X000TAI","صدام امامي النتراء 11/13 تايواني             ","11,350.00","85.07%","Class B (Next 15%)"
"    92101-1C500C","كشافةيسار جتز 06/09                          ","11,345.99","85.08%","Class B (Next 15%)"
"    25100-03010K","بمب ماء اكسنت + مورننج حجم 1.4  2014         ","11,333.19","85.09%","Class B (Next 15%)"
"    25500-25001K","بلف حرارة سوناتا 2006                        ","11,321.79","85.11%","Class B (Next 15%)"
"    24410-23800M","ضغاط تيمت النتراء 07/10 + توسان 4 بستم 2.0+تب","11,318.74","85.12%","Class B (Next 15%)"
"    81771-2B000C","مساعد شنطة سنتافي 2007 تجاري                 ","11,314.12","85.13%","Class B (Next 15%)"
"     41610-26000","علبة كليتش فوق سنتافي وكالة                  ","11,310.00","85.14%","Class B (Next 15%)"
"     28113-4H000","فلتر هواء H1 2007 وكاله                      ","11,310.00","85.16%","Class B (Next 15%)"
"    86513-1E000C","عظمة صدام امامي اكسنت 05/10 يسار             ","11,307.36","85.17%","Class B (Next 15%)"
"    54551-2S000K","بوشة مقص  2S\3R\2H\2W\2E\A4                  ","11,305.70","85.18%","Class B (Next 15%)"
"    28113-3K200K","فلتر هواء سوناتا  2005/2010بيسفتس            ","11,304.00","85.20%","Class B (Next 15%)"
"    93570-1G110C","مجموعة تطليع فريم ريو 06/10                  ","11,303.72","85.21%","Class B (Next 15%)"
"    57726-2D000M","بوشة علبة سكان تحت النترا 00/05              ","11,285.82","85.22%","Class B (Next 15%)"
"    56820-2W000K","مشرعة سنتافي 13/15 يسار ( 2B-2W/2S)          ","11,282.10","85.24%","Class B (Next 15%)"
"    21810-3X000K","كرسي مكينة يمين النتراء 12/15(0U000)         ","11,280.00","85.25%","Class B (Next 15%)"
"    54626-3X000C","ربلة مطب فوق الاسبرنج امامي النترا 12/15     ","11,274.91","85.26%","Class B (Next 15%)"
"    86811-07500C","بطانة كفر امامي يسار كيا بيكانتو 10\07       ","11,271.00","85.27%","Class B (Next 15%)"
"    57150-1G000C","دبة علبة سكان فوق اكسنت 06/10                ","11,266.00","85.29%","Class B (Next 15%)"
"     86514-B8000","عظمة صدام امامي يمين سنتافي 2014 B8=2W       ","11,260.89","85.30%","Class B (Next 15%)"
"    21421-2B030M","لمدة كرين امامي اكسنت 2012 النتراء 1.6       ","11,252.31","85.31%","Class B (Next 15%)"
"     25451-2S000","لي دبة ماء راجع توسان 11/15                  ","11,252.00","85.33%","Class B (Next 15%)"
"    22441-27001K","باكن كور والات توسان + سنتافي ديزل           ","11,245.90","85.34%","Class B (Next 15%)"
"    25385-F2000M","كتف مروحة عام 07550                          ","11,229.42","85.35%","Class B (Next 15%)"
"  55305-26200JTE","مساعد خلفي سنتافي 2002 يمين + يسار           ","11,209.16","85.37%","Class B (Next 15%)"
"    92102-3S010C","شمعة سوناتا  ابيض 2012-2014 يمين             ","11,206.37","85.38%","Class B (Next 15%)"
"  41300-23610PHC","موسم توسان + النترا PHC                      ","11,200.00","85.39%","Class B (Next 15%)"
"     41421-28030","فحمة كليتش اكسنت + النتراء 06/09 وكالة       ","11,185.00","85.40%","Class B (Next 15%)"
"    86561-3K500C","شبك صدام تحت سوناتا 08\10                    ","11,183.45","85.42%","Class B (Next 15%)"
"    55330-25000C","اسبرنج خلفي اكسنت 00/05                      ","11,180.00","85.43%","Class B (Next 15%)"
"56820-2E900FALCN","مشرعة توسان 2003 يمين                        ","11,167.85","85.44%","Class B (Next 15%)"
"  54611-3K030MTE"," مساعد امامي سوناتا + ازيراء                 ","11,159.76","85.46%","Class B (Next 15%)"
"    86812-S1000C","بطانة بنكة  سنتافي 2019                      ","11,140.00","85.47%","Class B (Next 15%)"
"    93410-1C200M","يد اشارة جتز اكسنت + بيكانتو+ ريو 06/11      ","11,137.55","85.48%","Class B (Next 15%)"
"    86630-1E000C","جسر خلفي  اكسنت 06/10                        ","11,137.10","85.49%","Class B (Next 15%)"
"    86514-1E000C","عظمة صدام امامي اكسنت 05/10 يمين             ","11,135.29","85.51%","Class B (Next 15%)"
"    21910-26100K","كرسي مكينة امامي سنتافي 00/06                ","11,131.00","85.52%","Class B (Next 15%)"
"    28113-08000C","فلتر هواء توسان 04/09                        ","11,126.39","85.53%","Class B (Next 15%)"
"    87721-2W000C","فيبر باب امامي يسار سنتافي 13/15 ( A1000)    ","11,124.35","85.54%","Class B (Next 15%)"
"    35310-32560C","بخاخ بترول سوناتا سنتافي حجم 3.0/2.4//2.0/1.8","11,103.51","85.56%","Class B (Next 15%)"
"    92120-3S000C","زجاج كشافة سوناتا 11/15                      ","11,101.85","85.57%","Class B (Next 15%)"
"    25415-C1100C","لي ماء تحت سوناتا 16/19 طويل                 ","11,098.00","85.58%","Class B (Next 15%)"
"    23060-3C202M","براصات يد سنتافي 2006 حجم 3.3 STD            ","11,092.82","85.60%","Class B (Next 15%)"
"    54584-2T000M","بوشة مقص2S\3S\2T\F2\4H                       ","11,067.44","85.61%","Class B (Next 15%)"
"    25415-3S000K","لي ماء تحت سوناتا 11/15حجم 2.4               ","11,057.91","85.62%","Class B (Next 15%)"
"    92405-2S100C","اسطب كذاب توسان 12/15                        ","11,056.81","85.63%","Class B (Next 15%)"
"    97133-1E100K","فلتر مكيف اكسنت                              ","11,045.41","85.65%","Class B (Next 15%)"
"  92405-B2000TAI","اسطب كذاب كيا سول 14/17                      ","11,038.85","85.66%","Class B (Next 15%)"
"    22311-2B003K","باكن راس النترا+اكسنت 12/15 كربون            ","11,035.00","85.67%","Class B (Next 15%)"
"     79110-26000","مفصلة كور سنتافي 00/05 يسار                  ","11,027.89","85.68%","Class B (Next 15%)"
"    92401-2S050C","اصطب خلفي توسان 2012 امريكي                  ","11,027.18","85.70%","Class B (Next 15%)"
"    21830-1R050K","كرسي مكينة يسار اكسنت 2011/2013 QMP          ","11,025.00","85.71%","Class B (Next 15%)"
"    21830-26300C","كرسي مكينة يسار سنتافي 2004 2.7 4WD          ","11,020.00","85.72%","Class B (Next 15%)"
"  58101-C5A00ACE","كنويسات امامي سورينتو 2015                   ","11,020.00","85.74%","Class B (Next 15%)"
"    93810-2E000K","كتة بريك توسان 1E\2H\2D\3K\I10\I20\H1\2Eليبرو","11,017.42","85.75%","Class B (Next 15%)"
"    92102-1G020C","كشافة امامي كيا ريو 2006                     ","11,011.20","85.76%","Class B (Next 15%)"
"    39180-2A400C","حساس كرين اكسنت ديزل 02/10                   ","11,000.00","85.80%","Class B (Next 15%)"
"    56820-0X000C","مشرعة اي تن 07/17 + بيكانتو I10              ","11,000.00","85.80%","Class B (Next 15%)"
"          6303DD","بيرنج دينمة ربل ياباني NSK                   ","11,000.00","85.80%","Class B (Next 15%)"
"    41100-4B000K","كليتش باص 06/07 اتش ون                       ","10,995.40","85.81%","Class B (Next 15%)"
"    54626-1G000C","ربلة مطب فوق الاسبرنج امامي اكسنت 06/10      ","10,993.20","85.82%","Class B (Next 15%)"
"  54651-17600NMK","مساعد امامي النتراء + ماتركس 2006 يسار       ","10,987.90","85.84%","Class B (Next 15%)"
"    54552-38000K","بوشة مقص الصغير اوبتيما + سوناتا 00/04       ","10,980.91","85.85%","Class B (Next 15%)"
"    54500-2B500K","مقص امامي يسار سنتافي 2010                   ","10,969.60","85.86%","Class B (Next 15%)"
"    54551-3K000K","بوشة مقص تحت سوناتا 05/10 كوري               ","10,967.00","85.87%","Class B (Next 15%)"
"    31910-2H000K","فلتر بترول النتراء 2007                      ","10,965.18","85.89%","Class B (Next 15%)"
"    54584-B2000M","بوشة مقص الكير سول 14/16 4H/2S/3S/2T         ","10,963.82","85.90%","Class B (Next 15%)"
"    81174-21010M","كانشة عصاء كور عام                           ","10,963.45","85.91%","Class B (Next 15%)"
"    57740-2E000C","ربله دومه توسان                              ","10,950.00","85.93%","Class B (Next 15%)"
"    26300-35504C","فلتر زيت هيونداي عام مقلد                    ","10,949.44","85.94%","Class B (Next 15%)"
"    41605-2H000C","علبة كليش فوق النتر 2008                     ","10,947.52","85.95%","Class B (Next 15%)"
"    92402-1G000C","اسطب خلفي اكسنت 06/10                        ","10,947.40","85.96%","Class B (Next 15%)"
"55351-2E000TRSTY","مساعد امامي توسان 04/09 ترستي                ","10,940.00","85.98%","Class B (Next 15%)"
"  36100-23000MAL","سلف كهرباء النترا 2001-2008                  ","10,930.25","85.99%","Class B (Next 15%)"
"  58302-2PA70ECO","كنويسات خلفي سنتافي10\15                     ","10,928.00","86.00%","Class B (Next 15%)"
"    58305-1CA10K","كنويسات هلال جتز 01/04                       ","10,915.48","86.01%","Class B (Next 15%)"
"  55311-3K020MTE","مساعد خلفي سوناتا 06/10                      ","10,909.40","86.03%","Class B (Next 15%)"
"    55274-3W000C","بوشة مقص عراضي خلفي يسار سنتافي 12/15        ","10,905.86","86.04%","Class B (Next 15%)"
"    54501-2F000C","مقص امامي النتراء 2D  + سيراتو 00/06 يمين    ","10,904.06","86.05%","Class B (Next 15%)"
"    86527-2W000M","عظمة صدام امامي يسار سنتافي 13/15            ","10,897.98","86.06%","Class B (Next 15%)"
"    92401-07510C","اسطب خلفي كيا بيكانتو 2008 يسار              ","10,896.00","86.08%","Class B (Next 15%)"
"    92402-2E010C","اسطب خلفي توسان 05/09                        ","10,896.00","86.09%","Class B (Next 15%)"
"    55447-2G000C","مسمار بوشة مقص خلفي تحت عام                  ","10,882.41","86.10%","Class B (Next 15%)"
"    25212-2A310K","بطة دينمة 5PK1810 اكسنت ديزل                 ","10,881.40","86.11%","Class B (Next 15%)"
"    58510-3S350C","علبة بريك فو ق سوناتا 2010 غاز فتحة 14 2 مواص","10,876.80","86.13%","Class B (Next 15%)"
"  79120-1G000TAI","مفصلة كور كيا  ريو 06/10 يمين تايواني        ","10,864.33","86.14%","Class B (Next 15%)"
"    35150-02600C","حساس منظم الهواء IDEL اتوز                   ","10,862.74","86.15%","Class B (Next 15%)"
"  54661-2G300MGB","مساعد امامي لتشي 2006 تجاري                  ","10,857.00","86.16%","Class B (Next 15%)"
"    31112-4Z500C","فلتر بترول سنتافي 13/15 امريكي               ","10,854.87","86.18%","Class B (Next 15%)"
"    25287-25000K","مكرة بطة دينمة 2.4 سوناتا 4 بستم             ","10,848.47","86.19%","Class B (Next 15%)"
"    92101-1G010C","كشافة امامي كيا ريو 2006                     ","10,847.40","86.20%","Class B (Next 15%)"
"    92420-2H000C","زجاج اسطب خلفي  النترا 06/10                 ","10,843.93","86.21%","Class B (Next 15%)"
"    22441-3E021K","باكن كور والات يمين سنتافي 06+ كيا لوتشي 2.7 ","10,839.52","86.23%","Class B (Next 15%)"
"    55215-2G000C","بوشة مقص خلفي تحت كيا لوتشي                  ","10,826.74","86.24%","Class B (Next 15%)"
"    21930-07000K","كرسي مكينة خلفي كيا بيكانتو + مورننج         ","10,823.75","86.25%","Class B (Next 15%)"
"   23060-23911DS","براصات متحرك متحرك حجم 1.8+2.0 مقاس 25 النترا","10,817.04","86.26%","Class B (Next 15%)"
"      00000-FUSE","فيوزات عام تشليح كبس                         ","10,809.05","86.28%","Class B (Next 15%)"
"   92102-25511CH","شمعه اكسنت 2003/2005                         ","10,800.00","86.29%","Class B (Next 15%)"
"    41710-22600C","علبة كليتش تحت  اكسنت + جتز                  ","10,790.00","86.30%","Class B (Next 15%)"
"    54830-2S000C","مسمار عمود توازن امامي توسان 11/15 L+R       ","10,784.81","86.31%","Class B (Next 15%)"
"    39210-3E220C","حساس شكمان خلفي تحت حجم 2.7 سنتافي 2007      ","10,769.34","86.33%","Class B (Next 15%)"
"    22441-25002K","باكن كور والات سوناتا 2.4 كوري               ","10,761.97","86.34%","Class B (Next 15%)"
"    22212-26000K","والات نار مكينة اكسنت ماتركس حجم 1.6         ","10,760.84","86.35%","Class B (Next 15%)"
"    20910-2CA00K","بدلة باكنات ","10,760.00","86.36%","Class B (Next 15%)"
"    27301-26600K","كويل كامل اكسنت 00/05                        ","10,758.85","86.37%","Class B (Next 15%)"
"    54840-1C000K","مسمار عمود توازن  امامي يمين  جتز 03/08      ","10,758.25","86.39%","Class B (Next 15%)"
"    22441-23800K","باكن كور والات النتراء + توسان 00/06 حجم i30 ","10,748.38","86.40%","Class B (Next 15%)"
"    24312-39800K","بطة تيمت + تريكان + كرنفال + سورينتو حجم 3.5/","10,742.00","86.41%","Class B (Next 15%)"
"    22311-25212K","باكن راس سوناتا 2.4 كربون                    ","10,721.34","86.42%","Class B (Next 15%)"
"    97133-3K000C","فلتر مكيف سوناتا                             ","10,710.65","86.44%","Class B (Next 15%)"
"     28138-1G200","لي هواء اكسنت 2007                           ","10,705.00","86.45%","Class B (Next 15%)"
"    21930-2D101K","كرسي مكينة خلفي النتراء 00/05                ","10,700.80","86.46%","Class B (Next 15%)"
"    26320-3CAA0M","فلتر زيت سوناتا سنتافي + ازيرا 10/15 ابو عظمة","10,661.00","86.47%","Class B (Next 15%)"
"    21810-2W200K","كرسي مكينة يمين سنتافي 12/15 حجم 3.3         ","10,653.63","86.49%","Class B (Next 15%)"
"    92102-1C500C","كشافة امامي جتز 06/08 يمين                   ","10,638.24","86.50%","Class B (Next 15%)"
"    22441-02400K","باكن كور والات جتز + اتوز حجم 1.1            ","10,636.90","86.51%","Class B (Next 15%)"
"  25310-2H050TAI","رديتر ماء النترا 07/11 اتوماتك ابو مبرد      ","10,630.00","86.52%","Class B (Next 15%)"
"     86517-2S000","غطاء سحاب توسان 12/15                        ","10,625.30","86.53%","Class B (Next 15%)"
"    87732-1E000C","فيبر باب خلفي يمين اكسنت                     ","10,612.77","86.55%","Class B (Next 15%)"
"    31113-25000C","قفشة بمب بترول اكسنت 2005                    ","10,611.54","86.56%","Class B (Next 15%)"
"     81771-2E000","مساعد شنطة توسان 2005 وكالة                  ","10,610.00","86.57%","Class B (Next 15%)"
"     57726-17000","بوشة علبة سكان النترا 12/15 اصلي             ","10,583.94","86.58%","Class B (Next 15%)"
"    94430-0W000C","عوامة بترول سنتافي 2007 حجم 3.3 امريكي       ","10,581.11","86.60%","Class B (Next 15%)"
"    92101-1E000C","شمعة اكسنت 2006-2011 يسار                    ","10,577.38","86.61%","Class B (Next 15%)"
"    54530-07000C","جوزة مقص  I10 + بيكانتو كيا مورننج 2008      ","10,565.80","86.62%","Class B (Next 15%)"
"     55253-2W000","بوشة عمود بو مشرعة خلفي سنتافي (55256-3R) 2WD","10,557.00","86.63%","Class B (Next 15%)"
"    25386-1E200C","دينمة مروحة اكسنت 06/10 1E100                ","10,548.61","86.64%","Class B (Next 15%)"
"    21910-17000K","كرسي مكينة امامي ماتركس 2005 حجم 1.6         ","10,540.64","86.66%","Class B (Next 15%)"
"  55351-2E501NMK","مساعد خلفي توسان يسار                        ","10,531.40","86.67%","Class B (Next 15%)"
"    86820-2B000C","بطانة كفر امامي سنتافي 05/10 يمين            ","10,504.00","86.68%","Class B (Next 15%)"
"    86530-3S000C","جسر صدام امامي سوناتا 11/15                  ","10,500.00","86.69%","Class B (Next 15%)"
"    37320-2E000C","مكرة دينمة تعبئة النترا  توسان حجم 1.8 11/15 ","10,500.00","86.70%","Class B (Next 15%)"
"    31113-26000C","قفشة بمب بترول سنتافي 2005                   ","10,489.90","86.72%","Class B (Next 15%)"
"  92202-1R000C-S","كشاف اكسنت 2012-2015 يمين                    ","10,488.00","86.73%","Class B (Next 15%)"
"    87170-2E020C","مساعد زجاج خانة توسان تجاري                  ","10,469.10","86.74%","Class B (Next 15%)"
"    25460-37101C","ماصورة ماء سنتافي سوناتا حجم 2.7             ","10,451.00","86.75%","Class B (Next 15%)"
"    86811-3D000C","بطانه رفرف سوناتا 03/05                      ","10,440.00","86.76%","Class B (Next 15%)"
"    24810-37120K","شداد تيمت سوناتا + سنتافي وكالة              ","10,433.84","86.78%","Class B (Next 15%)"
"    29110-3X600C","بطانة تحت الواجهة النترا 13/15  3x700        ","10,432.95","86.79%","Class B (Next 15%)"
"    55311-25000M","ربلة كرسي مساعد اكسنت 00/05                  ","10,432.72","86.80%","Class B (Next 15%)"
"    21930-26200C","كرسي مكينة خلفي سنتافي 00/05                 ","10,406.00","86.81%","Class B (Next 15%)"
"  55311-C1100NMK","مساعد خلفي سوناتا 17/19                      ","10,403.24","86.82%","Class B (Next 15%)"
"25310-2H000BEST1","رديتر ماء النتراء 06/11 جير عادي             ","10,386.98","86.84%","Class B (Next 15%)"
" 23060-23911AA-C","براصات متحرك النتراء  2005  م 25  AA         ","10,384.50","86.85%","Class B (Next 15%)"
"    22441-3C110K","باكن كور والات يمين ازيراء فيراكروز حجم 3.3+ ","10,378.29","86.86%","Class B (Next 15%)"
"    39210-23800C","حساس شكمان النتراء 01/06 خليجي               ","10,377.50","86.87%","Class B (Next 15%)"
"    25411-2D000K","لي ماء فوق النتراء 01/06                 ","10,370.00","86.88%","Class B (Next 15%)"
"     25100-27400","بمب ماء سنتافي + سنتافي +النتراء + توسان     ","10,347.44","86.90%","Class B (Next 15%)"
"    55330-2B211C","اسبرنج خلفي سنتافي 2008                      ","10,344.78","86.91%","Class B (Next 15%)"
"    29110-1R000C","بطانة تحت الواجهة اكسنت 12/16                ","10,343.38","86.92%","Class B (Next 15%)"
"    55330-B2230C","اسبرنج خلفي كيا سول 13/18                    ","10,319.49","86.93%","Class B (Next 15%)"
"  58101-2SA00FRX","كنويسات امامي توسان خليجي 2S\IM\3S","10,299.70","86.94%","Class B (Next 15%)"
"    25431-27010C","ماصورة ماء توسان + سنتافي ديزل               ","10,292.61","86.96%","Class B (Next 15%)"
"    25330-3K000M","غطاء ماء لديتر عام 07/11 ابو اسبرنج 1.1      ","10,283.84","86.97%","Class B (Next 15%)"
"    43794-1G100C","خبطة تعاشيق اسبيت عادي اكسنت + ريو 07/10     ","10,283.45","86.98%","Class B (Next 15%)"
"54651-2H000TRSTY","مساعد امامي يسار النترا 06/10                ","10,282.00","86.99%","Class B (Next 15%)"
"    27501-02H00K","وائرات بلاكات اتوز + كيا مورننج 04/06        ","10,281.96","87.00%","Class B (Next 15%)"
"    92202-1W000C","كشافة ضباب كيا ريو 11/15                     ","10,244.00","87.01%","Class B (Next 15%)"
"    31090-2D050C","مشن بترول النتراء 00/06                      ","10,242.65","87.03%","Class B (Next 15%)"
"21030-2B00025TAI","هلال كرين اكسنت 2007/2011 مقاس 25            ","10,241.52","87.04%","Class B (Next 15%)"
"0-22*25HY100SUPE","رأس عكس اكسنت + جتز بدون حساس 25*22*50       ","10,241.22","87.05%","Class B (Next 15%)"
"    92102-1E000C","شمعه اكسنت 2006/2011                         ","10,237.29","87.06%","Class B (Next 15%)"
"    92202-2K000C","كشافة ضباب كيا سول 8/11                      ","10,236.43","87.07%","Class B (Next 15%)"
"    45280-3B811M","غطاء خريطة اسبيت سوناتا 2010 ضعيف            ","10,235.00","87.09%","Class B (Next 15%)"
"  82610-17010TAI","يد باب داخلي  يسار ماتركس تايواني            ","10,229.80","87.10%","Class B (Next 15%)"
"    82650-2E000C","يد باب خارجي توسان 05/09 يسار                ","10,216.67","87.11%","Class B (Next 15%)"
"    92410-2H000C","زجاج اسطب خلفي  النترا 06/10                 ","10,215.59","87.12%","Class B (Next 15%)"
"    54830-2B000C","مسمار عمود توازن سنتافي + فيراكروز 08/10     ","10,210.25","87.13%","Class B (Next 15%)"
"     28210-D3200","لي هواء فوق الواجهة توسان 16/19              ","10,204.00","87.14%","Class B (Next 15%)"
"    55227-2E500K","بوشة نكل خلفي النتراء 00/05 + توسان04/09     ","10,173.92","87.16%","Class B (Next 15%)"
"    54813-3S110K","ربلة مشرخ امامي النترا+سوناتا 16/18          ","10,167.56","87.17%","Class B (Next 15%)"
"   92401-1R030C?","اسطب خلفي اكسنت 11\13 يسار                   ","10,160.00","87.18%","Class B (Next 15%)"
"    92405-1R000C","اسطب كذاب اكسنت 2012-2016 يسار               ","10,154.56","87.19%","Class B (Next 15%)"
"    86513-1W000C","عظمة صدام امامي كيا ريو 11/15                ","10,152.32","87.20%","Class B (Next 15%)"
"    54813-2W100K","ربلة مشرخ امامي سنتافي 2012                  ","10,140.80","87.21%","Class B (Next 15%)"
"    86528-2W000M","عظمة صدام امامي يمين سنتافي  13/15           ","10,140.43","87.23%","Class B (Next 15%)"
"  82620-B2000TAI","يد باب داخلي يسار كيا سول 14/17              ","10,136.52","87.24%","Class B (Next 15%)"
"    28113-3X000K","فلترا هواء النترا 2012/2014                  ","10,136.00","87.25%","Class B (Next 15%)"
"    28210-2T060M","لي فوق الواجهة اوبتيما K5 فتحة عريض          ","10,134.32","87.26%","Class B (Next 15%)"
"    55274-3W000K","بوشة مقص عراضي خلفي يسار سنتافي 12/15 =2S300 ","10,123.43","87.27%","Class B (Next 15%)"
"000-DOT-3AMK-WIT","سم بريك صغير ابيض amk                        ","10,116.00","87.28%","Class B (Next 15%)"
"  66311-2W000TAI","بنكة امامي سنتافي 13/15 يسار                 ","10,114.40","87.30%","Class B (Next 15%)"
"  58302-1GA00HIQ","كنويسات خلفي اكسنت 2SA70\3SA70\1G توسان وسونا","10,113.27","87.31%","Class B (Next 15%)"
"58501-0K201-43-4","اصلاح بريك فوق كيا ريو  kos1160              ","10,108.01","87.32%","Class B (Next 15%)"
"    25631-2B051K","كوع بيسة ماء اكسنت 12/15                     ","10,104.89","87.33%","Class B (Next 15%)"
"   23060-2G092AA","براصات متحرك سوناتا مقاس 0.50 كوري           ","10,102.10","87.34%","Class B (Next 15%)"
"    52960-3K250C","غطاء طاوة تاير زينة سوناتا 06/10             ","10,091.85","87.35%","Class B (Next 15%)"
"    54810-2W000C","عمود توازن امامي طويل كامل سنتافي 12/15      ","10,088.64","87.37%","Class B (Next 15%)"
"    64101-2W000C","واجهه سنافي 13/15                            ","10,085.49","87.38%","Class B (Next 15%)"
"   81190-2B000-F","خبطة كور الطويل سنتافي 07/11                 ","10,084.00","87.39%","Class B (Next 15%)"
"    25435-22050C","ماصورة مبرد ماء صغير اكسنت 98/05             ","10,081.32","87.40%","Class B (Next 15%)"
" 31111-2S000K-DL","بمب بترول توسان + سنتافي + سبورتاج 11/15 كوري","10,075.21","87.41%","Class B (Next 15%)"
"0-23*27MI875ASUP","رأس عكس توسان بترول 2.0 05/09 23*27*62 ABS   ","10,074.10","87.42%","Class B (Next 15%)"
"    49509-38J00K","ربلة عكس خارجي   سوناتا 00/03                ","10,072.91","87.44%","Class B (Next 15%)"
"    37320-04630C","مكرة دينمة تعبئة بيكانتو 10/15               ","10,070.91","87.45%","Class B (Next 15%)"
"    97713-1E000K","سير مكيف اكسنت 06/07 4PK815 كوري             ","10,067.08","87.46%","Class B (Next 15%)"
"    86812-2D500C","بطانة رفرف النترا 2003/2006                  ","10,058.00","87.47%","Class B (Next 15%)"
"    25412-2B100K","لي ماء تحت  سنتافي حجم 2.7 06/09             ","10,053.75","87.48%","Class B (Next 15%)"
"    86812-3D000C","بطانه رفرف سوناتا 2003/2005                  ","10,050.00","87.49%","Class B (Next 15%)"
"     31112-26000","فلتر بترول سنتافي وكالة                      ","10,050.00","87.50%","Class B (Next 15%)"
"    28411-26011K","باكن ثلاجة منفول ماتركس 02/08                ","10,046.92","87.52%","Class B (Next 15%)"
"    36145-25010C","جير سلف خارجي سوناتا 2007 8T                 ","10,044.44","87.53%","Class B (Next 15%)"
"  54420-3K000QPC","مقص امامي فوق يمين سوناتا + ازيرا 06/09      ","10,040.00","87.54%","Class B (Next 15%)"
"    86552-2T500C","غطاء كشافة ضباب مع النيكل اوبتيما 14/16 يمين ","10,025.74","87.56%","Class B (Next 15%)"
"    86551-2T500C","غطاء كشافة ضباب مع النيكل اوبتيما 14/16 يسار ","10,025.74","87.56%","Class B (Next 15%)"
"   51720-2H000BW","بيرنج  هوبس امامي النتراء 06/09 427840       ","10,014.13","87.57%","Class B (Next 15%)"
"  25310-2B300MGB","رديتر ماء سنتافي مش توربو 10/13 تماتيك (21125","10,007.66","87.59%","Class B (Next 15%)"
"    28139-2E000M","لي هواء توسان 05/09 حجم 2.0                  ","10,003.05","87.60%","Class B (Next 15%)"
"    25411-B2000M","لي ماء فوق كيا سول  14/16                    ","10,000.00","87.63%","Class B (Next 15%)"
"55311-2S000SUPER","مساعد خلفي توسان 11\15سنجل بدون حلقة         ","10,000.00","87.63%","Class B (Next 15%)"
"    31911-2H000C","فلتر بترول النتراء 2007 تجاري                ","10,000.00","87.63%","Class B (Next 15%)"
"    54830-2D000K","مسمار عمود التوازن امامي النتراء 00/06 يساؤ  ","9,987.06","87.64%","Class B (Next 15%)"
"     22441-3CGA1","باكن غطاء والات سنتافي 12/17 يمين            ","9,964.52","87.65%","Class B (Next 15%)"
"    93490-3K600C","شريط ارباج سوناتا 06/08                      ","9,951.39","87.67%","Class B (Next 15%)"
"    54650-2B540K","مساعد امامي سنتافي 2010 يسار                 ","9,950.00","87.68%","Class B (Next 15%)"
"    54830-07000K","مسمار عمود توازن بيكانتو + كيا مورننج        ","9,937.74","87.69%","Class B (Next 15%)"
"    97133-2E210C","فلتر مكيف توسان 04/09 + كيا سورنتو           ","9,937.61","87.70%","Class B (Next 15%)"
"    92202-3X000C","كشاف ضباب النتراء 11/13 يمين                 ","9,929.45","87.71%","Class B (Next 15%)"
"     21321-42042","لمدة كرين خلفي النتراء 00/09 امريكي حجم 1.8+2","9,925.04","87.72%","Class B (Next 15%)"
"    22443-38001K","لمدة فتجة البلاكات سنتافي + سوناتا 4 بستم 00/","9,918.36","87.73%","Class B (Next 15%)"
"    24432-37100M","تكاية سلسلة تيمت فوق سوناتا سنتافي حجم 2.7   ","9,917.69","87.75%","Class B (Next 15%)"
" 23410-37120-STD","بستون مكينة سوناتا سنتافي توسان حجم 2.7 G6BV ","9,916.92","87.76%","Class B (Next 15%)"
"  86510-2D601KSA","صدام امامي النتراء 04/05 بدون حزام وفتحة     ","9,910.00","87.77%","Class B (Next 15%)"
"    22311-3CGA0K","باكن راس يسار سوناتا 2007 حجم 3.5 سنتافي ازير","9,900.10","87.78%","Class B (Next 15%)"
"    35150-26900C","حساس منظم الهواء IDEL اكسنت 06/10 نيكل       ","9,899.38","87.79%","Class B (Next 15%)"
"    22311-02760K","باكن راس جتز + اتوز كربون                    ","9,899.00","87.80%","Class B (Next 15%)"
"    21830-1G000C","كرسي مكينة يسار اكسنت 06/11                  ","9,883.39","87.81%","Class B (Next 15%)"
"    23060-26425M","براصات متحرك اكسنت 2003 وكاله STD            ","9,883.38","87.83%","Class B (Next 15%)"
"     25457-2E100","ماصورة مبرد ماء النترا 12/15 خليجي           ","9,880.00","87.84%","Class B (Next 15%)"
"    25335-26100C","ربلة تثبيت تانكي ماء سنتافي 00*06            ","9,880.00","87.85%","Class B (Next 15%)"
"    25457-2B000M","ماصوره ماء وكاله                             ","9,876.53","87.86%","Class B (Next 15%)"
"    28113-1R100K","فلتر هواء اكسنت 2011 كوري (2K=1R100)         ","9,876.35","87.87%","Class B (Next 15%)"
"    43794-1G100K","خبطة تعاشيق اسبيت عادي اكسنت + ريو 07/10     ","9,873.99","87.88%","Class B (Next 15%)"
"    49509-1E000K","ربلة عكس خارجي اكسنت 06/10                   ","9,864.18","87.89%","Class B (Next 15%)"
"    55513-2B000K","ربلة مشرخ خلفي سنتافي 2006/2010              ","9,854.72","87.91%","Class B (Next 15%)"
"  54651-2D100NOM","مساعد امامي يمين النترا  ماتركس 01/05        ","9,850.00","87.92%","Class B (Next 15%)"
"    55258-2B000K","بوشة عمود توازن خلفي سنتافي +فيراكروز 2007   ","9,847.50","87.93%","Class B (Next 15%)"
"    41430-23000K","هلال فحمة كليتش النتراء + اكسنت 2006         ","9,839.08","87.94%","Class B (Next 15%)"
"    25461-22601K","بيب مبرد زيت  عرض مكينة اكسنت 00/05          ","9,831.53","87.95%","Class B (Next 15%)"
"    37320-2G500C","مكرة دينمة تعبئة سوناتا + توسان سنتافي لوتشي ","9,830.00","87.96%","Class B (Next 15%)"
"    28610-2S100C","هزاز شكمان توسان 2012 امريكي                 ","9,827.67","87.97%","Class B (Next 15%)"
"    57724-2E000C","دومة توسان 04/09                             ","9,800.00","87.98%","Class B (Next 15%)"
"    86350-1E011C","شبك امامي اكسنت 2006/2009 تجاري              ","9,773.78","88.00%","Class B (Next 15%)"
"    36710-27000K","حماية ديزل توسان A36710-42021                ","9,771.84","88.01%","Class B (Next 15%)"
"     25212-26021","بطة دينمة اكسنت + النتراء 1.6 4PK845 وكالة   ","9,754.02","88.02%","Class B (Next 15%)"
"    25287-25110K","مكرة بطة دينمة سوناتا + سنتافي حديد          ","9,734.24","88.03%","Class B (Next 15%)"
"  000-SH-015-SKT","شحم صغير S.K.T                               ","9,733.84","88.04%","Class B (Next 15%)"
"   791201G000TAI","مفصلة كور كيا  ريو 06/10 يمين                ","9,723.66","88.05%","Class B (Next 15%)"
"  000-SH-500-JTE","شحم علبة وسط JTE                             ","9,711.52","88.06%","Class B (Next 15%)"
"    82651-3X000C","يد باب خارجي يسار النترا 12/14               ","9,710.00","88.07%","Class B (Next 15%)"
"    94460-3X500C","عوامة بترول النتراء 11/15 امريكي             ","9,707.07","88.09%","Class B (Next 15%)"
"    57790-1CA00K","اصلاح علبة سكان تحت جتز                      ","9,679.00","88.10%","Class B (Next 15%)"
"    92101-1G050C","كشافة كيا ريو 2010 مكحل ابيض يسار            ","9,679.00","88.11%","Class B (Next 15%)"
"    86551-2K000M","عظمة صدام امامي كيا سول يسار 2010            ","9,669.15","88.12%","Class B (Next 15%)"
"    24810-37120M","شداد تيمت سوناتا + سنتافي وكالة              ","9,660.00","88.13%","Class B (Next 15%)"
"    58510-2P800C","علبة بريك فو ق سنتافي 2010 2 مواصير 14       ","9,656.66","88.14%","Class B (Next 15%)"
"   52710-2D025BW","فلنشة هوبس خلفي النتراء 01/05                ","9,641.86","88.15%","Class B (Next 15%)"
"    27301-2E000C","كويل مفرد النتراء + كيا سول حجم 1.8 + 2.0    ","9,631.17","88.16%","Class B (Next 15%)"
"    25212-25010C","بطة دينمة 6pk 2160 + 6pk 2162                ","9,631.00","88.17%","Class B (Next 15%)"
"    81230-3X000C","قفل شنطه عادي النترا 2012*2015 صيني          ","9,625.00","88.19%","Class B (Next 15%)"
"    86831-1G000C","نسافات ريو 2006  بالطقم 2 حبات               ","9,625.00","88.20%","Class B (Next 15%)"
"   21020-2B000AA","سبايك ثابت اكسنت 0.50 AA                     ","9,625.00","88.21%","Class B (Next 15%)"
"     84159-D3000","بطانة بنكة داخلي يمين يسار توسان 16/19       ","9,611.10","88.22%","Class B (Next 15%)"
"    21810-1C220C","كرسي مكينة يمين جتز 02/07                    ","9,610.00","88.23%","Class B (Next 15%)"
"     37150-2H100","قاعدة بطارية النتر 2007 وكالة                ","9,605.00","88.24%","Class B (Next 15%)"
"    92102-26000C","كشافة امامي سنتافي 00/05                     ","9,604.00","88.25%","Class B (Next 15%)"
"    28910-3C200C","منظم هواء اكسنت سول  سنتافي توسان ازيرا      ","9,600.00","88.26%","Class B (Next 15%)"
"58302-26A00TAIND","كنويسات خلفي توسان IF\3K\2H\2E\3L\2G\        ","9,584.00","88.27%","Class B (Next 15%)"
"    39210-2B310C","حساس شكمان فوق  اكسنت 2012                   ","9,580.10","88.28%","Class B (Next 15%)"
"    25412-1C200K","لي ماء تحت  جتز 02/06                        ","9,578.84","88.30%","Class B (Next 15%)"
"    93490-2B200K","شريط ايرباج سنتافي  07/11                    ","9,557.60","88.31%","Class B (Next 15%)"
"    92101-1G630C","كشافة كيا ريو 2010 مكحل ابيض يسار            ","9,541.46","88.32%","Class B (Next 15%)"
"   52750-0U000BW","فلنشة هوبس خلفي اكسنت + ريو 12/16 ابو حساس   ","9,536.88","88.33%","Class B (Next 15%)"
"    54661-2D100K","مساعد امامي يمين النترا 01/05 كوري           ","9,528.20","88.34%","Class B (Next 15%)"
"000-20W50XNL-LPI","زيت اكسينول ثقيل غاز                         ","9,520.50","88.35%","Class B (Next 15%)"
"    25350-D3600C","اطار مروحة ماء 2016 عادي                     ","9,518.56","88.36%","Class B (Next 15%)"
"31111-0580453434","بمب بترول غطاس ازرق نحيف                     ","9,509.14","88.37%","Class B (Next 15%)"
"    54840-C1000K","مسمار عمود توازن امامي سوناتا 12/16 يمين     ","9,506.58","88.38%","Class B (Next 15%)"
"    92401-2D520C","اسطب خلفي النترا 04\06                       ","9,504.77","88.39%","Class B (Next 15%)"
"    28113-3S800K","فلتر هواء سوناتا 2011/2014                   ","9,500.00","88.41%","Class B (Next 15%)"
"    25411-2B000K","لي ماء فوق سنتافي حجم 2.2 07/10              ","9,489.42","88.42%","Class B (Next 15%)"
"    24312-02701K","بطة تيمت جتز 101 سن كوري                     ","9,480.00","88.43%","Class B (Next 15%)"
"    54627-2K000C","بيرنج كرسي مساعد كيا سول 10/13               ","9,480.00","88.44%","Class B (Next 15%)"
"    41605-3K250M","علبة كليتش فوق سوناتا 09/10 اصلي             ","9,470.00","88.45%","Class B (Next 15%)"
"    58731-2E000C","لي سم بريك امامي توسان 04/09 يسار            ","9,467.90","88.46%","Class B (Next 15%)"
"    000-CL-IC509","منظف بخاخات البترول ابرو                     ","9,463.04","88.47%","Class B (Next 15%)"
"  54660-C1000JTE","مساعد امامي سوناتا 2017 يمين                 ","9,452.58","88.48%","Class B (Next 15%)"
"    39300-22600K","حساس كام شفت منفول  اكسنت + النتراء MAP SENSO","9,450.77","88.49%","Class B (Next 15%)"
"    86523-1G000C","فيبر صدام كيا ريو 2007 يسار                  ","9,440.29","88.50%","Class B (Next 15%)"
"       49509-X-K","ربلة عكس خارجي منوع كوري اصلي                ","9,436.00","88.51%","Class B (Next 15%)"
"    39180-26900M","حساس كرين اكسنت 08/13                        ","9,428.37","88.52%","Class B (Next 15%)"
"    81771-26011C","مساعد شنطة سنتافي 2002                       ","9,426.60","88.54%","Class B (Next 15%)"
"  21020-22541GMB","براصات ثابت اكسنت 99/2011  STD              ","9,413.00","88.55%","Class B (Next 15%)"
"    22311-2B601K","باكن راس اكسنت 11/13 كربون                   ","9,410.00","88.56%","Class B (Next 15%)"
"  55310-1E200EVK","مساعد خلفي اكسنت 06                          ","9,406.00","88.57%","Class B (Next 15%)"
"  66400-B2000TAI","كشافة ضباب سول 14/17 تايواني                 ","9,402.63","88.58%","Class B (Next 15%)"
"    21810-07050C","كرسي مكينة يمين كيا بيكانتو 04/07            ","9,390.08","88.59%","Class B (Next 15%)"
"    39220-38030C","بلاك حرارة سوناتا + اكسنت + عام 3 خط         ","9,390.00","88.60%","Class B (Next 15%)"
"    58244-2H000C","كوانش كنويس النتراء 06/10                    ","9,380.00","88.61%","Class B (Next 15%)"
"    28164-39450C","ايرماص هواية سنتافي 00\05  3.5               ","9,375.00","88.62%","Class B (Next 15%)"
"    22311-2G600K","باكن راس سوناتا حجم 2.0 كربون                ","9,369.00","88.63%","Class B (Next 15%)"
"    86513-1R000C","عظمة صدام امامي اكسنت 2012-2015 يسار         ","9,366.50","88.64%","Class B (Next 15%)"
"     54443-38000","بوشة مقص فوق سوناتا 00/05 وكالة              ","9,360.00","88.65%","Class B (Next 15%)"
"    79120-2S000M","مفصلة كور توسان 11/15 يمين وكالة             ","9,358.56","88.67%","Class B (Next 15%)"
"  54660-1C200MGB","مساعد امامي جتز يمين                         ","9,356.79","88.68%","Class B (Next 15%)"
"  54650-2C300MGB","مساعد امامي تبرون                            ","9,350.00","88.69%","Class B (Next 15%)"
"    86514-2T000M","عظمة صدام امامي اوبتيما K5 12/15             ","9,322.97","88.70%","Class B (Next 15%)"
"  79110-1G000TAI","مفصلة كور كيا  ريو 06/10 يسار                ","9,317.99","88.71%","Class B (Next 15%)"
"    55100-3R000K","عمود سحب خلفي سوناتا 11/12                   ","9,313.12","88.72%","Class B (Next 15%)"
"    22441-2G710M","باكن كور والات سنتافي                        ","9,309.22","88.73%","Class B (Next 15%)"
"    92102-2D510C","كشافة امامي النتراء 04/06                    ","9,304.36","88.74%","Class B (Next 15%)"
"    25411-S1710K","لي ماء فوق سنتافي 17/19","9,300.00","88.75%","Class B (Next 15%)"
"    98620-D3000M","دبة مساحات توسان 16/20                       ","9,294.06","88.76%","Class B (Next 15%)"
"    26320-3CAA0K","فلتر زيت سوناتا/ازيرا                        ","9,279.78","88.77%","Class B (Next 15%)"
"     18846-11070","بلاكات جنسس + النترا + ازيرا 18849-11070     ","9,274.50","88.78%","Class B (Next 15%)"
"31401-27000GERMN","كتة مسطرة توسان ديزل وسط                     ","9,265.34","88.79%","Class B (Next 15%)"
"    55100-3R000C","عمود سحب خلفي سوناتا 12/15                   ","9,265.00","88.80%","Class B (Next 15%)"
"    21810-2E000K","كرسي مكينة يمين توسان كوري                   ","9,263.01","88.82%","Class B (Next 15%)"
"    25431-2E000M","دبة ماء راجع توسان 04/09 بترول               ","9,259.45","88.83%","Class B (Next 15%)"
"    25414-D3500K","لي ماء فوق توسان 16/19 عادي 2.0 مش توربو     ","9,256.88","88.84%","Class B (Next 15%)"
"    92102-17610C","كشافه امامي  ماتركس 2006                     ","9,255.70","88.85%","Class B (Next 15%)"
"    92201-2W020C","كشافة ضباب سنتافي 13/15                      ","9,253.32","88.86%","Class B (Next 15%)"
"    000-ATF-3AMK","زيت هيدروليك AMK اسود                        ","9,250.24","88.87%","Class B (Next 15%)"
" 58101-1YA00AUTO","كنويسات امامي بيكانتو + مورننج 12/20         ","9,250.00","88.88%","Class B (Next 15%)"
"  57724-2T000CTR","دومة اوبتيما + سوناتا 11\15                  ","9,240.00","88.89%","Class B (Next 15%)"
"    25457-2B712C","ماصورة مبرد ماء النترا + توسان 2017 1.6 11/14","9,236.67","88.90%","Class B (Next 15%)"
"    92110-2W000C","زجاج كشافه امامي يسار سنتافي 13/15           ","9,228.26","88.91%","Class B (Next 15%)"
"    92401-1G010C","اسطب خلفي كيا ريو 06/09                      ","9,225.14","88.92%","Class B (Next 15%)"
"    59770-2E200C","خبطة هاندبريك توسان  يمين سنجل               ","9,224.45","88.93%","Class B (Next 15%)"
"    54500-2K500C","مقص امامي يسار كيا سول 12/13 يسار            ","9,218.56","88.94%","Class B (Next 15%)"
"    57740-2S000K","ربلة دومة توسان 11/14                        ","9,207.54","88.95%","Class B (Next 15%)"
"    55275-3W000K","بوشة مقص عراضي خلفي يسار سنتافي 12/15 =2S300 ","9,201.53","88.96%","Class B (Next 15%)"
"     27501-23B70","وائرات بلاكات توسان  النترا 07/10 2.0 حجم    ","9,198.25","88.97%","Class B (Next 15%)"
"    28751-2B100M","باكن شكمان وسط موبيس سنتافي فيراكروز ازيرا 20","9,195.90","88.98%","Class B (Next 15%)"
" 25310-2D110ALKH","رديتر ماء النتراء 2004 توماتيك(21015) ALKHAL ","9,184.74","89.00%","Class B (Next 15%)"
"  55300-3X100NMK","مساعد خلفي النترا 2012-2015 (2k/1M/1R/3X)    ","9,178.27","89.01%","Class B (Next 15%)"
"    55326-D3000C","ربلة مطب خلفي توسان 16/22                    ","9,171.67","89.02%","Class B (Next 15%)"
"    57740-38000K","ربلة دومة سوناتا                             ","9,171.28","89.03%","Class B (Next 15%)"
"  58302-1GA00CAL","كنويسات خلفي اكسنت 2SA70\3SA70\1G توسان وسونا","9,170.08","89.04%","Class B (Next 15%)"
" 58302-2HA00GOLD","كنويسات خلفي توسان IF\3K\2H\2E\3L\2G\        ","9,161.65","89.05%","Class B (Next 15%)"
"    55160-1C100K","بوشة دنقل خلفي جتز 06/07                     ","9,159.20","89.06%","Class B (Next 15%)"
"    21361-2A200M","لمدة كرين امامي اكسنت جتز ريو ديزل           ","9,156.47","89.07%","Class B (Next 15%)"
"    64101-3K500C","واجهة سوناتا 09/10 تجاري                     ","9,150.00","89.08%","Class B (Next 15%)"
"  54660-1C200JET","مساعد امامي جتز                              ","9,149.30","89.09%","Class B (Next 15%)"
"    86812-1W000C","غلاف بنكة امامي يمين كيا  ريو 12/15          ","9,130.55","89.10%","Class B (Next 15%)"
"  82620-17010TAI","يد باب  داخلي امامي ماتركس يمين              ","9,129.06","89.11%","Class B (Next 15%)"
"    98611-1G001C","دبة مساحات اكسنت 06/10                       ","9,128.20","89.12%","Class B (Next 15%)"
"    00000-6303DD","بيرنج دينمة                                  ","9,126.93","89.13%","Class B (Next 15%)"
"    21830-2W400C","كرسي مكينة يسار سنتافي 12/15                 ","9,121.79","89.14%","Class B (Next 15%)"
"    27300-2E000C","كويل مفرد النترا = k5 2012+ مكينة 2000       ","9,120.00","89.15%","Class B (Next 15%)"
"     82610-2K000","يد باب داخلي كيا سول 09/12 اسود              ","9,118.64","89.16%","Class B (Next 15%)"
"    54840-4H000K","مسمار عمود التوازن (0U+4L+1R+D3 ) H100       ","9,114.85","89.17%","Class B (Next 15%)"
"     57724-2E000","دومة توسان وكالة                             ","9,100.00","89.18%","Class B (Next 15%)"
"     86554-2K500","عظمة صدام امامي كيا سول 2012 يمين            ","9,100.00","89.20%","Class B (Next 15%)"
" 58101-3E000FRXA","كنويسات امامي سورينتو ( fpk15 )              ","9,100.00","89.21%","Class B (Next 15%)"
"    32790-1G000K","خبطة بترول اكسنت 2006                        ","9,095.79","89.22%","Class B (Next 15%)"
"    25212-2E820K","بطة دينمة النترا  + سول 11/15 6pk1281        ","9,060.68","89.23%","Class B (Next 15%)"
"    21811-2B000K","كرسي مكينة يمين سنتافي 2007                  ","9,046.93","89.24%","Class B (Next 15%)"
"    57724-22000C","دومة اكسنت 02/05                             ","9,033.60","89.25%","Class B (Next 15%)"
"    86190-2S000M","مثلث مراية يمين توسان 11/14                  ","9,032.40","89.26%","Class B (Next 15%)"
"     48148-02200","فلتر اسبيت او جير اكسنت 2015 /1400 سي سي     ","9,030.00","89.27%","Class B (Next 15%)"
"   23060-37921AA","براصات متحرك سنتافي 6 بستم  م 25             ","9,029.44","89.28%","Class B (Next 15%)"
"    00-P-HE-4251","تراب بيرنج ناعم هاركس 42.5 جرام              ","9,027.12","89.29%","Class B (Next 15%)"
"    24355-2E100K","حساس زيت توسان النتراء + سوناتا 12/15        ","9,025.00","89.30%","Class B (Next 15%)"
"    82660-2E000C","يد باب خارجي توسان 05/090 يمين               ","9,024.81","89.31%","Class B (Next 15%)"
"    28130-2H000M","لي هواء النتراء 207 حجم 1.6                  ","9,020.00","89.32%","Class B (Next 15%)"
"    36120-25022K","دقمة سلف سوناتا 2006                         ","9,019.99","89.33%","Class B (Next 15%)"
" 97606-F2000GOLD","تانكي مكيف النترا 16/19                      ","9,017.04","89.34%","Class B (Next 15%)"
"  000-W-88865210","ماء رديتر اخضر ايسي ديلكو امريكي             ","9,010.00","89.35%","Class B (Next 15%)"
"     25430-2S000","دبة ماء راجع توسان  اصلي                     ","9,010.00","89.36%","Class B (Next 15%)"
"    51750-38000C","فلنشة هبس امامي سوناتا + اوبتيما 00/05       ","9,008.00","89.37%","Class B (Next 15%)"
"    58501-4AA10K","اصلاح بريك  باص h100                         ","9,005.40","89.38%","Class B (Next 15%)"
"    25212-02550K","بطة دينمة اتوز  مورننج 02/04 حجم 1.1 +جتز 0/0","9,001.85","89.39%","Class B (Next 15%)"
"     93410-2H00C","يد اشارة النترا 06/10                        ","9,000.00","89.40%","Class B (Next 15%)"
"0-21*24MZ1030ODM","صبرة عكس21*24                                ","9,000.00","89.41%","Class B (Next 15%)"
"    87620-1R430C","مراية اكسنت 2012 كهرباء مع الفليشر           ","9,000.00","89.44%","Class B (Next 15%)"
"      000-DOT-3M","سم البريك حديد وسط                           ","9,000.00","89.44%","Class B (Next 15%)"
"    92201-3S700C","كشاف سوناتا 13/15 طويل  يسار                 ","9,000.00","89.44%","Class B (Next 15%)"
"     HYUNDAI-23T","صليب صبرة عكس داخلي النتراء                  ","8,992.56","89.45%","Class B (Next 15%)"
"    86560-3X700C","شبك صدام تحت النتراء 14/15 نيكل              ","8,992.01","89.47%","Class B (Next 15%)"
"    22212-22051K","والات نار اكسنت 00/05 كوري                   ","8,992.00","89.48%","Class B (Next 15%)"
"    87620-1G103C","مراية كيا ريو 10/11  كهرباء ابو غماز يمين    ","8,991.40","89.49%","Class B (Next 15%)"
"    25411-2E100K","لي ماء فوق توسان  04/09 حجم 2.0              ","8,987.47","89.50%","Class B (Next 15%)"
"    98811-2S000C","عمود مساحات خلفي توسان 2012 ( 98811-1H000)   ","8,987.42","89.51%","Class B (Next 15%)"
"    25311-3Q500K","قفشة تانكي ماء ابو غطاء مبرد سوناتا 2012 سيرن","8,977.40","89.52%","Class B (Next 15%)"
"    25281-2A600C","شداد سير اكسنت + ريو ديزل                    ","8,970.00","89.53%","Class B (Next 15%)"
"    54610-2B500K","كرسي مساعد امامي سنتافي 12/10                ","8,966.69","89.54%","Class B (Next 15%)"
"     37342-37400","بيرنج دينمة سوناتا + اكسنت خلفي وكالة        ","8,963.67","89.55%","Class B (Next 15%)"
"    54630-2D000C","اسبرنج امامي النتراء 00/05                   ","8,960.00","89.56%","Class B (Next 15%)"
"     28111-0X000","غطاء هواية فلتر I10                          ","8,957.97","89.57%","Class B (Next 15%)"
"     93110-4D000","ضفيرة سويس اكسنت كيا ريو06\10 سول سنتافي     ","8,950.00","89.58%","Class B (Next 15%)"
"    24450-39810K","مكرة تيمت سنتافي 3.5 00/05                   ","8,944.63","89.59%","Class B (Next 15%)"
"    26300-35503K","فلتر زيت هيونداي عام                         ","8,935.00","89.60%","Class B (Next 15%)"
"  31111-501JPN-C","بمب بترول عام كانشة كبير ياباني              ","8,928.81","89.61%","Class B (Next 15%)"
"    27501-38B00K","وائرات بلاكات سوناتا + سنتافي 2.4            ","8,919.14","89.62%","Class B (Next 15%)"
"    22441-2GGB0M","باكن غطاء ولات سنتافي 2017 مكينه حديد        ","8,917.23","89.63%","Class B (Next 15%)"
" 22311-27850-MTL","باكن راس توسان ديزل  05/09 حديد حجم 2.2      ","8,913.05","89.64%","Class B (Next 15%)"
" 49509-C1050SJ-M","ربلة عكس خارجي سوناتا 14/19 وكالة            ","8,912.97","89.65%","Class B (Next 15%)"
"    29110-2T000C","بطانة تحت المكينة  كيا لوتشي + K5            ","8,904.28","89.66%","Class B (Next 15%)"
"   54650-26000DJ","مساعد امامي سنتافي                           ","8,900.00","89.67%","Class B (Next 15%)"
" 000-CR-B102-JTE","بخاخ كربيتر JTE                              ","8,899.13","89.68%","Class B (Next 15%)"
"    54584-1G000M","بوشة مقص 2K\2H\2E\1G\3K\3L\2B\3F\2G          ","8,893.98","89.69%","Class B (Next 15%)"
"  55310-07100MGB","مساعد خلفي كيا بيكانتو  2006                 ","8,890.39","89.70%","Class B (Next 15%)"
"    86515-07500M","عظمة صدام امامي مورننج + بيكانتو 2009 يسار   ","8,888.87","89.72%","Class B (Next 15%)"
"    86516-07500M","عظمة صدام امامي مورننج + بيكانتو 2009 يمين   ","8,888.87","89.72%","Class B (Next 15%)"
"    57724-0X010C","دومة اي تن 07/17 + بيكانتو I10               ","8,886.41","89.73%","Class B (Next 15%)"
"    93490-2W110C","شريط ارباج  سنتافي 12/15                     ","8,875.25","89.74%","Class B (Next 15%)"
"    25212-3C100C","بطة دينمة سوناتا + سنتافي 3.3 07 6pk 2475    ","8,873.75","89.75%","Class B (Next 15%)"
"    93570-1E160C","مجموعة تطليع فريم اكسنت 06/10                ","8,869.22","89.76%","Class B (Next 15%)"
"    93490-B2120C","شريط ايرباج كيا سول                          ","8,863.31","89.77%","Class B (Next 15%)"
"  54660-2B540NOM","مساعد امامي سنتافي 2010 يمين                 ","8,860.00","89.78%","Class B (Next 15%)"
"    31112-3R000C","فلتر بترول اكسنت امريكي 2011                 ","8,840.00","89.79%","Class B (Next 15%)"
"    81190-2H000K","خبطة كور الطويل النتراء 07/10                ","8,839.21","89.80%","Class B (Next 15%)"
"     HYUNDAI-30T","صليب صبرة عكس داخلي ماتركس + النتراء + باجيرو","8,839.20","89.81%","Class B (Next 15%)"
"     81190-1E000","خبطة كور الطويل اكسنت 06/11 اصلي             ","8,833.20","89.82%","Class B (Next 15%)"
"41100-22700VALEO","كليتش حجم 1.5 اكسنت + جتز                    ","8,829.48","89.83%","Class B (Next 15%)"
" 41100-22705SEKO","كليتش حجم 1.5 اكسصنت + جتز                   ","8,827.90","89.84%","Class B (Next 15%)"
"     86153-3X000","غطاء شبط مساحات النترا يسار 11-15            ","8,825.43","89.85%","Class B (Next 15%)"
"    92202-1R000C","كشاف اكسنت 2012-2015 يمين                    ","8,818.00","89.86%","Class B (Next 15%)"
"    22311-26700M","باكن راس النتراء + اكسنت 06  حجم 1.4  حديد وك","8,817.87","89.87%","Class B (Next 15%)"
"     57790-2DA00","اصلاح علبة سكان تحت النتراء 2001 وكالة       ","8,810.00","89.89%","Class B (Next 15%)"
"    25600-2G500C","قاعدة ماء كامل سوناتا + توسان                ","8,807.87","89.90%","Class B (Next 15%)"
"    92110-2E010C","زجاج كشافة توسان 04/09                       ","8,803.00","89.91%","Class B (Next 15%)"
"    87610-1R730C","مرايه اكسنت 2012+ كهرباء مع الفليشر          ","8,797.00","89.92%","Class B (Next 15%)"
"    56820-2E000C","مشرعة توسان 2003 يسار                        ","8,796.97","89.93%","Class B (Next 15%)"
"    54813-3K010M","ربلة مشرخ امامي سوناتا  سنتافي 2007          ","8,788.24","89.94%","Class B (Next 15%)"
"    54612-4D000K","بيرنج كرسي مساعد امامي سنتافي  H1كرنفال      ","8,783.89","89.95%","Class B (Next 15%)"
"    27501-2X140C","وائرات بلاكات كيا ريو 2012                   ","8,775.00","89.96%","Class B (Next 15%)"
"    31112-3Q500C","فلتر بترول توسان + سبورتاج 10/12             ","8,754.51","89.97%","Class B (Next 15%)"
"    21830-17150K","كرسي مكينة يسار ماتركس 02/07                 ","8,751.23","89.98%","Class B (Next 15%)"
"    25350-3X000C","اطار مروحة ماء النتراء 12/15                 ","8,726.60","89.99%","Class B (Next 15%)"
"     28321-2G000","بلف هواء ثلاجة  توسان 12/15                  ","8,726.10","90.00%","Class B (Next 15%)"
"  21930-3S100QPA","كرسي مكينة خلفي سوناتا 2012.                 ","8,725.04","90.01%","Class B (Next 15%)"
"   52773-2G000-F","بوشة مقص خلفي كيا لوتشي                      ","8,720.00","90.02%","Class B (Next 15%)"
"   23040-23921TP","شنابر .25 النتراء حجم 2.0 + 1.8 ( 42010)     ","8,709.80","90.03%","Class B (Next 15%)"
"    57724-26000C","دومة سنتافي 00/05                            ","8,708.41","90.04%","Class B (Next 15%)"
"    86530-D3000C","جسر صدام امامي توسان 2017 + F8000            ","8,696.60","90.05%","Class B (Next 15%)"
"    39310-38070C","حساس تيمت سوناتا 2004 + سنتافي               ","8,694.64","90.06%","Class B (Next 15%)"
"    22311-2G600M","باكن راس وكاله سنتافي سوناتا+                ","8,688.00","90.07%","Class B (Next 15%)"
"  000-ATF-3ACDEL","زيت جير او سكان ثقيل موديل قديم              ","8,682.34","90.08%","Class B (Next 15%)"
"    57150-2E000M","دبة علبة سكان فوق توسان 04/09                ","8,682.16","90.09%","Class B (Next 15%)"
"    86561-2K000C","شبك صدام وسط كيا سول 9/11                    ","8,682.01","90.10%","Class B (Next 15%)"
"    25312-1C350K","قفشة تانكي ماء تحت بدون غطاء جتز 04/09       ","8,681.08","90.11%","Class B (Next 15%)"
"    54610-2B000C","كرسي مساعد امامي سنتافي 07/10                ","8,676.16","90.12%","Class B (Next 15%)"
"     21360-3E000","غطاء بطة تيمت فوق سنتافي 2007 2.7            ","8,673.52","90.13%","Class B (Next 15%)"
"     25412-2D150","لي ماء تحت النتراء 01/06                     ","8,664.60","90.14%","Class B (Next 15%)"
"    25100-27000K","بمب ماء توسان + سنتافي سبورتاج ديزل الكل     ","8,658.16","90.15%","Class B (Next 15%)"
"    25281-37120C","شداد دينمة سنتافي + سوناتا + توسان 2.7 00    ","8,652.91","90.16%","Class B (Next 15%)"
"     22441-26003","باكن كور والات اكسنت 1.4 بدون سلبه           ","8,645.22","90.17%","Class B (Next 15%)"
"    25100-3E000C","بمب ماء سنتافي + كيا لوتي + ازيراء + سوناتا ح","8,636.95","90.18%","Class B (Next 15%)"
"    25411-2W800M","لي ماء فوق سنتافي وسط حجم 3.3 سنتافي         ","8,635.89","90.19%","Class B (Next 15%)"
"     22144-3B001","لمدة تيمت اكسنت سوناتا سنتافي النتراء ماتركس ","8,623.43","90.20%","Class B (Next 15%)"
"     28324-2E000","حساس زيت النترا 12/15 اصلي                   ","8,620.00","90.21%","Class B (Next 15%)"
"    93410-1R010C","يد اشارة اكسنت + ريو 11/15                   ","8,620.00","90.22%","Class B (Next 15%)"
"    54630-3K050C","اسبرنج ميزان امامي سوناتا 06/08              ","8,611.90","90.23%","Class B (Next 15%)"
"    86565-D3500C","دقن صدام تحت توسان  يركب بصدام 2 تحت 19/20   ","8,608.25","90.24%","Class B (Next 15%)"
"  66317-1E000C-L","غماز بنكة اكسنت 06/10 يسار                   ","8,597.92","90.25%","Class B (Next 15%)"
"    57170-2D101C","سير سكان النترا 00/05 3PK675                 ","8,594.23","90.26%","Class B (Next 15%)"
"    27301-04000M","كويل مفرد كيا بيكانتو + مورننج + جراند اي10  ","8,581.10","90.27%","Class B (Next 15%)"
"0-27*30FU-08TAGA","صبرة عكس النتراء 2007 27*30*56               ","8,580.00","90.27%","Class B (Next 15%)"
"    49506-2BA30C","ربلة عكس داخلي سنتافي 2007                   ","8,580.00","90.28%","Class B (Next 15%)"
"    86514-2W000M","عظمة صدام امامي سنتافي 13/15 يمين            ","8,574.45","90.29%","Class B (Next 15%)"
"    49575-2E000C","شيال صبرة توسان 04/09 6 بستم                 ","8,572.53","90.30%","Class B (Next 15%)"
"    56820-2K000K","مشرعة سول يسار                               ","8,571.15","90.31%","Class B (Next 15%)"
" 58101-2CA00WATO","كنويسات امامي 2C\2H\2E\2G\3K\3L\             ","8,570.00","90.32%","Class B (Next 15%)"
"    24317-42020K","ضغاط بطة تيمت باص ديزل H100                  ","8,560.30","90.33%","Class B (Next 15%)"
"    92120-1G020C","زجاج كشافه امامي يمين كيا ريو 2005           ","8,559.00","90.34%","Class B (Next 15%)"
"    25412-1E000K","لي ماء تحت اكسنت 06/10                       ","8,555.57","90.35%","Class B (Next 15%)"
"    28760-2H000C","ربلة شكمان النتراء 2008                      ","8,542.04","90.36%","Class B (Next 15%)"
"    21443-33005K","لمدة كرين خلفي 1.8 + 2.0 التنراء سوناتا      ","8,540.50","90.37%","Class B (Next 15%)"
"    25380-2H150C","مروحة تانكي ماء كامل النترا 07/10            ","8,535.00","90.38%","Class B (Next 15%)"
"    22441-3E011K","باكن كور والات يسار 06 سنتافي + لوتشي 2.7 06/","8,525.86","90.39%","Class B (Next 15%)"
"  23060-26425KFM","براصات متحرك اكسنت حجم 1.6  06/10 STD        ","8,520.20","90.40%","Class B (Next 15%)"
"    86812-07500C","غلاف بنكة امامي يسار كيا  بيكانتو 2008       ","8,520.00","90.41%","Class B (Next 15%)"
"    23060-2E000M","براصات متحرك النترا  12/15 اصلي              ","8,505.93","90.42%","Class B (Next 15%)"
"51750-1J000FALCN","فلنشة هوبس امامي النترا 12/15                ","8,505.46","90.43%","Class B (Next 15%)"
"    21930-2P500C","كرسي مكينة خلفي سنتافي 11/15 امريكي          ","8,500.00","90.45%","Class B (Next 15%)"
"    55215-2W000K","بوشة مقص خلفي تحت سنتافي 13/16               ","8,500.00","90.45%","Class B (Next 15%)"
"    25411-17200M","لي ماء فوق ماتركس 00/06 حجم 2.0              ","8,492.61","90.46%","Class B (Next 15%)"
"    22311-37310K","باكن راس كربون سوناتا 6 بستون 2.7 يسار       ","8,482.81","90.47%","Class B (Next 15%)"
"    92201-2W010C","كشافة ضباب سنتافي 12/16 يسار                 ","8,479.71","90.48%","Class B (Next 15%)"
"    58510-02010C","علبة بريك فوق اتوز 4 مواصير                  ","8,477.06","90.49%","Class B (Next 15%)"
"    49506-26A00K","ربلة عكس داخلي سنتافي توان سوناتا            ","8,476.29","90.50%","Class B (Next 15%)"
"    28521-25020K","باكن منفول سوناتا 2007 4 بستم                ","8,475.90","90.51%","Class B (Next 15%)"
"    92201-3X000C","كشاف ضباب النتراء 11/13 يسار                 ","8,472.72","90.52%","Class B (Next 15%)"
"     57150-25A00","اصلاح علبة سكان فوق اكسنت 00/05              ","8,468.50","90.53%","Class B (Next 15%)"
"    92402-26500C","اسطب خلفي سنتافي 00/06 0                     ","8,468.20","90.54%","Class B (Next 15%)"
"    55250-2G001K","عمود توازن خلفي النترا 06\10 ابو مشرعة       ","8,463.00","90.55%","Class B (Next 15%)"
"    22441-26801C","باكن كور والات اكسنت 06  حجم 1.6 ابو سلبه    ","8,462.43","90.56%","Class B (Next 15%)"
"  58101-D7000RED","كنويسات امامي توسان 16/20 KD9059 سميكو       ","8,452.00","90.57%","Class B (Next 15%)"
"    54620-2G000C","كرسي مساعد امامي كيا لوتشي 07/10 يمين        ","8,451.20","90.58%","Class B (Next 15%)"
"   000-DOT-LASER","سم بريك الغنامي LASER 200ML                  ","8,433.71","90.59%","Class B (Next 15%)"
"    22311-25212M","باكن راس سنتافي + سوناتا 2.4 كربون وكالة     ","8,426.15","90.60%","Class B (Next 15%)"
"    29120-1G000C","بطانة تحت المكينة اكسنت 06/11 طقم يسار       ","8,423.10","90.61%","Class B (Next 15%)"
"    49575-2B500C","شيال صبرة سنتافي 07/11                       ","8,420.00","90.62%","Class B (Next 15%)"
"  82620-2B010C-G","يد باب داخلي يمين سنتافي 07/10 رمادي         ","8,418.00","90.63%","Class B (Next 15%)"
"     26320-3CAA0","فلتر زيت سوناتا/ازيرا اصلي                   ","8,416.84","90.64%","Class B (Next 15%)"
"    28139-37101C","لي هواء سنتافي + سوناتا                      ","8,416.13","90.65%","Class B (Next 15%)"
"     8761X-2S000","زجاج مراية توسان وكالة L+R LED               ","8,415.00","90.66%","Class B (Next 15%)"
"    87610-2E510C","مراية باب توسان 2004 يسار  توماتيك           ","8,402.90","90.67%","Class B (Next 15%)"
"    41700-4H100K","علبة كليتش تحت بباص اتش 100  2008            ","8,400.00","90.68%","Class B (Next 15%)"
"    56820-3S500K","مشرعة سوناتا 2012 يمين                       ","8,399.80","90.68%","Class B (Next 15%)"
"    86811-2W000C","بطانة كفر يسار سنتافي 12/16                  ","8,396.94","90.69%","Class B (Next 15%)"
"   18814-2727NGK","بلاكات عام دبل                               ","8,396.00","90.70%","Class B (Next 15%)"
"    28321-2G000M","توصيلة لي بوابة الهواء توسان 12/15           ","8,395.12","90.71%","Class B (Next 15%)"
"    25411-07500K","لي ماء فوق كيا مورننج                        ","8,391.50","90.72%","Class B (Next 15%)"
"    22453-3C110K","باكن كور والات  يسار 3.3 سوناتا 2007         ","8,383.44","90.73%","Class B (Next 15%)"
"    86150-1R000C","شبك مساحات اكسنت  11/15                      ","8,382.93","90.74%","Class B (Next 15%)"
"    52950-1M000C","صاموله كفر عام مغلق بدون ويسر                ","8,374.97","90.75%","Class B (Next 15%)"
"    81161-26001C","مساعد كور سنتافي02/05                        ","8,360.52","90.76%","Class B (Next 15%)"
"    25411-2D000C","لي ماء فوق النتراء 01/06                 ","8,360.25","90.77%","Class B (Next 15%)"
"    25380-1E100C","مروحة تانكي ماء اكسنت 2007 الصغيرة           ","8,360.00","90.78%","Class B (Next 15%)"
"    28113-2B000K","فلتر هواء سنتافي 07/10                       ","8,359.28","90.79%","Class B (Next 15%)"
"    56820-25000K","مشرعة اكسنت + النترا                         ","8,346.94","90.80%","Class B (Next 15%)"
"    92201-2K000C","كشافة ضباب كيا سول 8/11 يسار                 ","8,346.14","90.81%","Class B (Next 15%)"
"    21830-2D050C","كرسي مكينة يسار النتراء 00/06 توماتيك        ","8,340.24","90.82%","Class B (Next 15%)"
"    25212-23700C","بطة دينمة النتراء 07/10 4pk 890              ","8,337.50","90.83%","Class B (Next 15%)"
"    24410-02510J","ضغاط تيمت جتز + اتوز ياباني                  ","8,335.00","90.84%","Class B (Next 15%)"
"    98620-2B000M","دبة مساحات 07/09 موبيس                       ","8,332.00","90.85%","Class B (Next 15%)"
"    39250-26900K","حساس طرق اكسنت + ماتركس 06/10                ","8,326.40","90.86%","Class B (Next 15%)"
"    25311-2B400K","قفشة تانكي ماء فوق  ابو غطاء مرون سنتافي 09/1","8,324.95","90.87%","Class B (Next 15%)"
"     97713-1E000","سير مكيف اكسنت 04/10 4PK 815                 ","8,322.28","90.88%","Class B (Next 15%)"
"    55130-4D000C","بوشة نكل تحت متحرك النترا+اوبتيما            ","8,313.35","90.89%","Class B (Next 15%)"
"    00-P-HE-4252","تراب بيرنج خشن هاركس 42.5 جرام               ","8,308.96","90.90%","Class B (Next 15%)"
"     81190-2E000","خبطة كور توسان الطويل                        ","8,304.00","90.91%","Class B (Next 15%)"
"0-22*27HY201ASUP","صبرة عكس  خارجي النتراء سول 2010( 27*22)     ","8,300.00","90.92%","Class B (Next 15%)"
"    43119-39020C","لمدة عكس داخلي سوناتا الحديد                 ","8,290.00","90.93%","Class B (Next 15%)"
"    58330-1G000K","برمة بريك خلفي اكسنت 2006                    ","8,281.25","90.93%","Class B (Next 15%)"
"    54820-02000M","مسمار عمود توازن اتوز                        ","8,279.60","90.94%","Class B (Next 15%)"
"    86528-D3500M","غطاء تحت كشافة ضباب توسان يمين  19/22 الداخلي","8,279.09","90.95%","Class B (Next 15%)"
"    58330-FD200C","علبة بريك خلفي ريو 2001                      ","8,276.83","90.96%","Class B (Next 15%)"
"    81320-2W010C","قفل باب امامي يمين سنتافي 12/18              ","8,276.53","90.97%","Class B (Next 15%)"
"    31111-2B000C","بمب بترول سنتافي 08/13                       ","8,275.00","90.98%","Class B (Next 15%)"
"     25611-22010","كوع بيسة ماء اكسنت 00/05                     ","8,270.20","90.99%","Class B (Next 15%)"
"    56820-1E000K","مشرعة اكسنت او مشرعة L 06/10                 ","8,268.00","91.00%","Class B (Next 15%)"
"     22441-2G000","باكن كور والات  توسان + سنتافي +  4 بستم 11/1","8,266.40","91.01%","Class B (Next 15%)"
"    41610-1C010C","علبة كليش فوق  جتز المنيوم 2006              ","8,265.48","91.02%","Class B (Next 15%)"
"    92110-1R000C","زجاج كشافه امامي  يسار اكسنت 12/15           ","8,265.00","91.03%","Class B (Next 15%)"
"   23040-23981TP","شنبر مكينة النترا مقاص 0.50حجم 1.8  ( 42010-5","8,264.60","91.04%","Class B (Next 15%)"
"    86812-2K000C","بطانة كفر امامي يسار كيا سول 08/11           ","8,261.27","91.05%","Class B (Next 15%)"
"  25212-5PK1280C","5PK1280                                      ","8,246.10","91.06%","Class B (Next 15%)"
"    81161-3S000K","مساعد كور سنتافي + سوناتا                    ","8,243.46","91.07%","Class B (Next 15%)"
"    28111-1E000C","غطاء قربة فلتر هواء فوق اكسنت 06/11          ","8,240.00","91.08%","Class B (Next 15%)"
"  86511-2H000C-G","صدام امامي النتراء 06/09                     ","8,239.71","91.09%","Class B (Next 15%)"
"0-22*25HY100ASUP","رأس عكس اكسنت + جتز ابو APSحساس 25*22*50     ","8,238.50","91.10%","Class B (Next 15%)"
"    56820-C1000K","مشرعة سوناتا  يسار14/18 D3=C1                ","8,236.97","91.11%","Class B (Next 15%)"
"    31112-17000C","فلتر بترول ماتركس 00/05                      ","8,226.06","91.12%","Class B (Next 15%)"
"58101-D3A00FALCN","كنويسات امامي توسان + سبورتاج 15/1           ","8,220.99","91.12%","Class B (Next 15%)"
"    86557-2E000C"," غطاء كشافة ضباب توسان 04/09 يسار            ","8,217.00","91.13%","Class B (Next 15%)"
"21030-25150TAIHO","هلال كرين سوناتا + لوتشي 2007 حجم 2.0 STD    ","8,211.33","91.14%","Class B (Next 15%)"
"    92202-3K500C","كشاف صدام يمين سوناتا 2009                   ","8,194.87","91.15%","Class B (Next 15%)"
"41300-22000VALEO","موسم اكسنت 02/05 حجم 1.3 VKD-27773           ","8,192.00","91.16%","Class B (Next 15%)"
"    49509-2EA00K","ربلة عكس خارجي توسان                         ","8,191.40","91.17%","Class B (Next 15%)"
"    25212-22030K","بطة دينمة اكسنت 2000/2005 4PK897             ","8,176.00","91.18%","Class B (Next 15%)"
"    21020-23320M","براصات ثابت استاندر توسان حجم 2000 موديل 2007","8,175.00","91.19%","Class B (Next 15%)"
" 58101-2PA70GOLD","كنويسات امامي سنتافي 2W\2P 10/17             ","8,166.40","91.20%","Class B (Next 15%)"
"41300-39260VALIO","موسم توسان  04/09 HDC-89 (29924)             ","8,155.65","91.21%","Class B (Next 15%)"
"    55510-3S001C","عمود توازن اوبتيما + سوناتا K5               ","8,148.00","91.22%","Class B (Next 15%)"
"58302-2JA00ACE-2","كنويسات خلفي سنتافي + جنسيس 2PA70 +2W        ","8,147.90","91.23%","Class B (Next 15%)"
"    29240-2G000C","غطاء فوق المكينة زينة توسان 11/15            ","8,144.00","91.24%","Class B (Next 15%)"
"    39210-3C100C","حساس شكمان فوق فيراكروز سنتافي  سوناتا 3.3   ","8,133.00","91.25%","Class B (Next 15%)"
"    81391-1E000C","خبطة يد باب داخلي امامي اكسنت 06/10 يسا      ","8,131.86","91.26%","Class B (Next 15%)"
"    25431-2E100M","دبة ماء راجع توسان 04/09 ديزل                ","8,127.30","91.27%","Class B (Next 15%)"
"    56900-3K500C","غطاء سكان سوناتا2007-2009 رمادي              ","8,120.44","91.27%","Class B (Next 15%)"
"   58731-25000-F","لي سم بريك اكسنت 00/05 يسار                  ","8,120.00","91.28%","Class B (Next 15%)"
"    93410-1C000M","يد اشارة اكسنت + بيكانتو+ ريو 06/11          ","8,112.15","91.29%","Class B (Next 15%)"
"    25500-23010C","بلف حرارة النتراء 00/06 توسان 05/09 2.0-2.4  ","8,110.00","91.30%","Class B (Next 15%)"
"    25286-25000K","مكرة بطة دينمة سير خارجي سوناتا + ازيرا 2008 ","8,110.00","91.31%","Class B (Next 15%)"
"  25631-2B001QPC","كوع بيسة تحت اكسنت النترا 2012 قصير          ","8,110.00","91.32%","Class B (Next 15%)"
"    35310-2G100C","بخاخ بترول توسان سنتافي سوناتا حجم 2.0 12/16 ","8,109.32","91.33%","Class B (Next 15%)"
"    81161-2B010K","مساعد كور سنتافي 06/10                       ","8,106.80","91.34%","Class B (Next 15%)"
"    82610-1G010C","يد باب داخلي ريو 2007 اسود يسار              ","8,085.38","91.35%","Class B (Next 15%)"
"    57726-22000M","بوشة علبة سكان اكسنت 1999                    ","8,078.79","91.36%","Class B (Next 15%)"
"    27301-2B010K","كويل مفرد النترا + اكسنت 2012                ","8,075.00","91.37%","Class B (Next 15%)"
"     86517-1E000","غطاء سحاب او غطاء ونش اكسنت 06/10            ","8,072.14","91.38%","Class B (Next 15%)"
"    92202-2W010C","كشافة ضباب سنتافي 12/16 يمين                 ","8,071.17","91.39%","Class B (Next 15%)"
"    22311-22620K","باكن راس كربون اكسنت 02/05  1.3              ","8,056.79","91.40%","Class B (Next 15%)"
"    55215-2S200K","بوشة مقص خلفي تحت توسان 12/15                ","8,054.05","91.41%","Class B (Next 15%)"
"41300-22700VALEO","موسم اكسنت + جتز 02/06                       ","8,051.39","91.41%","Class B (Next 15%)"
"    41100-23600K","كلتش النترا 07/11                            ","8,037.92","91.42%","Class B (Next 15%)"
"000-SH-500-GRMAN","شحم علبة كبير 500G احمر حديد جرمان           ","8,033.97","91.43%","Class B (Next 15%)"
"    31112-07000C","فلتر بترول كيا مورننج + بيكانتو 2004         ","8,032.84","91.44%","Class B (Next 15%)"
"    92120-1R000C","زجاج كشافه امامي  يمين اكسنت 12/15           ","8,027.00","91.45%","Class B (Next 15%)"
" 58101-38A50MALI","كنويسات امامي سوناتا 00/05 ماليزي            ","8,023.62","91.46%","Class B (Next 15%)"
"    41610-25020C","علبة كليش فوق اكسنت 2005                     ","8,021.00","91.47%","Class B (Next 15%)"
"    86513-2S000M","عظمة صدام امامي يسار توسان 2012              ","8,005.80","91.48%","Class B (Next 15%)"
"     24322-25000","سلسلة بمب الزيت سوناتا H1 توسان  حجم 2.0+2.4 ","8,001.00","91.49%","Class B (Next 15%)"
"    92402-FD000C","اسطب خلفي كيا ريو 00\03 يمين .               ","8,000.00","91.50%","Class B (Next 15%)"
"    51760-2H000M","جوزة مقص النترا 07/11                        ","8,000.00","91.52%","Class B (Next 15%)"
"    22441-04050C","باكن غطاءولات                                ","8,000.00","91.52%","Class B (Next 15%)"
"    55530-2S200K","مسمار توازن خلفي سبورتاج +  توسان دبل يسار10/","7,999.84","91.53%","Class B (Next 15%)"
"    21830-2H000C","كرسي مكينة يسار النترا  06/10                ","7,994.32","91.53%","Class B (Next 15%)"
"     26410-2G000","مبرد زيت توسان i30 سوناتا  4 بستم 2.4 عام    ","7,993.37","91.54%","Class B (Next 15%)"
"    25287-27000K","مكرة شداد فوق بطة مروحة سنتافي توسان ديزل    ","7,992.54","91.55%","Class B (Next 15%)"
"    55100-2W100K","عمود سحب خلفي سنتافي دبل  12/15              ","7,991.95","91.56%","Class B (Next 15%)"
"    54501-17000C","مقص امامي يمين ماتركس 22/06 GCR              ","7,983.00","91.57%","Class B (Next 15%)"
"     22441-26801","باكن كور والات اكسنت 06/10 حجم 1.6 ابو سلبه  ","7,982.00","91.58%","Class B (Next 15%)"
"    39350-22600C","حساس تيمت اكسنت 00/06 جتز + ماتركس           ","7,977.62","91.59%","Class B (Next 15%)"
"25212-2E820MTSBI","بطة دينمة النترا  + سول 11/15 6pk1281 متسوبيش","7,976.06","91.60%","Class B (Next 15%)"
"    92401-FD100C","اسطب خلفي كيا ريو 05/03 يمين .               ","7,976.00","91.61%","Class B (Next 15%)"
"58302-C1A00FUJTA","كنويسات خلفي سوناتا +سول K0\3X\D3\C1\D7      ","7,968.06","91.62%","Class B (Next 15%)"
"    56555-0X500C","بوشة مشط اكسنت 2012 +                        ","7,966.90","91.63%","Class B (Next 15%)"
"    55310-2W000K","مساعد خلفي سنتافي12/15ONNUR 2W000=B8300      ","7,957.20","91.64%","Class B (Next 15%)"
"    25100-37100K","بمب ماء سوناتا سنتافي توسان حجم 2.7          ","7,946.50","91.64%","Class B (Next 15%)"
"    57790-17A00K","اصلاح علبة سكان ماتركس                       ","7,939.48","91.65%","Class B (Next 15%)"
"    81190-2D000C","خبطة كور  الطويل النتراء 02/05               ","7,938.49","91.66%","Class B (Next 15%)"
"    49506-17A00K","ربلة عكس داخلي ماتركس                        ","7,930.19","91.67%","Class B (Next 15%)"
"54660-2B200TRSTY","مساعد امامي سنتافي 06/09                     ","7,929.00","91.68%","Class B (Next 15%)"
"    92202-1G000C","كشاف ضباب كيا ريو 2007                       ","7,928.96","91.69%","Class B (Next 15%)"
"  66317-1E000C-R","غماز بنكة اكسنت 06/10 ييمن                   ","7,928.01","91.70%","Class B (Next 15%)"
"    82610-3D000C","يد باب امامي داخلي يسار سوناتا               ","7,924.85","91.71%","Class B (Next 15%)"
"    39180-22600C","حساس كرين 1.3 + 1.5 + 1.6 اكسنت جتز ماتركس ال","7,917.60","91.72%","Class B (Next 15%)"
"     86300-2W000","علامة شبك امامي سنتافي 2012                  ","7,917.00","91.73%","Class B (Next 15%)"
"  54651-2D100MTE","مساعد امامي يسار النترا + ماتركس 01/05       ","7,913.88","91.74%","Class B (Next 15%)"
"    28113-4F000K","فلتر هواء باص استاركس 01/5                   ","7,906.40","91.74%","Class B (Next 15%)"
"   23060-2E0120M","براصات متحرك النترا + سول 18/20 STD          ","7,903.69","91.75%","Class B (Next 15%)"
"    41100-22600C","كليتش اكسنت حجم 1.3                          ","7,903.20","91.76%","Class B (Next 15%)"
" 000-CR-200-AM-C","بخاخ كربيتر ابرو مقلد  MASTER ABRO           ","7,899.20","91.77%","Class B (Next 15%)"
"    25350-2H100C","اطار مروحة ماء النترا 06/10                  ","7,897.58","91.78%","Class B (Next 15%)"
"  25212-5PK1257C","بطة دينمة","7,890.00","91.79%","Class B (Next 15%)"
"  54660-02510MTE"," مساعد امامي اتوز 97/98 غاز يمين             ","7,881.60","91.80%","Class B (Next 15%)"
"    86150-2E010C","شبك مساحات توسان 06/08                       ","7,880.00","91.81%","Class B (Next 15%)"
"    59810-3K000C","حساس بريك ABS امامي يسار سوناتا + ازيرا 2007 ","7,872.43","91.82%","Class B (Next 15%)"
" 18841-K5RTM-DPI","بلاكات عادي سوناتا + سبورتاج 2013            ","7,872.00","91.83%","Class B (Next 15%)"
"  66321-2H022TAI","بنكة خارجي النتراء 2007 تايواني يمين         ","7,871.99","91.84%","Class B (Next 15%)"
" 0-25*27MI-23MTE","صبرة عكس النترا ماتركس 01/05                 ","7,868.37","91.84%","Class B (Next 15%)"
"    58370-1G000C","ميزانية بريك خلفي اكسنت 2007 يمين            ","7,868.00","91.85%","Class B (Next 15%)"
"  55310-1E200MTE","ميزان خلفي اكسنت 06/09                       ","7,864.20","91.86%","Class B (Next 15%)"
"    41605-2E070C","علبة كليتش فوق توسان 04/09                   ","7,864.00","91.87%","Class B (Next 15%)"
"    49506-2SA60K","ربلة عكس داخلي  توسان 10/15                  ","7,862.10","91.88%","Class B (Next 15%)"
"    54410-3K000C","مقص امامي فوق يسار سوناتا يسار 06/11         ","7,860.00","91.89%","Class B (Next 15%)"
"    58101-1YA00K","كنويسات امامي كيا بيكانتو + مورننج           ","7,858.00","91.90%","Class B (Next 15%)"
"    54610-2W000C","كرسي مساعد امامي سنتافي 13/14                ","7,858.00","91.91%","Class B (Next 15%)"
"    21810-3K400K","كرسي مكينة يمين سوناتا 09/10                 ","7,853.13","91.92%","Class B (Next 15%)"
"      00-G-RT277","غراء مسامير thread locker                    ","7,839.50","91.93%","Class B (Next 15%)"
" 27310-26600-2-3","كويل مفرد اكسنت + النتراء 06/10 2+3          ","7,836.16","91.93%","Class B (Next 15%)"
"    56828-22000C","ربلة مشرعة عام او ربلة راس ذراع              ","7,832.20","91.94%","Class B (Next 15%)"
"     37334-2B100","بيرنج دينمة اكسنت 2006 + ماتركس وكالة قدم    ","7,827.45","91.95%","Class B (Next 15%)"
"    46512-39800C","جير عداد سرعة توسان 02/09 حجم 2.7            ","7,818.95","91.96%","Class B (Next 15%)"
"  54611-38601MGB","مساعد امامي سوناتا 2000/2005 تجاري           ","7,810.20","91.97%","Class B (Next 15%)"
"    21910-2E001K","كرسي مكينة امامي توسان 06/10                 ","7,810.00","91.98%","Class B (Next 15%)"
"    82610-2B000C","سنتافي اسود                                  ","7,808.00","91.99%","Class B (Next 15%)"
"    81140-2W000M","شنكار كور او يد فتحت الكور سنتافي 13/15      ","7,805.19","92.00%","Class B (Next 15%)"
"     98620-2K500","دبة مساحات كيا سول 10/12                     ","7,801.14","92.01%","Class B (Next 15%)"
"    31111-25000C","بمب بترول عام                    ","7,800.00","92.02%","Class B (Next 15%)"
"  58101-1MA00ACE","كنويسات  امامي B2=1M سوناتا 2011 غاز + كارنز ","7,796.00","92.02%","Class B (Next 15%)"
"    36120-2G200K","دقمة سلف توسان + سنتافي +لوتشي 09/12         ","7,794.20","92.03%","Class B (Next 15%)"
"    22311-37320K","باكن راس كربون يمين 2.7 سنتافي + سوناتا      ","7,791.65","92.04%","Class B (Next 15%)"
"  66321-2E110TAI","بنكة يمين توسان ابو فيبر 05/09               ","7,788.00","92.05%","Class B (Next 15%)"
"    42700-3B000C","مشط اسبيت توسان سنتافي سيراتو                ","7,783.96","92.06%","Class B (Next 15%)"
"    54623-3S000C","ربلة مطب فوق الاسبرنج امامي سوناتا  12/17    ","7,781.67","92.07%","Class B (Next 15%)"
"    28762-2B000C","ربلة شكمان توسان 04/06 سنتافي + النتراء      ","7,779.00","92.08%","Class B (Next 15%)"
"    87711-B8000M","فيبر بنكة امامي سنتافي 13/15                 ","7,778.58","92.10%","Class B (Next 15%)"
"    87712-B8000M","فيبر بنكة امامي سنتافي 13/15 يمين            ","7,778.58","92.10%","Class B (Next 15%)"
"    92110-1E000C","زجاج كشافه امامي يسار اكسنت 06/10            ","7,778.16","92.11%","Class B (Next 15%)"
"    51712-25060K","هوب امامي اكسنت 00/05 كوري                   ","7,760.00","92.11%","Class B (Next 15%)"
"    25414-3S100M","لي ماء فوق سوناتا  k5 11/15 l موبيس          ","7,744.70","92.12%","Class B (Next 15%)"
"    92101-3S010C","شمعة سوناتا  ابيض 2012-2014 يسار             ","7,741.03","92.13%","Class B (Next 15%)"
"     31113-17000","قفشة بمب بترول ماتركس 01/07                  ","7,740.63","92.14%","Class B (Next 15%)"
"    25100-37202C","بمب ماء سنتافي + سوناتا + توسان 6 بستون      ","7,729.00","92.15%","Class B (Next 15%)"
"     25460-38051","ماصورة ماء سوناتا 02/05 حجم 2.4              ","7,728.00","92.16%","Class B (Next 15%)"
"     22211-23600","والات توسان وكالة                            ","7,720.00","92.17%","Class B (Next 15%)"
"    43794-17201K","خبطة تعاشيق ماتركس                           ","7,717.27","92.18%","Class B (Next 15%)"
"    56521-2K000C","بوشة مشط سول 08/14                           ","7,708.36","92.19%","Class B (Next 15%)"
"    86522-C1800C","غطاء كشافة ضباب سوناتا يمين 2018             ","7,706.68","92.19%","Class B (Next 15%)"
"  55310-1C200NOM","مساعد خلفي  جتز00/06 (343398)                ","7,700.00","92.20%","Class B (Next 15%)"
"    55326-2P000C","ربلة مطب خلفي سنتافي سورينتو 11/14           ","7,699.88","92.21%","Class B (Next 15%)"
"    79380-2B000M","بريك باب سنتافي يسار                         ","7,698.72","92.22%","Class B (Next 15%)"
"    94460-0W000C","عوامة بترول سنتافي 2007 حجم 3.3              ","7,698.64","92.23%","Class B (Next 15%)"
"000-W-CPLUS-EGYT","ماء رديتر اخضر سي بلس مصري C-PLUSE           ","7,698.22","92.24%","Class B (Next 15%)"
"    57170-2D101K","سير سكان النترا 00/05 3PK675                 ","7,693.81","92.25%","Class B (Next 15%)"
"    29110-F2000C","بطانة تحت المكينة النتراء 16/19              ","7,686.85","92.26%","Class B (Next 15%)"
"   25212-4PK855K","سير مكينة + مكيف توسان النترا + اكسنت ديزل بن","7,674.21","92.27%","Class B (Next 15%)"
"    24430-2J000M","تكاية سلسلة تيمت النتراء 11/16 + توسان  وكالة","7,665.00","92.27%","Class B (Next 15%)"
"     28113-1R100","فلتر هواء اكسنت 12/16 اصلي                   ","7,654.26","92.28%","Class B (Next 15%)"
"    21810-07050K","كرسي مكينة يمين كيا بيكانتو 04/07            ","7,644.62","92.29%","Class B (Next 15%)"
"    79120-3S000C","مفصلة كور سوناتا 11/15 يمين                  ","7,630.00","92.30%","Class B (Next 15%)"
"  000-CL-HP-8200","منظف كربيتر + بخاخات بترول سائل كل 2000 كيلو ","7,628.19","92.31%","Class B (Next 15%)"
"    22211-26600C","والات هواء اكسنت 2007                        ","7,620.00","92.32%","Class B (Next 15%)"
"    21830-2W400K","كرسي مكينة يسار سنتافي دبل حجم 3.3  12/15    ","7,619.53","92.33%","Class B (Next 15%)"
"54660-2B540FALCN","مساعد امامي سنتافي 05/10يمين                 ","7,609.51","92.34%","Class B (Next 15%)"
"58101-H6A51FALCN","كنويسات امامي اكسنت 18/20                    ","7,601.73","92.34%","Class B (Next 15%)"
"     82620-26000","يد باب داخلي سنتافي اسود يمين                ","7,585.00","92.35%","Class B (Next 15%)"
"    25485-1J000C","توصيلة بلاستيك لي ماء سوناتا + لوتشي 06/10 + ","7,581.27","92.36%","Class B (Next 15%)"
"    39310-38050C","حساس تيمت اتوز سوناتا 2005 بترول حجم 2.0     ","7,571.55","92.37%","Class B (Next 15%)"
"    86565-D3100C","دقن صدام تحت توسان  يركب بصدام 2 تحت 19/20   ","7,570.00","92.38%","Class B (Next 15%)"
"     58101-3XA20","كنويسات امامي النترا 3X\2V\1R\B2             ","7,566.00","92.39%","Class B (Next 15%)"
"    32790-02010K","خبطة ليور اتوز                               ","7,559.20","92.40%","Class B (Next 15%)"
"    92101-3Y500C","كشافة امامي النترا 14/16 عدسة                ","7,550.00","92.41%","Class B (Next 15%)"
"    92102-3Y500C","كشافة امامي النترا 14/16 عدسة                ","7,550.00","92.41%","Class B (Next 15%)"
"    28190-1G000M","دبة صوت اكسنت  06/09                         ","7,546.95","92.42%","Class B (Next 15%)"
"56820-2B900FALCN","مشرعة سنتافي 2007 يمين                       ","7,546.30","92.43%","Class B (Next 15%)"
"    28110-2S000C","قربة فلتر هواء توسان 12/15                   ","7,544.40","92.44%","Class B (Next 15%)"
"    86561-1R000C","شبك صدام تحت اكسنت 2012                      ","7,516.58","92.45%","Class B (Next 15%)"
"    92102-2E050C","كشافة امامي توسان يمين 2004/2009 اصفر        ","7,515.82","92.46%","Class B (Next 15%)"
"    93570-2H110C","مجموعة تطليع فريم النتراء 07/10              ","7,512.24","92.47%","Class B (Next 15%)"
"    54813-26100K","ربلة مشرخ امامي سنتافي+ توسان                ","7,509.58","92.47%","Class B (Next 15%)"
"    39180-2B000K","حساس كرين النترا توسان كيا سول 15-18 حجم 1.6 ","7,508.00","92.48%","Class B (Next 15%)"
"    57724-4H100K","دومة باص اتش ون 07/14                     ","7,506.72","92.49%","Class B (Next 15%)"
"    55160-1R000K","بوشة دنقل اكسنت 12/15                        ","7,501.90","92.50%","Class B (Next 15%)"
"    39250-37150K","حساس طرق 2.7 سنتافي + سوناتا حجم 2.7         ","7,500.00","92.51%","Class B (Next 15%)"
"    81230-3S010M","قفل شنطة سوناتا 11/15                        ","7,499.63","92.52%","Class B (Next 15%)"
"    97617-1C200K","فلتر مكيف جتز طبقتين 06                      ","7,499.28","92.53%","Class B (Next 15%)"
"    97133-2E260K","فلتر مكيف توسان 04/09 + كيا سورنتو           ","7,499.20","92.53%","Class B (Next 15%)"
"    87620-1G800C","مراية كيا برايد 06/10 ابيض كهرباء            ","7,495.26","92.54%","Class B (Next 15%)"
"0-19*25HY801SUPR","رأس عكس اتوز 25*19                           ","7,495.00","92.55%","Class B (Next 15%)"
"  0-22*27-FU07-F","22*27","7,480.00","92.56%","Class B (Next 15%)"
"    28113-07100K","فلتر هواء كيا مورننج بيكانتو  04/11          ","7,474.47","92.57%","Class B (Next 15%)"
"    54501-2S000C","مقص امامي توسان 10/15 يمين                   ","7,473.88","92.58%","Class B (Next 15%)"
"    92406-F2000C","اسطب كذاب عاكس خلفي النترا 16/20يمين         ","7,468.23","92.59%","Class B (Next 15%)"
"    25600-2E100C","قاعدة كوع ماء النترا 12/16                   ","7,462.00","92.59%","Class B (Next 15%)"
"    81161-3K000C","مساعد كور سوناتا 07/11                       ","7,446.61","92.60%","Class B (Next 15%)"
"    86514-1R000C","عظمة صدام امامي اكسنت 2012-2015 يمين         ","7,441.50","92.61%","Class B (Next 15%)"
"    95745-1G020C","سنتر لوك باب خلفي اكسنت + ريو يسار 06/10     ","7,434.59","92.62%","Class B (Next 15%)"
"     HYUNDAI-21T","صليب صبرة عكس داخلي اكسنت + كيا ريو + سوزوكي ","7,434.28","92.63%","Class B (Next 15%)"
"  82610-FD100TAI","يد باب داخلي ريو 2003 بني                    ","7,429.28","92.64%","Class B (Next 15%)"
"    28164-37100C","ايرماص هواية سنتافي + سوناتا + توسان 2.7     ","7,425.51","92.65%","Class B (Next 15%)"
"    86561-3X000C","شبك صدام تحت النتراء  11/13                  ","7,415.33","92.65%","Class B (Next 15%)"
"    24410-26000K","ضغاط تيمت اكسنت جتز ماتكس 06/10              ","7,411.06","92.66%","Class B (Next 15%)"
"    92201-3S000C","كشاف سوناتا 2012-2013 يسار                   ","7,408.37","92.67%","Class B (Next 15%)"
"    39180-27800K","حساس كرين توسان + سنتافي ديزل                ","7,407.08","92.68%","Class B (Next 15%)"
"    54840-2B000C","مسمار عمود توازن امامي فيراكروز +سنتافي 07/10","7,405.54","92.69%","Class B (Next 15%)"
"    54530-2B000C","جوزة مقص تحت سنتافي ابو رقبة                 ","7,404.00","92.70%","Class B (Next 15%)"
"    87771-C1000C","نيكل بنكة امامي سوناتا 16/19                 ","7,399.68","92.71%","Class B (Next 15%)"
"     55118-2S000","بوشة عمود سحب التحكم خلفي توسان 2013         ","7,395.04","92.71%","Class B (Next 15%)"
"    25100-2A001K","بمب ماء اكسنت + النترا ديزل                  ","7,392.60","92.72%","Class B (Next 15%)"
"   51720-FD000BW","بيرنج كيا ريو JL69349/10                     ","7,390.00","92.73%","Class B (Next 15%)"
"    27302-26640C","ربلة كويل اكسنت 2006                         ","7,387.31","92.74%","Class B (Next 15%)"
"    86631-3X800C","جسر خلفي  النترا 14/15                       ","7,385.00","92.75%","Class B (Next 15%)"
" 58302-3XA30MALI","كنويسات خلفي النترا +اكسنت1R\3X\D3\C1\D7     ","7,375.00","92.76%","Class B (Next 15%)"
"    29120-2T100C","بطانة تحت المكينة يمين سوناتا +  K5 11/15    ","7,370.00","92.77%","Class B (Next 15%)"
"    57700-2E700C","علبة سكان تحت توسان 04/09                    ","7,360.00","92.77%","Class B (Next 15%)"
"    87291-2E000C","غطاء سقف توسان امامي يسار                    ","7,350.00","92.78%","Class B (Next 15%)"
"    93580-1J002C","زرار فريم مفرد                               ","7,346.54","92.79%","Class B (Next 15%)"
"    25412-2D150K","لي ماء تحت النترا 01/06                      ","7,332.80","92.80%","Class B (Next 15%)"
"     22442-23500","دكاية كور والات هونداي عام                   ","7,328.00","92.81%","Class B (Next 15%)"
"     87712-2K000","فيبر باب امامي يمين كيا سول 10/12            ","7,315.88","92.82%","Class B (Next 15%)"
"    82650-2D000C","يد باب خارجي النتراء 01/05 يسار              ","7,302.57","92.82%","Class B (Next 15%)"
"    54610-2H000C","كرسي مساعد امامي النتراء 2007/2010           ","7,281.90","92.83%","Class B (Next 15%)"
"    87722-2K000M","فيبر باب خلفي يمين كيا سول 10/12             ","7,281.70","92.84%","Class B (Next 15%)"
"     25485-1J000","توصيلة بلاستيك لي ماء سوناتا + لوتشي 06/10 + ","7,275.22","92.85%","Class B (Next 15%)"
"  55311-2H000NOM","مساعد خلفي النترا 2007-2011                  ","7,275.20","92.86%","Class B (Next 15%)"
"    21910-2B600C","كرسي مكينة امامي سنتافي 07/                  ","7,275.00","92.87%","Class B (Next 15%)"
"    22144-3B000C","لمدة تيمت اكسنت + سوناتا 8*50*35             ","7,274.00","92.87%","Class B (Next 15%)"
"    87610-2W030C","مراية سنتافي 13/15 ابو غماز                  ","7,269.50","92.88%","Class B (Next 15%)"
"    25282-25000K","مكرة شداد دينمة سوناتا07/10 4 بست + لوتشي+سنت","7,267.52","92.89%","Class B (Next 15%)"
"55361-2E000TRSTY","مساعد امامي توسان 04/09 ترستي                ","7,260.00","92.90%","Class B (Next 15%)"
"    28139-2E100C","لي هواء توسان 05/09 حجم 2.7                  ","7,251.17","92.91%","Class B (Next 15%)"
"    21421-22020K","لمدة كرين امامي اكسنت+النترا + لانوس         ","7,245.80","92.92%","Class B (Next 15%)"
"  54830-3R000CTR","مسمار توازن سوناتا+اوبتيما  1-11             ","7,234.00","92.92%","Class B (Next 15%)"
"    54626-2G000C","ربلة مطب فوق الاسبرنج امامي كيا لوتشي 04/09  ","7,225.90","92.93%","Class B (Next 15%)"
"    54830-4H000K","مسمار عمود التوازن(0U+4L+1R+D3 )  H100       ","7,222.30","92.94%","Class B (Next 15%)"
"    92208-C1000C","كشافة ضباب سوناتا 2017 ليد                   ","7,221.05","92.95%","Class B (Next 15%)"
"     86552-2W000","عظمة تحت الكشافة سنتافي 13/15 يمين           ","7,220.89","92.96%","Class B (Next 15%)"
"    25333-1R000M","ربلة تثبيت تانكي فوق يمين اكسنت  2012        ","7,192.90","92.97%","Class B (Next 15%)"
"    41421-49670K","فحمة كلتش تركان استاركس ديزل 2005            ","7,192.35","92.97%","Class B (Next 15%)"
"  55310-F2500NMK","مساعد خلفي  النتراء 16/19                    ","7,180.40","92.98%","Class B (Next 15%)"
"    58305-2BA00K","كنويسات هلال سنتافي 08/11                    ","7,180.00","92.99%","Class B (Next 15%)"
"    21443-2A200M","لمدة كرين خلفي سوناتا 3C=2A توسان حجم 2.7+3. ","7,180.00","93.00%","Class B (Next 15%)"
"    87712-2E000C","فيبر بنكة امامي يمين توسان                   ","7,165.30","93.01%","Class B (Next 15%)"
"   000-DOT-3GOLD","سم البريك صغير 250 جرام ذهبي                 ","7,161.01","93.02%","Class B (Next 15%)"
"     98620-3X000","دبة مساحات النترا 2012-2015                  ","7,160.00","93.02%","Class B (Next 15%)"
"    55250-2H000C","عمود توازن خلفي النترا 06\10 ابو مشرعة       ","7,149.43","93.03%","Class B (Next 15%)"
"     22311-23700","باكن راس النترا 07/10حديد                    ","7,140.00","93.04%","Class B (Next 15%)"
"    81371-26000C"," خبطة  يد باب داخلي امامي سنتافي 00/06 يسار  ","7,136.82","93.05%","Class B (Next 15%)"
"     25100-23002","بمب ماء توسان ماتركس 2.0 + 1.8 النترا        ","7,130.00","93.06%","Class B (Next 15%)"
"    55530-2W000C","مسمار توازن خلفي سنتافي+توسان+سوناتا L+Rسنجل ","7,128.99","93.07%","Class B (Next 15%)"
"    86511-3X020C","ربلة صدام امامي النتراء 11/13                ","7,124.52","93.07%","Class B (Next 15%)"
"     25500-23010","بلف حرارة  النترا توسان 4 بستم  82           ","7,122.42","93.08%","Class B (Next 15%)"
"    54610-B2000K","كرسي مساعد كيا سول 14/16                     ","7,111.43","93.09%","Class B (Next 15%)"
"    54813-3K100C","ربلة مشرخ امامي سنتافي 2007                  ","7,103.75","93.10%","Class B (Next 15%)"
"    54830-3L000K","مسمار عمود التوازن امامي سوناتا + ازيرا 07/11","7,099.81","93.11%","Class B (Next 15%)"
"    22441-2GGB0K","باكن غطاء والات سنتافي + سوناتا 16/20        ","7,072.78","93.11%","Class B (Next 15%)"
"  66311-1E000TAI","بنكةاكسنت 06/10 بدون فتحة اسطب               ","7,069.24","93.12%","Class B (Next 15%)"
"22311-3E001K-MTL","باكن راس سنتافي + ازيراء حديد حجم 2.7 يسار   ","7,065.00","93.13%","Class B (Next 15%)"
"    56900-2H000C","غطاء سكان النتراء 07/10                      ","7,060.95","93.14%","Class B (Next 15%)"
" 0-23*25MI-05JTE","صبرة عكس اكسنت 00/15 23*25 بدون حساس         ","7,056.87","93.15%","Class B (Next 15%)"
"    93570-2E200C","مجموعة تطليع فريم توسان 04/09                ","7,053.65","93.15%","Class B (Next 15%)"
"    59110-26000C","علبة بريك فوق سنتافي 00/05 4 مخارج           ","7,050.00","93.16%","Class B (Next 15%)"
"    86822-2H000M","بطانة كفر خلفي النترا 2007-2011 يمين         ","7,049.89","93.17%","Class B (Next 15%)"
"    54500-C1000C","مقص امامي يسار سوناتا 15/20                  ","7,046.42","93.18%","Class B (Next 15%)"
"    92402-1C010C","اسطب خلفي يمين جتز 02/05                     ","7,040.00","93.19%","Class B (Next 15%)"
"  81260-26000C-N","يد خانة خلفي سنتافي  02/06 نيكل              ","7,039.79","93.20%","Class B (Next 15%)"
"    55220-2E110C","عمود سحب خلفي توسان سنجل 2007 ميزانية        ","7,037.56","93.20%","Class B (Next 15%)"
"    81130-2B200M","قفل كور تحت سنتافي 10/12                     ","7,030.38","93.21%","Class B (Next 15%)"
"    81372-26000C"," خبطة  يد باب داخلي امامي سنتافي 00/06 يمين  ","7,028.74","93.22%","Class B (Next 15%)"
"    37320-2B000C","مكرة دينمة تعبئة النترا  توسان حجم 1.6       ","7,028.00","93.23%","Class B (Next 15%)"
"    25350-2S500C","اطار مروحة ماء توسان 12/15                   ","7,026.46","93.24%","Class B (Next 15%)"
"  58101-1GA00ACE","كنويسات  امامي اكسنت + ريو 06\10             ","7,020.00","93.24%","Class B (Next 15%)"
"    93490-A4110C","شريط ايرباج سيراتو 2016 + ريو 2016 + النتراء ","7,017.74","93.25%","Class B (Next 15%)"
"    87732-B8000M","فيبر باب خلفي يمين سنتافي  جراند 13/15       ","7,013.39","93.26%","Class B (Next 15%)"
"    25100-3C100C","بمب ماء ازيراء + سوناتا 6 بستم + سنتافي      ","7,008.88","93.27%","Class B (Next 15%)"
"     83650-26000","يد باب خارجي خلفي يسار سنتافي 2003           ","7,006.00","93.28%","Class B (Next 15%)"
"    21910-2H050K","كرسي مكينة امامي النتراء 06/10 توماتيك       ","7,000.74","93.28%","Class B (Next 15%)"
"    24355-2B700C","حساس زيت اكسنت 06/10 + ريو                   ","7,000.00","93.31%","Class B (Next 15%)"
"    22441-3E011C","باك سنتافي                                   ","7,000.00","93.31%","Class B (Next 15%)"
"    22441-3E021C","باكن سنتافي                                  ","7,000.00","93.31%","Class B (Next 15%)"
"    21443-2E110K","لمدة كرين خلفي النترا                        ","6,997.33","93.32%","Class B (Next 15%)"
"    86514-2W000C","عظمة صدام امامي سنتافي 13/15 يمين            ","6,985.00","93.32%","Class B (Next 15%)"
"       97835-910","N35BD220AT1XDDUM3C01 / 910 بيرنج مكيف        ","6,982.00","93.33%","Class B (Next 15%)"
"    21830-2T150C","كرسي مكينة يسار اسبيت سوناتا 10/14 + اوبتيما ","6,981.95","93.34%","Class B (Next 15%)"
"    24410-25001K","ضغاط تيمت سوناتا 06/15/( 24410-2B000)        ","6,976.00","93.35%","Class B (Next 15%)"
"     24312-22613","بطة تيمت اكسنت 99/05 اصلي                    ","6,975.00","93.36%","Class B (Next 15%)"
"     82651-D3000","يد باب خارجي يسار نيكل 2016/2019             ","6,963.00","93.36%","Class B (Next 15%)"
"    79120-1E000C","مفصلة كور اكسنت 2006 يمين                    ","6,960.50","93.37%","Class B (Next 15%)"
"    92110-2H000C","زجاج كشافه امامي يسار النتراء  07/10         ","6,960.06","93.38%","Class B (Next 15%)"
"    36120-2G200C","دقمة سلف توسان + سنتافي +لوتشي 09/12         ","6,953.59","93.39%","Class B (Next 15%)"
"    82650-1R000C","يد باب خارجي اكسنت يسار 12/15                ","6,949.00","93.40%","Class B (Next 15%)"
"    25411-3X150K","لي ماء فوق النترا 11/15                      ","6,948.80","93.40%","Class B (Next 15%)"
"    31922-2EA00K","فلتر ديزل سنتافي توسان تراجيت 2004 فتحة 14   ","6,944.29","93.41%","Class B (Next 15%)"
"54503-2BA00FALCN","جوزة مقص تحت امامي سنتافي 00/12              ","6,940.00","93.42%","Class B (Next 15%)"
"    21830-17050K","كرسي مكينة يسار ماتركس 02/07                 ","6,939.09","93.43%","Class B (Next 15%)"
"    25333-1R100M","ربلة تثبيت تانكي ماء فوق يسار اكسنت  2012    ","6,920.15","93.44%","Class B (Next 15%)"
"    25431-26410C","دبة ماء راجع سنتافي 02/05 ديزل               ","6,912.37","93.44%","Class B (Next 15%)"
"22311-2B000K-MTL","باكن راس النترا+اكسنت 12/15  حديد            ","6,912.00","93.45%","Class B (Next 15%)"
"    39210-2E210C","حساس شكمان تجت النترا 12/14                  ","6,902.34","93.46%","Class B (Next 15%)"
"    95670-2E310C","حساس ABS توسان 05/09 يسار امامي              ","6,900.00","93.47%","Class B (Next 15%)"
"       0-22*27NM","ركبه النتر خليجي ابو حساس                    ","6,896.00","93.48%","Class B (Next 15%)"
"     31910-2H000","فلتر بترول النتراء 2007 وكالة                ","6,888.90","93.48%","Class B (Next 15%)"
"    29130-1R000C","بطانة تحت المكينة يسار اكسنت 11/15           ","6,868.80","93.49%","Class B (Next 15%)"
"     55513-2S000","ربلة مشرخ خلفي توسان 2012                    ","6,868.00","93.50%","Class B (Next 15%)"
"     24312-23002","بطة تيمت النترا 1.8 + ماتركس وكالة 111 سن    ","6,862.40","93.51%","Class B (Next 15%)"
"     21930-2H050","كرسي مكينة  خلفي النتراء 06/10 توماتيك       ","6,859.18","93.52%","Class B (Next 15%)"
"    86350-2H530C","شبك النترا 2010  نيكل                        ","6,850.30","93.52%","Class B (Next 15%)"
"    57562-2E001C","لي علبة سكان تحت توسان 05/09                 ","6,850.00","93.53%","Class B (Next 15%)"
"    52960-1E400C","غطاء طاوة تاير زينة سنتافي + توسان           ","6,848.34","93.54%","Class B (Next 15%)"
"    25411-2E101M","لي ماء فوق توسان فوق حجم 2.0  05/09          ","6,848.00","93.55%","Class B (Next 15%)"
"    55530-2H000C","مسمار توازن خلفي النتراء 07/10               ","6,842.48","93.56%","Class B (Next 15%)"
"    25100-2X100K","بمب ماء كياء ريو 00/05 مكينة صغير 1.3        ","6,838.56","93.56%","Class B (Next 15%)"
"    000-W-EC-500","ماء رديتر خام ابرو                           ","6,837.24","93.57%","Class B (Next 15%)"
"    27310-37120C","كويل مفرد سنتافي                             ","6,836.54","93.58%","Class B (Next 15%)"
"  97606-2E000-AB","لديتر مكيف  توسان 06/09                      ","6,820.00","93.59%","Class B (Next 15%)"
"    92101-2H000C","شمعة النترا 2007-2011 يسار                   ","6,815.01","93.59%","Class B (Next 15%)"
"    39210-2G600K","حساس شكمان  فوق توسان 2012 حجم 2.0 4 خط      ","6,812.00","93.60%","Class B (Next 15%)"
"41300-23136VALEO","موسم اكسنت (46130)                           ","6,807.92","93.61%","Class B (Next 15%)"
"    54610-02000K","كرسي مساعد امامي اتوز 98/04                  ","6,800.00","93.62%","Class B (Next 15%)"
"   21020-3C300DS","براصات ثابت سنتافي 3.3 STD                   ","6,799.90","93.63%","Class B (Next 15%)"
"    93580-2E000C","زرار تطليع الفريم توسان 04/09                ","6,799.61","93.63%","Class B (Next 15%)"
"    94460-2E250C","عوامة بترول توسان 2.7 حجم 6 بستم             ","6,791.90","93.64%","Class B (Next 15%)"
"    25281-27060K","شداد دينمة اكسنت + توسان + سنتافي ديزل 00    ","6,785.52","93.65%","Class B (Next 15%)"
"    92420-26500C","زجاج اسطب خلفي سنتافي 02/06                  ","6,782.00","93.66%","Class B (Next 15%)"
"    55513-2S000K","ربلة مشرخ خلفي توسان 2012                    ","6,775.40","93.66%","Class B (Next 15%)"
"    25411-02000K","لي ماء فوق اتوز                              ","6,774.15","93.67%","Class B (Next 15%)"
"    55350-38800C","اسبرنج خلفي سوناتا 02/05                     ","6,756.12","93.68%","Class B (Next 15%)"
"    86812-2S000C","بطانة كفر توسان 11/15 امامي يمين             ","6,755.43","93.69%","Class B (Next 15%)"
"    36120-2B100K","دقمة سلف باص داو + كيا لوتشي                 ","6,750.00","93.70%","Class B (Next 15%)"
"   52710-2E500-F","فلنشة هبس خلفي توسان 04/09                   ","6,750.00","93.70%","Class B (Next 15%)"
"    92101-2E010C","كشافة امامي توسان 2004/2009 ابيض             ","6,745.04","93.71%","Class B (Next 15%)"
"  58305-2EA10ACE","كنويسات هلال توسان 05/09  هلال خليجي         ","6,740.00","93.72%","Class B (Next 15%)"
"  82610-07020NIK","يد باب داخلي كيا بيكانتو + مورننج نيكل 04/08 ","6,735.87","93.73%","Class B (Next 15%)"
"   98811-2E500-F","عمود مساحات خلفي توسان 04/08                 ","6,733.58","93.73%","Class B (Next 15%)"
"    82610-3S010C","يد باب داخلي سوناتا 11/15 يسار نيكل          ","6,732.83","93.74%","Class B (Next 15%)"
"     22224-23500","ربلة والات اكسنت 95/02 وكالة + ماتركس        ","6,732.42","93.75%","Class B (Next 15%)"
"31111-25000DPSON","بمب بترول عام درجة اولى الوعلان              ","6,729.64","93.76%","Class B (Next 15%)"
"  92401-3X220TAI","اسطب النتراء 13/15 تايواني اصلي              ","6,728.96","93.77%","Class B (Next 15%)"
"    21421-21030M","لمدة كرين امامي حجم1.1 1.4+1.5+1.6 اتوز بيكان","6,725.44","93.77%","Class B (Next 15%)"
"    31910-2H000C","فلتر بترول النتراء 2007                      ","6,719.63","93.78%","Class B (Next 15%)"
"     35310-3C550","بخاخ  بترول سنتافي سوناتا 2012               ","6,710.00","93.79%","Class B (Next 15%)"
"    39210-23700C","حساس شكمان فوق النتراء 204 حجم 2.0           ","6,703.86","93.80%","Class B (Next 15%)"
"    55530-3K000K","مسمار توازن خلفي سوناتا 05/10 + ازيراء       ","6,700.00","93.80%","Class B (Next 15%)"
"    20910-22AC1K","بدلة باكنات اكسنت 1.5.                       ","6,693.89","93.81%","Class B (Next 15%)"
"    54626-07100C","ربلة مطب فوق الاسبرنج امامي بيكانتو 07/11    ","6,687.43","93.82%","Class B (Next 15%)"
"23060-22720TAH50","براصات متحرك اكسنت 00/09 (R3105A-50) خرط 50  ","6,685.12","93.83%","Class B (Next 15%)"
"000-CR-61508-GRM","بخاخ كربيتر GT جرمان                         ","6,684.21","93.83%","Class B (Next 15%)"
"    52933-3X200C","حساس طاوة النترا + ريو 12/15 TPMS            ","6,682.33","93.84%","Class B (Next 15%)"
"    25100-03011K","بمب ماء اكسنت + مورننج حجم 1.4  2014         ","6,677.85","93.85%","Class B (Next 15%)"
"    54840-07000K","مسمار توازن امامي بيكانتو + كيا مورننج       ","6,676.95","93.86%","Class B (Next 15%)"
"    21950-2T000K","كرسي مكينة خلفي سوناتا  10/13 حجم 2.0        ","6,671.05","93.87%","Class B (Next 15%)"
"    54830-C1000K","مسمار عمود توازن امامي سوناتا 16/18 L+R      ","6,670.00","93.87%","Class B (Next 15%)"
"    83660-2D000C","يد باب خارجي خلفي النتراء 2000/2005 يمين     ","6,660.00","93.88%","Class B (Next 15%)"
"  54661-2T450NMK","مساعد امامي سوناتا 2011 + اوبتيما K5         ","6,657.60","93.89%","Class B (Next 15%)"
"    55513-2D100K","ربلة مشرخ خلفي النترا + كيا لوتشي            ","6,656.97","93.90%","Class B (Next 15%)"
"     86300-X-KIA","علامة شبك منوع كيا                           ","6,650.86","93.90%","Class B (Next 15%)"
"  22311-23700K-G","باكن راس النترا 07/10 كوري كربون             ","6,645.39","93.91%","Class B (Next 15%)"
"    22212-22051C","والات نار اكسنت 2005                         ","6,644.00","93.92%","Class B (Next 15%)"
"  54651-2S050MTE","مساعد امامي يسار توسان 11/16                 ","6,640.00","93.93%","Class B (Next 15%)"
"    58305-1MA00K","كنويسات هلال هاندبريك فورتي كيا + اكسنت 2006 ","6,640.00","93.93%","Class B (Next 15%)"
" 58101-B4A00AUTO","كنويسات امامي اي تن I10 13/16                ","6,625.00","93.94%","Class B (Next 15%)"
"     82620-2K000","يد باب داخلي كيا سول 09/12 اسود              ","6,621.15","93.95%","Class B (Next 15%)"
"     51750-C500C","فلنشة هوبس امامي سنتافي 2015                 ","6,610.70","93.96%","Class B (Next 15%)"
"    55530-2E000C","مسمار توازن خلفي توسان   55530-1F000         ","6,608.00","93.96%","Class B (Next 15%)"
"    25212-2A101C","بطة دينمة اكسنت + النترا ديزل                ","6,605.16","93.97%","Class B (Next 15%)"
"    49509-2S200K","ربلة عكس خارجي توسان                         ","6,604.30","93.98%","Class B (Next 15%)"
"  86811-2K050TAI","بطانة كفر امامي يسار كيا سول 12/13 تايواني   ","6,597.81","93.99%","Class B (Next 15%)"
"  55310-FD051MGB","مساعد خلفي كيا ريو 03/05                     ","6,597.20","94.00%","Class B (Next 15%)"
"    86645-2E000C","غطاء فوق الصدام خلفي توسان 04/09             ","6,595.00","94.00%","Class B (Next 15%)"
"    27110-22300C","كوب ديلكو اكسنت حجم 1.3                      ","6,594.59","94.01%","Class B (Next 15%)"
"    54611-3L021C","مساعد امامي ازيراء + سوناتا 07/10            ","6,589.00","94.02%","Class B (Next 15%)"
"    54840-C1000C","مسمار عمود توازن امامي سوناتا  16/18 يمين    ","6,588.80","94.03%","Class B (Next 15%)"
"    25442-26100M","ربلة غطاء دبة ماء راجع عام                   ","6,586.71","94.03%","Class B (Next 15%)"
"51760-2E000FALCN","جوزة مقص توسان 07 كوري                       ","6,583.01","94.04%","Class B (Next 15%)"
"    45280-3B851C","غطاء خريطة اسبيت سنتافي 2012 توربو امريكي    ","6,582.26","94.05%","Class B (Next 15%)"
"    31112-26000C","فلتر بترول سنتافي 00/05                      ","6,580.00","94.06%","Class B (Next 15%)"
"    25460-3CAA0C","ماصورة ماء حجم 3.5 سوناتا 2011               ","6,578.35","94.06%","Class B (Next 15%)"
"    25350-1G050C","اطار مروحة كيا ريو 2007 كبير 25350-0C050 وحدة","6,569.25","94.07%","Class B (Next 15%)"
"  54661-2F300MGB","مساعد امامي كيا سيراتو 04/06                 ","6,556.00","94.08%","Class B (Next 15%)"
"    54501-F2000C","مقص امامي يمين النتراء 15/20                 ","6,549.33","94.09%","Class B (Next 15%)"
"21020-2G000TAH50","براصات ثابت مقاس 50 سوناتا + لوتشي(M3109A-50)","6,547.48","94.09%","Class B (Next 15%)"
"    86552-2W000C","عظمة تحت الكشافة سنتافي 13/15 يمين           ","6,543.95","94.10%","Class B (Next 15%)"
"    52960-1E500C","غطاء طاوة تاير وسط  اكسنت 06/10              ","6,522.58","94.11%","Class B (Next 15%)"
"    25611-27000M","كوع بيسة ماء توسان + سبورتاج ديزل            ","6,522.38","94.12%","Class B (Next 15%)"
"    23121-25050C","جير سلسلة تيمت تحت توسان لوتشي خط واحد       ","6,521.95","94.12%","Class B (Next 15%)"
"     37150-1G100","قاعدة بطارية  اكسنت 2007                     ","6,515.00","94.13%","Class B (Next 15%)"
"    36145-32511C","جير سلف خارجي سوناتا + سنتافي + ازيراء 2007  ","6,505.70","94.14%","Class B (Next 15%)"
"    22441-38010C","باكن غاطاء والات سوناتا 00/05                ","6,504.00","94.15%","Class B (Next 15%)"
"    93490-1R030C","شريط ايرباج اكسنت 11/15 خليجي                ","6,502.75","94.15%","Class B (Next 15%)"
"    92101-2E050C","كشافة امامي توسان 2004/2009 اصفر             ","6,500.00","94.16%","Class B (Next 15%)"
"     24312-02501","بطة تيمت جتز واتوز 1100                      ","6,500.00","94.18%","Class B (Next 15%)"
"    22144-3B000M","لمدة تيمت اكسنت سوناتا سنتافي النتراء ماتركس ","6,500.00","94.18%","Class B (Next 15%)"
" 000-WD-JHEZ-SML","بخاخ ذحل جاهز صغير                           ","6,496.92","94.18%","Class B (Next 15%)"
"    92202-3S000C","كشاف سوناتا 2012-2013 يمين                   ","6,495.04","94.19%","Class B (Next 15%)"
"    25630-27000K","لي ماء تحت توسان + سنتافي ديزل               ","6,492.80","94.20%","Class B (Next 15%)"
"     58350-28000","ميزانية بريك خلفي النتراء + اكسنت + ماتركس يس","6,480.00","94.21%","Class B (Next 15%)"
"    58302-S1000K","كنويسات خلفي سنتافي 19/21                    ","6,480.00","94.21%","Class B (Next 15%)"
"    24410-37100K","ضغاط تيمت سوناتا 6 بستون + سنتافي  00/06     ","6,474.76","94.22%","Class B (Next 15%)"
"    97133-07010M","+فلتر مكيف I10 + بيكانتو ومورننج 10/13       ","6,466.47","94.23%","Class B (Next 15%)"
" 21830-2E100TAIL","كرسي مكينة يسار توسان 08/10 تايلندي          ","6,464.00","94.24%","Class B (Next 15%)"
"    86552-S1000C","عظمة صدام امامي سنتافي 19/21 يمين            ","6,460.47","94.24%","Class B (Next 15%)"
"22311-38100K-MTL","باكن راس مكينة حجم 2.0 + 2.4 سوناتا حديد     ","6,450.00","94.25%","Class B (Next 15%)"
"    29110-3X700M","بطانة تحت الواجهة النتراء 11/14              ","6,435.29","94.26%","Class B (Next 15%)"
"    35170-26910M","حساس دعسة ليور THROTLE النتراء 2007          ","6,417.70","94.27%","Class B (Next 15%)"
"    31111-3X500C","بمب ديزل  النترا + توسان  امريكي 12/15       ","6,414.27","94.27%","Class B (Next 15%)"
"     21030-38100","هلال كرين سوناتا + سنتافي حجم 2.4            ","6,412.04","94.28%","Class B (Next 15%)"
"  31111-QP-3811A","بمب بترول هونداي عام                         ","6,409.72","94.29%","Class B (Next 15%)"
"    24375-2G200C","حساس زيت كيا لوتشي                           ","6,409.32","94.29%","Class B (Next 15%)"
" 0-22*27-HY-201A","عكس النترا 207 خليجي + سول 2010 22*27*60     ","6,401.83","94.30%","Class B (Next 15%)"
"    81190-1E000K","خبطة كور الطويل اكسنت 06/11                  ","6,394.09","94.31%","Class B (Next 15%)"
"    22311-03441K","باكن راس حجم 1.4 اكسنت 11/14 كربون           ","6,386.83","94.32%","Class B (Next 15%)"
"    29110-2B000C","بطانة تحت المكينة سنتافي  06/10              ","6,380.79","94.32%","Class B (Next 15%)"
"    51720-1Y000C","بيرنج هبس امامي كيا بيكانتو 10/14            ","6,380.59","94.33%","Class B (Next 15%)"
"    81771-2S000C","مساعد شنطة يسار  توسان                       ","6,376.77","94.34%","Class B (Next 15%)"
"    21830-17250K","كرسي مكينة يسار ماتركس 02/07                 ","6,369.50","94.35%","Class B (Next 15%)"
"    21356-2B000M","ابوال صدر المكينة توسان النترا سول سوناتا    ","6,366.39","94.35%","Class B (Next 15%)"
"    92101-FD000C","كشافة امامي كيا ريو2003 اصفر                 ","6,360.00","94.36%","Class B (Next 15%)"
"    24375-03020K","حساس زيت اكسنت 11/14 + I20 + I10             ","6,357.96","94.37%","Class B (Next 15%)"
"  54661-2H000MTE","مساعد امامي النتر 06/10 يمين (1M310=2H)      ","6,355.75","94.38%","Class B (Next 15%)"
"       00000-T12","هون ابو باكت ازرق الميسري                    ","6,355.00","94.38%","Class B (Next 15%)"
"    92202-2E000C","كشاف صدام امامي توسان يمين 200/204           ","6,353.23","94.39%","Class B (Next 15%)"
"58101-2SA00FUJTA","كنويسات امامي توسان سوناتا مقاس 15           ","6,351.34","94.40%","Class B (Next 15%)"
"    21830-2T150K","كرسي مكينة يسار اسبيت سوناتا 10/14 + اوبتيما ","6,350.51","94.40%","Class B (Next 15%)"
"    21421-23020K","لمدة كرين امامي النترا 06/10 سوناتا غاز ماتر ","6,337.50","94.41%","Class B (Next 15%)"
"   81771-4H020-F","مساعد شنطة باص هونداي                        ","6,332.00","94.42%","Class B (Next 15%)"
"    54551-2E000M","بوشة مقص سورينتو  2S\3R\2H\2W\2E\A4          ","6,331.52","94.43%","Class B (Next 15%)"
"    25431-3K000M","دبة ماء راجع سوناتا 06/10                    ","6,329.76","94.43%","Class B (Next 15%)"
"    86550-2S100M","فيبر شبك امامي تحت العلامة توسان 11/15       ","6,320.00","94.44%","Class B (Next 15%)"
"  58305-1GA00GCR","كنويسات هلال اكسنت 2006 تجاري                ","6,319.22","94.45%","Class B (Next 15%)"
"    95681-2S300C","حساس ABS توسان 10/15 خلفي يمين               ","6,302.48","94.46%","Class B (Next 15%)"
"54650-1R000SUPER","مساعد امامي اكسنت 2012-2015                  ","6,301.90","94.46%","Class B (Next 15%)"
"  66321-1J000TAI","بنكة اكسنت يمين  2018                        ","6,297.02","94.47%","Class B (Next 15%)"
"    54584-3X000C","بوشة مقص الكبير النتراء 3X\0X 11/15          ","6,296.93","94.48%","Class B (Next 15%)"
"     25461-22600","ماصورة ماء  مبرد فوق المكينة اكسنت 98/02     ","6,285.80","94.48%","Class B (Next 15%)"
"    92201-2B000C","اسطب صدام سنتافي 06\09 تجاري يسار            ","6,279.86","94.49%","Class B (Next 15%)"
"   00-L-93-12V-2","لمبات خطين 12 فولت                           ","6,273.21","94.50%","Class B (Next 15%)"
"    25631-2E100C","كوع بيسة ماء النترا+توسان                    ","6,268.00","94.51%","Class B (Next 15%)"
"    87741-2W000M","فيبر بنكة خلفي يسار سنتافي 13/17             ","6,262.06","94.51%","Class B (Next 15%)"
"    54551-1J000M","بوشة مقص اكسنت+فولستر 1J\1R\2K\1E\25         ","6,262.00","94.52%","Class B (Next 15%)"
"    86618-1E000C","عضمة صدام خلفي يسار اكسنت 2007               ","6,260.28","94.53%","Class B (Next 15%)"
"    56820-3K000K","مشرعة سوناتا يسار 07/11                      ","6,260.16","94.54%","Class B (Next 15%)"
"    54840-2T000C","مسمار عمود التوازن امامي كيا 5 + اوبتيما 2012","6,255.28","94.54%","Class B (Next 15%)"
"    24820-3C100M","تكاية سلسلة تيمت سوناتا + سنتافي ازيرا حجم 3.","6,250.00","94.55%","Class B (Next 15%)"
"    86561-2W000C","شبك صدام تحت سنتافي 13/15                    ","6,247.21","94.56%","Class B (Next 15%)"
"    81190-25000K","خبطة كور اكسنت واحدة فقط                     ","6,244.48","94.56%","Class B (Next 15%)"
"  29110-1G000TAI","بطانة تحت المكينة اكسنت 06/11 قطعة واحدة     ","6,238.19","94.57%","Class B (Next 15%)"
"    55100-2B000C","عمود سحب خلفي سنتافي 07/10                   ","6,234.00","94.58%","Class B (Next 15%)"
"    29010-2B000C","بلف هواء اكسنت  12/15 + ريو                  ","6,230.07","94.59%","Class B (Next 15%)"
"    56820-2E900C","مشرعة توسان 2003 يمين                        ","6,225.04","94.59%","Class B (Next 15%)"
"    57724-2S000C","دومة توسان 10/15                             ","6,212.05","94.60%","Class B (Next 15%)"
"    18871-11070M","بلاكات ليزر طويل نحيف توسان 21/22            ","6,208.71","94.61%","Class B (Next 15%)"
"    21810-1G000K","كرسي مكينة يمين اكسنت 2006/2011              ","6,204.43","94.61%","Class B (Next 15%)"
"    58370-25000M","ميزانية بريك خلفي اكسنت 205يمين              ","6,190.00","94.62%","Class B (Next 15%)"
"    59760-2E500K","خبطة هاندبريك توسان  يسار دبل                ","6,178.90","94.63%","Class B (Next 15%)"
"    86614-1R000C","عظمة صدام خلفي يمين اكسنت 12/16              ","6,177.10","94.64%","Class B (Next 15%)"
"    25411-2H100K","لي ماء فوق النتراء 06/10                     ","6,169.78","94.64%","Class B (Next 15%)"
"    54840-1E000C","مسمار عمود توازن امامي 60/10 يمين            ","6,168.73","94.65%","Class B (Next 15%)"
"     86614-2B700","عظمة صدام خلفي فوق سنتافي 10/12 يمين         ","6,168.68","94.66%","Class B (Next 15%)"
"    25411-2H000K","لي ماء فوق النترا 06/10  1.6                 ","6,167.48","94.66%","Class B (Next 15%)"
"    36112-11140C","بوشة سلف اكسنت 00/05                         ","6,165.00","94.67%","Class B (Next 15%)"
"    92406-2S000C","اسطب كذاب توسان 12/15                        ","6,159.55","94.68%","Class B (Next 15%)"
"    86585-1G000C","عظمة صدام امامي كيا ريو  تركب بالجسر يمين    ","6,149.45","94.68%","Class B (Next 15%)"
"    54612-2P000K","بيرنج كرسي مساعد امامي سنتافي 09/12 سورينتو 9","6,145.50","94.69%","Class B (Next 15%)"
"    21930-2E100C","كرسي مكينة خلفي توان 04/09 6 بستم            ","6,135.80","94.70%","Class B (Next 15%)"
"  23060-26902KFM","براصات متحرك النترا مقاس 0.50                ","6,131.00","94.71%","Class B (Next 15%)"
"    49506-3JA00K","ربلة عكس داخلي فيراكروز                      ","6,130.64","94.71%","Class B (Next 15%)"
"    21411-23000M","باكن بمب الزيت النتراء حجم 2.0               ","6,123.99","94.72%","Class B (Next 15%)"
"    25287-25010C","مكرة بطة دينمة سوناتا + كيا لوتشي + سنتافي   ","6,116.69","94.73%","Class B (Next 15%)"
"     31152-2P000","تريت بمب بترول توسان + سنتافي 2011           ","6,107.42","94.73%","Class B (Next 15%)"
"    23040-38100C","رنجات سوناتا حجم  2.0 STD                    ","6,103.42","94.74%","Class B (Next 15%)"
"    26300-42040C","فلتر زيت دينا + H1 ديزل                      ","6,099.10","94.75%","Class B (Next 15%)"
"    25281-2B010K","شداد دينمة النتراء 07/10 + توسان 4 بسم 04    ","6,096.57","94.76%","Class B (Next 15%)"
"    58305-3XA00M","كنويسات هلال النترا 2013                     ","6,095.00","94.76%","Class B (Next 15%)"
"    54627-07000K","بيرنج كرسي مساعد بيكانتو +                   ","6,093.94","94.77%","Class B (Next 15%)"
"    36170-22000C","قاعدة فحمات سلف 213 بلاستيك اكسنت            ","6,090.20","94.78%","Class B (Next 15%)"
"     29215-3C100","باكن ثلاجة سوناتا + ازيرا 2009 3.3           ","6,087.41","94.78%","Class B (Next 15%)"
"    29110-1E000C","بطانة تحت المكينة اكسنت 06/11                ","6,084.91","94.79%","Class B (Next 15%)"
"    54830-25010K","مسمار عمود توازن امامي اكسنت 00/05 يسار 25\17","6,080.59","94.80%","Class B (Next 15%)"
"    21930-2B000C","كرسي  مكينة خلفي  سنتافي                     ","6,080.36","94.80%","Class B (Next 15%)"
"    54813-3X000K","ربلة مشرخ امامي اكسنت + النتراء 11/15        ","6,080.00","94.81%","Class B (Next 15%)"
"    87621-1E500K","زجاج مراية باب اكسنت يمين 06/10              ","6,074.00","94.82%","Class B (Next 15%)"
"    22224-2G000K","ربلة والات سوناتا + توسان 11/13              ","6,072.78","94.83%","Class B (Next 15%)"
"    54530-25A00K","جوزة مقص اكسنت 0U/14 + 3x+ 25 + 31+ 22       ","6,070.20","94.83%","Class B (Next 15%)"
"    58305-2HA10C","كنويسات هلال النتراء 2006 نحيف               ","6,068.92","94.84%","Class B (Next 15%)"
"    86558-2WAA0C","رمش كشافة ضباب نيكل يمين سنتافي 2017         ","6,065.00","94.85%","Class B (Next 15%)"
"  58302-2BA00ACE","كنويسات خلفي سنتافي استاركس 07 ركستون 08     ","6,063.75","94.85%","Class B (Next 15%)"
"    82650-4A300C","يد باب خرجي باص H1 99/02                     ","6,062.00","94.86%","Class B (Next 15%)"
" 41100-39260SECO","كليتش توسان (1278)                           ","6,059.08","94.87%","Class B (Next 15%)"
"    21910-2D000K","كرسي مكينه امامي النترا                      ","6,057.28","94.87%","Class B (Next 15%)"
"  54651-2F300MGB","مساعد امامي كيا سيراتو 04/06                 ","6,056.00","94.88%","Class B (Next 15%)"
"    82620-2B010M","يد باب داخلي يمين سنتافي 07/10 اسود          ","6,048.50","94.89%","Class B (Next 15%)"
"     86561-B8000","شبك صدام تحت سنتافي جراند 13\15              ","6,045.30","94.90%","Class B (Next 15%)"
"    87620-25011C","مراية يمين  اكسنت03/5 عادي                   ","6,036.50","94.90%","Class B (Next 15%)"
"       00-L-FUSH","فيش لمبات منوع ضرس + ضبابي                   ","6,036.00","94.91%","Class B (Next 15%)"
"  66311-2E110TAI","بنكة يسار توسان ابو فيبر 05/09               ","6,030.00","94.92%","Class B (Next 15%)"
"     27300-3F100","كويل مفرد H1 ازيرا+كرنفال وكالة              ","6,030.00","94.92%","Class B (Next 15%)"
"    21810-26500C","كرسي مكينة يمين سنتافي 02/06                 ","6,029.90","94.93%","Class B (Next 15%)"
"    21830-2D050K","كرسي مكينة يسار النتراء 00/06 توماتيك        ","6,020.00","94.94%","Class B (Next 15%)"
"    35150-22600K","حساس منظم الهواء IDEL كبير اكسنت 2005        ","6,018.85","94.94%","Class B (Next 15%)"
"    21443-2B000C","لمدة كرين خلفي","6,010.00","94.95%","Class B (Next 15%)"
"82610-2D000BLACK","يد باب داخلي النتراء 00/06 يسار اسود + خلفي  ","6,000.00","94.96%","Class B (Next 15%)"
"    95680-2S300C","حساس ABS توسان 10/15 خلفي يسار               ","6,000.00","94.96%","Class B (Next 15%)"
"    54830-3K010K","مسمار عمود التوازن امامي سوناتا  07/11       ","5,999.61","94.97%","Class B (Next 15%)"
"    54610-2H000K","كرسي مساعد امامي النتراء 2007/2010 كوري      ","5,999.00","94.98%","Class B (Next 15%)"
"    22441-2E210M","باكن كور والات توسان 2016 توربو + كيا سول 201","5,994.40","94.99%","Class B (Next 15%)"
"0-23*27HY-802SUP","رأس عكس سوناتا 2003 ابو حساس 27*23           ","5,994.00","94.99%","Class B (Next 15%)"
"    21810-F2000K","كرسي مكينة يمين النترا 16/18                 ","5,991.93","95.00%","Class B (Next 15%)"
"    56555-2S000C","بوشة مشط توسان                               ","5,991.43","95.01%","Class C (Bottom 5%)"
"    25480-26000C","لي ماء عراضي اكسنت 06/10                     ","5,989.92","95.01%","Class C (Bottom 5%)"
"    22212-2E000K","والات نار النتراء 2011. حجم 2.0 + سونتا 19/20","5,985.00","95.02%","Class C (Bottom 5%)"
"  97606-2H000JTE","لديتر مكيف النترا+سيراتو 07/11               ","5,981.93","95.03%","Class C (Bottom 5%)"
"    24471-25001M","دكاية سلسلة بمب زيت يمين سوناتا لوتشي توسان  ","5,966.81","95.03%","Class C (Bottom 5%)"
"    22211-2B400K","والات هواء اكسنت + النتراء + ريو حجم         ","5,961.60","95.04%","Class C (Bottom 5%)"
"    54584-17000K","بوشة مقص النترا + ماتركس01\06 الكبير2D\17ر   ","5,960.92","95.05%","Class C (Bottom 5%)"
"    54830-2W000M","مسمار عمود توازن امامي سنتافي 12/15 L+R      ","5,960.00","95.05%","Class C (Bottom 5%)"
"    56540-2K000K","دومة كيا سول او  ركبة ذراع سكان 2008         ","5,955.00","95.06%","Class C (Bottom 5%)"
"    92120-1E000C","زجاج كشافه امامي يمين اكسنت 06/10            ","5,954.42","95.07%","Class C (Bottom 5%)"
"    51750-3K000C","فلنشة هوبس امامي سوناتا 07/11                ","5,950.00","95.07%","Class C (Bottom 5%)"
"    86513-2T000M","عظمة صدام امامي اوبتيما K5 12/15             ","5,941.33","95.08%","Class C (Bottom 5%)"
"58305-2WA00FALCN","كنويسات هلال هاند بريك سنتافي 12/15          ","5,940.00","95.09%","Class C (Bottom 5%)"
"22311-26700K-MTL","باكن راس النتراء + اكسنت 06  حجم 1.4  حديد   ","5,928.20","95.09%","Class C (Bottom 5%)"
"    21910-26000K","كرسي مكينة امامي سنتافي 00/06                ","5,927.20","95.10%","Class C (Bottom 5%)"
"    86514-1W000C","عظمة صدام امامي كيا ريو 11/15                ","5,919.39","95.11%","Class C (Bottom 5%)"
"    94460-3X000C","عوامة تانكي بترول النتراء 11/15              ","5,919.00","95.12%","Class C (Bottom 5%)"
"    86180-F2000M","مثلث مراية يسار النتراء 2016                 ","5,913.81","95.12%","Class C (Bottom 5%)"
"    28130-4A001K","فلتر هواء باص H1 2004                        ","5,908.84","95.13%","Class C (Bottom 5%)"
"    24355-23800C","حساس زيت النتراء  05/12                      ","5,907.82","95.14%","Class C (Bottom 5%)"
"    25212-2B020K","بطة دينمة النترا اكسنت بيكانتو 2015 6PK1257  ","5,900.00","95.14%","Class C (Bottom 5%)"
"   54651-3SXXX-F","مساعد امامي سوناتا 11/15                     ","5,900.00","95.15%","Class C (Bottom 5%)"
"    54500-2B000C","مقص امامي يسار سنتافي 2007 LL                ","5,898.00","95.16%","Class C (Bottom 5%)"
"    86150-3X000C","شبك مساحات النترا  11/15                     ","5,896.00","95.16%","Class C (Bottom 5%)"
"    86350-3X000C","شبك امامي النتتراء 2011/2013                 ","5,895.00","95.17%","Class C (Bottom 5%)"
"  25212-6PK2170C","بطة دينمة","5,888.00","95.18%","Class C (Bottom 5%)"
"    57740-2E000K","ربلة دومة توسان 04/09                        ","5,869.60","95.18%","Class C (Bottom 5%)"
"    21830-F2000C","كرسي مكينة يسار النتراء 15/18                ","5,868.00","95.19%","Class C (Bottom 5%)"
"000-SH-400-GRMAN","شحم علبة وسط 400G GT جرمان                   ","5,865.53","95.20%","Class C (Bottom 5%)"
"    25311-1E151K","قفشة تانكي ماء فوق ابو غطاء اتوماتيك اكسنت 06","5,864.00","95.20%","Class C (Bottom 5%)"
"    27302-3E100C","ربلة كويل سنتافي                             ","5,861.46","95.21%","Class C (Bottom 5%)"
"    22311-3E050K","باكن راس سنتافي + ازيراء حجم 2.7 يمين  كربون ","5,856.54","95.22%","Class C (Bottom 5%)"
"    22311-3E001K","باكن راس سنتافي + ازيراء حجم 2.7  كربون يسار ","5,856.54","95.22%","Class C (Bottom 5%)"
"    25600-2B600C","قاعدة كوع ماء كامل اكسنت 11/15               ","5,856.39","95.23%","Class C (Bottom 5%)"
"    28113-2P100K","فلتر هواء سنتافي 09/12 ازيراء 13S100=2P100)  ","5,854.20","95.24%","Class C (Bottom 5%)"
"    87721-D3000M","فيبر باب امامي يسار توسان 16/19              ","5,852.12","95.24%","Class C (Bottom 5%)"
"    22441-2GGA0K","باكن غطاء والات سنتافي 2016                  ","5,852.00","95.25%","Class C (Bottom 5%)"
"    21443-02501M","لمدة كرين خلفي  اتوز جتز + بيكانتو + اي 10 (6","5,850.00","95.26%","Class C (Bottom 5%)"
"54660-1R000SUPER","مساعد امامي اكسنت 2012-2015 يمين             ","5,847.90","95.26%","Class C (Bottom 5%)"
"    93570-F2000C","مجموعة تطليع الفريم التنتراء 2016            ","5,845.85","95.27%","Class C (Bottom 5%)"
"    86557-2WAA0C","رمش كشافة ضباب نيكل يسار سنتافي 2017         ","5,842.60","95.28%","Class C (Bottom 5%)"
"    42700-23010M","مشط اسبيت اتوماتيك اكسنت النتراء 2007        ","5,840.00","95.28%","Class C (Bottom 5%)"
"    25411-1E300K","لي ماء فوق اكسنت 06/10                       ","5,835.56","95.29%","Class C (Bottom 5%)"
"    25412-3J000K","لي ماء تحت فيرا كروز                         ","5,823.50","95.30%","Class C (Bottom 5%)"
"    35310-23600K","بخاخ بترول النترا + سنتافي + لوتشي 06/10     ","5,822.30","95.30%","Class C (Bottom 5%)"
"    25212-4PK850","4PK850                                       ","5,818.20","95.31%","Class C (Bottom 5%)"
"    81230-1R010M","قفل باب خانة اكسنت 11/15 وكالة               ","5,814.18","95.32%","Class C (Bottom 5%)"
"    54551-3X000K","بوشة مقص سيراتو + النترا 12/15 كوري          ","5,812.00","95.32%","Class C (Bottom 5%)"
"    98620-D3000C","دبة مساحات توسان 16/20                       ","5,808.83","95.33%","Class C (Bottom 5%)"
"    93580-2H000C","زرار مفرد  النترا 06/10                      ","5,807.36","95.34%","Class C (Bottom 5%)"
"    86565-2W000C","دقن صدام امامي سنتافي 13/15                  ","5,801.52","95.34%","Class C (Bottom 5%)"
"     24810-39810","شداد تيمت سنتافي 3.3+3.5 سوناتا+ اوبتيما 00/0","5,792.00","95.35%","Class C (Bottom 5%)"
"    22212-2B000K","والات نار النتراء + اكسنت + ريو حجم 1.6  12/1","5,790.40","95.36%","Class C (Bottom 5%)"
"    22441-2B610M","باكن والات كيا سول النتراء حجم 1.6 2B610=2B80","5,778.02","95.36%","Class C (Bottom 5%)"
"    54830-2D000C","مسمار عمود التوازن امامي النتراء 00/06 يساؤ  ","5,768.79","95.37%","Class C (Bottom 5%)"
"    39180-04000M","حساس كرين كيا مورننج 11/15                   ","5,767.65","95.38%","Class C (Bottom 5%)"
" 0000-45*102*202","هزاز شكمان قصير شبك وتوصيلة                  ","5,762.01","95.38%","Class C (Bottom 5%)"
"    25411-3X100K","لي ماء فوق النترا 11/15                      ","5,738.00","95.39%","Class C (Bottom 5%)"
" 0-25*30MI-07MTE","صبرة عكس ماتركس + اكسنت  ناعم                ","5,734.40","95.40%","Class C (Bottom 5%)"
"    32790-1G000M","خبطة ليور اكسنت 06/10                        ","5,732.00","95.40%","Class C (Bottom 5%)"
"    25212-4PK950","4PK950                                       ","5,731.15","95.41%","Class C (Bottom 5%)"
"    25386-1R050C","دينمة مروحة اكسنت 11/15                      ","5,727.95","95.42%","Class C (Bottom 5%)"
"    54611-0X000K","كرسي مساعد امامي I10 04/11                   ","5,722.50","95.42%","Class C (Bottom 5%)"
"     24810-37120","شداد تيمت سوناتا + سنتافي وكالة              ","5,720.00","95.43%","Class C (Bottom 5%)"
"23060-22720TAHSD","براصات متحرك اكسنت 00/09 (R3105A-STD)  STD   ","5,716.63","95.44%","Class C (Bottom 5%)"
"    56820-1G000C","مشرعة اكسنت او مشرعة L 06/10                 ","5,712.98","95.44%","Class C (Bottom 5%)"
"55310-1E100SEALT","مساعد خلفي اكسنت 06/10 sealtite              ","5,711.82","95.45%","Class C (Bottom 5%)"
"    81190-1F000K","خبطة كور توسان + سبورتاج الطويل              ","5,711.39","95.46%","Class C (Bottom 5%)"
"  55310-2W300MGB","مساعد خلفي سنتافي 14/12دبل                   ","5,702.24","95.46%","Class C (Bottom 5%)"
"    35310-23600C","بخاخ بترول النترا + توسان + سول 07/12        ","5,698.12","95.47%","Class C (Bottom 5%)"
"    92202-1C020C","كشافة ضباب جتز 06/09 يمين                    ","5,692.27","95.48%","Class C (Bottom 5%)"
"    92401-25510C","اسطب خلفي كسنت 0000/2005                     ","5,684.00","95.48%","Class C (Bottom 5%)"
"    54610-3S000K","كرسي مساعد امامي سوناتا 12                   ","5,683.00","95.49%","Class C (Bottom 5%)"
"31911-3A000BESFT","فلتر بترول تراجيت 00/06                      ","5,680.00","95.50%","Class C (Bottom 5%)"
"    22441-2B000C","باكن كور والات النترا 06/07 اكسنت 11/15 حجم 1","5,671.13","95.50%","Class C (Bottom 5%)"
" 21020-26041AA-C","براصات ثابت اكسنت مقاس 25                    ","5,671.05","95.51%","Class C (Bottom 5%)"
"    86619-1E000C","عضمة صدام خلفي يمين اكسنت 2007               ","5,668.54","95.52%","Class C (Bottom 5%)"
"    92410-3X000C","زجاج اسطب خلفي النتراء 2011/2013             ","5,662.99","95.52%","Class C (Bottom 5%)"
" 25310-3K180GOLD","رديتر ماء  سوناتا ازيراء 2007 توماتيك        ","5,660.00","95.53%","Class C (Bottom 5%)"
"    21350-23500C","غطاء بطة تيمت تحت النترا + توسان حجم 2.0     ","5,652.89","95.54%","Class C (Bottom 5%)"
"     25500-37200","بلف حرارة  سنتافي + توسان 6 بستم             ","5,642.09","95.54%","Class C (Bottom 5%)"
"  54650-4H050MGB","مساعد امامي باص استاركس 07/12 H100           ","5,635.40","95.55%","Class C (Bottom 5%)"
"    86811-2T500C","بطانة كفر  كيا لوتشي 11/15 K5                ","5,629.70","95.55%","Class C (Bottom 5%)"
"    24410-2B700M","ضغاط تيمت اكسنت 11/15                        ","5,620.97","95.56%","Class C (Bottom 5%)"
"    21830-2H100C","كرسي مكينة يسار النترا 06/11                 ","5,618.58","95.57%","Class C (Bottom 5%)"
"    86552-2T020C","غطاء كشافة ضباب يمين  اوبتيما ابو زنن 12/1   ","5,617.82","95.57%","Class C (Bottom 5%)"
"    25212-2B000C","بطة دينمة مخطط سنتافي 6pk 2137               ","5,616.00","95.58%","Class C (Bottom 5%)"
"    25411-2K000M","لي ماء فوق يسار كيا سول 2010 حجم 1.6         ","5,611.45","95.59%","Class C (Bottom 5%)"
"        00-G-AMK","شلك باكن مقلد amk                            ","5,611.20","95.59%","Class C (Bottom 5%)"
"   23060-2G120DS","براصات متحرك STD سوناتا  4 بستون             ","5,609.80","95.60%","Class C (Bottom 5%)"
"    92201-3K500C","كشاف صدام يسار سوناتا 2009                   ","5,606.42","95.61%","Class C (Bottom 5%)"
"     86351-1R000","شبك اكسنت 2012-2015 وكالة                    ","5,600.00","95.61%","Class C (Bottom 5%)"
"        000-5W30","زيت هونداي موديل جديد                        ","5,600.00","95.62%","Class C (Bottom 5%)"
"  56820-2E000CTR","مشرعة توسان 2003 يسار                        ","5,596.75","95.63%","Class C (Bottom 5%)"
"54651-2E500SELTI","مساعد امامي توسان + سبورتاج 03/09 يسار       ","5,595.60","95.64%","Class C (Bottom 5%)"
"54661-2E500SELTI","مساعد امامي توسان + سبورتاج 03/09 يمين       ","5,595.60","95.64%","Class C (Bottom 5%)"
"    27430-23700K","وائر بلاكات رقم 2 النترا + توسان حجم 1.8+2.0 ","5,591.38","95.64%","Class C (Bottom 5%)"
"    29110-D3600C","بطانة تحت المكينة توسان 15/18                ","5,576.30","95.65%","Class C (Bottom 5%)"
"     54626-2E000","ربلة مطب فوق الاسبرنج امامي توسان 04/09      ","5,576.00","95.66%","Class C (Bottom 5%)"
"    39210-23710C","حساس شكمان النتراء توسان  2008               ","5,575.00","95.66%","Class C (Bottom 5%)"
"    22311-25012K","باكن راس سوناتا 2.4 كربون                    ","5,565.00","95.67%","Class C (Bottom 5%)"
"     22211-37201","والات هواء سوناتا 6 بستون + سنتافي وكالة     ","5,560.00","95.68%","Class C (Bottom 5%)"
"    23356-42500M","بطة بمب زيت استاركس H1 01/05   سن 99 ديزل    ","5,559.40","95.68%","Class C (Bottom 5%)"
"     58162-33000","مسمار كليبر عام وكالة انثى                   ","5,550.00","95.69%","Class C (Bottom 5%)"
"    86350-2D500C","شبك امامي النتر 2005                         ","5,547.40","95.70%","Class C (Bottom 5%)"
"22311-27000C-MTL","باكن راس مكينة توسان ديزل  05/09 حديد        ","5,545.00","95.70%","Class C (Bottom 5%)"
"    58350-4HAA0C","كنويسات هاندبريك باص اتش ون + فيراكروز       ","5,537.50","95.71%","Class C (Bottom 5%)"
"    58350-1GA00C","كنويسات هاندبريك اكسنت + ريو 06/10           ","5,529.13","95.72%","Class C (Bottom 5%)"
"    39350-26900C","حساس تيمت ماتركس + اكسنت 2006 + مورينج 2011  ","5,528.88","95.72%","Class C (Bottom 5%)"
"     01100-00100","زيت فرامل واسبيت ATF3 وكالة احمر             ","5,527.71","95.73%","Class C (Bottom 5%)"
"    54584-2S100M","بوشة مقص2S\3S\2T\F2\4H                       ","5,523.00","95.73%","Class C (Bottom 5%)"
"    31118-25000C","لي قاعدة بمب غطاس هونداي                     ","5,520.00","95.74%","Class C (Bottom 5%)"
"    39180-25300C","حساس كرين كيا لوتشي 07/15 + سوناتا +سنتافي 2.","5,518.00","95.75%","Class C (Bottom 5%)"
"    54522-4B010K","بوشة مقص امامي باص                           ","5,515.20","95.75%","Class C (Bottom 5%)"
"    97311-2E000M","لي مكيف دخول يسار توسان                      ","5,514.00","95.76%","Class C (Bottom 5%)"
"    49509-C5280K","ربلة عكس خارجي سوناتا + سنتافي 14/19 كوري    ","5,505.12","95.77%","Class C (Bottom 5%)"
"    52730-2H100C","فلنشة هوبس خلفي النترا                       ","5,500.49","95.77%","Class C (Bottom 5%)"
"    87295-2E000C","غطاء سقف توسان خلفي يسار                     ","5,500.00","95.78%","Class C (Bottom 5%)"
"    39350-23910C","حساس تيمت  النتراء 02/09 + توسان 05/09 +سول ح","5,500.00","95.78%","Class C (Bottom 5%)"
"    86811-C1000C","بطانة كفر امامي سوناتا 16/19                 ","5,489.84","95.79%","Class C (Bottom 5%)"
"    86821-2H000C","بطانة كفر خلفي النترا 2007-2011 يسار         ","5,488.80","95.80%","Class C (Bottom 5%)"
"21810-0Q000FALCN","كرسي مكينة يمين النتراء 2010                 ","5,487.89","95.80%","Class C (Bottom 5%)"
"    43119-28080M","لمدة اسبيت حديد توماتيك النترا ماتركس        ","5,485.78","95.81%","Class C (Bottom 5%)"
"    39180-2B000C","حساس كرين النترا توسان حجم 1.6+2.0 كرين كيا س","5,480.00","95.82%","Class C (Bottom 5%)"
"0-26*27-MI-22-KS","صبرة عكس سنتافي 00/05 26*27 كنج استيل        ","5,476.00","95.82%","Class C (Bottom 5%)"
"    25450-2E301M","لي دبة ماء توسان ديزل 04/09                  ","5,475.79","95.83%","Class C (Bottom 5%)"
"    54530-3S100C","جوزة مقص تحت سوناتا 12/15                    ","5,469.91","95.84%","Class C (Bottom 5%)"
"    41710-24A10K","اصلاح كليتش تحت جتز 00/06 + اكسنت النتراء 96/","5,467.22","95.84%","Class C (Bottom 5%)"
"    54630-1G210C","اسبرنج امامي اكسنت 06/10                     ","5,460.69","95.85%","Class C (Bottom 5%)"
"     25412-1R400","لي ماء تحت اكسنت  11/15                      ","5,456.85","95.85%","Class C (Bottom 5%)"
"    22311-3CGB0K","باكن راس يمين  2007 حجم 3.5 سنتافي ازيراء كرب","5,453.60","95.86%","Class C (Bottom 5%)"
"  54840-1G500CTR","مسمار توازن اكسنت+ريو 06-10 يمين             ","5,452.00","95.87%","Class C (Bottom 5%)"
"    86617-2W000M","عظمة صدام خلفي سنتافي تحت 13/15 يسار مربع    ","5,450.00","95.87%","Class C (Bottom 5%)"
"    86516-1G000C","عظمة صدام امامي كيا ريو  يمين                ","5,448.42","95.88%","Class C (Bottom 5%)"
"    39180-23500C","حساس كرين النتراء 1.8  02/05                 ","5,447.45","95.89%","Class C (Bottom 5%)"
"    58366-24000M","تامين ميزانية كنويس خلفي النتر 2005 وكالة R  ","5,446.29","95.89%","Class C (Bottom 5%)"
"    25212-2G760K","بطة دينمة  توسان 09/13 + سوناتا 2.4 6PK21    ","5,445.51","95.90%","Class C (Bottom 5%)"
"     57530-17100","لي علبة سكان فوق ماتركس 06/08                ","5,443.65","95.90%","Class C (Bottom 5%)"
"    25411-25100K","لي ماء فوق اكسنت 99/2004                     ","5,420.00","95.91%","Class C (Bottom 5%)"
"     79110-29000","مفصلة كور النتراء 2002 يسار وكالة            ","5,417.45","95.92%","Class C (Bottom 5%)"
"    54584-2H000C","بوشة مقص 2K\2H\2E\1G\3K\3L\2B\3F\2G          ","5,407.04","95.92%","Class C (Bottom 5%)"
"    55275-2S000K","بوشة مقص خلفي عراضي توسان 2011 يمين          ","5,404.00","95.93%","Class C (Bottom 5%)"
"    39210-37523C"," حساس شكمان سنتافي + توسان 00/06             ","5,400.00","95.94%","Class C (Bottom 5%)"
"    93490-3S210C","شريط ارباج سوناتا + IX35 + K5 10/14 مريكي    ","5,400.00","95.94%","Class C (Bottom 5%)"
"    23060-2E000C","براصات متحرك توسان + النتراء 12/15 STD 2.0   ","5,400.00","95.95%","Class C (Bottom 5%)"
"    92401-26500C","اسطب خلفي سنتافي 00/06 0                     ","5,400.00","95.95%","Class C (Bottom 5%)"
"54650-B2040KALSO","مساعد امامي يسار كيا سول 2013                ","5,396.48","95.96%","Class C (Bottom 5%)"
"    81190-1E100K","خبطة كور القصير اكسنت 06/11 اصلي             ","5,394.75","95.97%","Class C (Bottom 5%)"
"    58305-2WA00C","كنويسات هلال هاند بريك سنتافي 12/15          ","5,394.20","95.97%","Class C (Bottom 5%)"
"     86551-2W000","عظمة تحت الكشافة سنتافي 13/15 يسار           ","5,389.01","95.98%","Class C (Bottom 5%)"
"    54530-2S500K","جوزة مقص تحت توسان 11/14 كوري                ","5,385.00","95.99%","Class C (Bottom 5%)"
"     86563-2W010","غطاء كشافة ضباب سنتافي يسار 13\15            ","5,381.79","95.99%","Class C (Bottom 5%)"
"    22311-02500K","باكن راس اتوز حجم 1.1 + .8,  01/14           ","5,380.75","96.00%","Class C (Bottom 5%)"
"    28110-F2000C","قربة فلتر هواء النترا 16/19                  ","5,378.00","96.00%","Class C (Bottom 5%)"
"    27350-2B000C","فيش كويل النتراء + توسان 07/09               ","5,375.25","96.01%","Class C (Bottom 5%)"
"    25411-2K050C","لي ماء فوق كيا سول 12/15                     ","5,370.00","96.02%","Class C (Bottom 5%)"
"    92120-3X000C","زجاج كشافه امامي يمين النتراء 2011           ","5,368.59","96.02%","Class C (Bottom 5%)"
"    39350-3E120C","حساس تيمت ازيرا سنتافي  حجم 2.7              ","5,367.30","96.03%","Class C (Bottom 5%)"
"  31911-34000BSF","فلتر بترول سوناتا 00\05                      ","5,364.00","96.03%","Class C (Bottom 5%)"
"    28113-1Y100K","فلتر هواء كيا مورنج +بيكانيو 2011            ","5,360.61","96.04%","Class C (Bottom 5%)"
" 23060-37200AA-C","براصات متحرك توسان سنتافي حجم 2.7 م 50","5,353.62","96.05%","Class C (Bottom 5%)"
"    24471-2G350M","دكاية ضغاط سنتافي 13/15                      ","5,351.66","96.05%","Class C (Bottom 5%)"
"    92405-D3000C","اسطب كذاب يسار توسان 15/17                   ","5,338.31","96.06%","Class C (Bottom 5%)"
"     24570-3C110","لمدة حساس غطاء والات سنتافي 2012             ","5,333.51","96.07%","Class C (Bottom 5%)"
"    28113-2P300K","فلتر هواء سنتافي 09/12 ازيراء 13/16          ","5,331.48","96.07%","Class C (Bottom 5%)"
"  66311-2H000TAI","بنكة خارجي النتراء 2007 تايواني يسار         ","5,329.99","96.08%","Class C (Bottom 5%)"
"    83620-1E000C","يد باب خلغي داخلي يمين اكسنت                 ","5,325.83","96.08%","Class C (Bottom 5%)"
"  58101-2SA30ACE","كنويسات امامي توسان خليجي 2S\IM\3S + كوري    ","5,325.70","96.09%","Class C (Bottom 5%)"
"  82610-2W000C-N","يد باب داخلي امامي سنتافي 13/15 نيكل  يسار   ","5,324.35","96.10%","Class C (Bottom 5%)"
"    28113-17500C","فلتر هواء ماتركس                             ","5,322.14","96.10%","Class C (Bottom 5%)"
"    92406-D3000C","اسطب كذاب يمين توسان 15/17                   ","5,321.67","96.11%","Class C (Bottom 5%)"
"    93490-2G200C","شريط ايرباج كيا لوتشي 06/09 امريكي           ","5,320.00","96.11%","Class C (Bottom 5%)"
"    31112-3R000K","فلتر بترول اكسنت 2001 امريكي                 ","5,320.00","96.12%","Class C (Bottom 5%)"
"    92401-02550C","اسطب خلفي  اتوز 05/08 ممتاز                  ","5,312.00","96.13%","Class C (Bottom 5%)"
"    28113-07900K","فلتر هواء عريض                               ","5,302.78","96.13%","Class C (Bottom 5%)"
"    37150-1G000C","قاعدة بطارية اكسنت 06/10                     ","5,297.44","96.14%","Class C (Bottom 5%)"
"    92402-2S020C","اسطب خلفي توسان 11/15                        ","5,295.12","96.14%","Class C (Bottom 5%)"
"    87610-2S050C","مراية توسان 12/15 يسار مع الفليشر توماتيك    ","5,292.22","96.15%","Class C (Bottom 5%)"
"    86511-25610C","صدام امامي اكسنت 03/05                       ","5,290.00","96.16%","Class C (Bottom 5%)"
"    39220-38030M","بلاك حرارة سوناتا + اكسنت + عام وكالة        ","5,289.82","96.16%","Class C (Bottom 5%)"
"  54660-D7000NMK","مساعد امامي النتراء 15/17                    ","5,284.40","96.18%","Class C (Bottom 5%)"
"  54650-D7000NMK","مساعد امامي النتراء 15/17                    ","5,284.40","96.18%","Class C (Bottom 5%)"
"    55350-3S060C","اسبرنج خلفي سوناتا 2012                      ","5,281.44","96.18%","Class C (Bottom 5%)"
"55310-2P200SUPER","مساعد خلفي سنتافي 2B200 10/12                ","5,280.00","96.19%","Class C (Bottom 5%)"
"    54813-3K000K","ربلة مشرخ امامي سوناتا 05/10 كوري            ","5,272.96","96.19%","Class C (Bottom 5%)"
"    21830-1C370C","كرسي مكينة يسار جتز 02/07 AT المنيوم         ","5,266.00","96.20%","Class C (Bottom 5%)"
"    21350-37500M","غطاء بطة تيمت تحت سوناتا + سنتافي + توسان حجم","5,265.14","96.21%","Class C (Bottom 5%)"
"    82610-25000C","يد باب داخلي  يسار اكسنت                     ","5,263.00","96.21%","Class C (Bottom 5%)"
"41300-22030VALEO","موسم اكسنت 2006 (41036)                      ","5,261.05","96.22%","Class C (Bottom 5%)"
"    86350-07800C","شبك امامي فوق كيا بيكانتو 2009               ","5,260.00","96.22%","Class C (Bottom 5%)"
"    55253-2W000K","بوشة عمود توازن خلفي سنتافي 13/16 2WD        ","5,254.00","96.23%","Class C (Bottom 5%)"
"   25100-26902K-","بمب ماء اكسنت + ماتركس +جتز حجم 1.6 06/10    ","5,242.73","96.24%","Class C (Bottom 5%)"
"    92202-D3120C","كشافة صدام امامي يمين توسان 2016 ليد         ","5,237.68","96.24%","Class C (Bottom 5%)"
"    86812-2E010C","بطانة كفر امامي توسان 04/09                  ","5,236.00","96.25%","Class C (Bottom 5%)"
"    39210-25300C","حساس شكمان فوق سوناتا + لوتشي                ","5,229.12","96.25%","Class C (Bottom 5%)"
"00-L-H7-12V-100W","لمبات كشافة H7                               ","5,228.75","96.26%","Class C (Bottom 5%)"
"    25412-2B800M","لي ماء تحت سنتافي 2010 حجم 2.4               ","5,225.90","96.27%","Class C (Bottom 5%)"
"     58305-2DA10","كنويسات هلال النتراء+ اكسنت + ماتركس         ","5,225.00","96.27%","Class C (Bottom 5%)"
"    31911-4D500C","فلتر بترول كيا سول 05/11                     ","5,225.00","96.28%","Class C (Bottom 5%)"
"0-25*27-HY805A47","رأس عكس 27*25*26 حساس تحت                    ","5,219.00","96.28%","Class C (Bottom 5%)"
"    86812-B2000C","بطانة كفر امامي كيا سول يمين 12/15           ","5,211.80","96.29%","Class C (Bottom 5%)"
"    98510-2S000C","دينمة مساحات توسان مخرج                      ","5,211.47","96.30%","Class C (Bottom 5%)"
"     93110-3K000","ضفيرة سويس اكسنت 2B\3K\1E\3J\ سوناتا         ","5,210.40","96.30%","Class C (Bottom 5%)"
"    54500-2B000K","مقص امامي يسار 06\10 سنتافي                  ","5,207.78","96.31%","Class C (Bottom 5%)"
"    29110-3S000C","بطانة تحت المكينة سوناتا 11/15               ","5,204.05","96.31%","Class C (Bottom 5%)"
"    39210-02640C","حساس شكمان فوق كيا بيكانتو 07/10             ","5,198.17","96.32%","Class C (Bottom 5%)"
"    83650-25000C","يد باب خارجي خلفي اكسنت 00/05                ","5,197.02","96.33%","Class C (Bottom 5%)"
"     54584-3X000","بوشة مقص الكبير النترا 2011/2012             ","5,195.22","96.33%","Class C (Bottom 5%)"
"    56820-D3000K","مشرعة  توسان 16/20 C1=D3                     ","5,193.27","96.34%","Class C (Bottom 5%)"
"    25100-04010K","بمب ماء كيا مورننج  بيكانتو 11/17            ","5,187.15","96.34%","Class C (Bottom 5%)"
"    92405-3S000C","اسطب كذاب سوناتا 2012                        ","5,180.60","96.35%","Class C (Bottom 5%)"
"    21810-3S500C","كرسي مكينة يمين سوناتا + K5 اربعة مسامير     ","5,180.08","96.36%","Class C (Bottom 5%)"
" 54660-1E200MIZE","مساعد امامي اكسنت 2006 تجاري يمين            ","5,177.17","96.36%","Class C (Bottom 5%)"
"  55130-4D000CTR","بوشة نكل تحت ثابت النترا+اوبتيما             ","5,171.00","96.37%","Class C (Bottom 5%)"
"    31922-2E900K","فلتر ديزل سنتافي توسان تراجيت 2004 عظمة      ","5,169.00","96.37%","Class C (Bottom 5%)"
"  54830-1G500CTR","مسمار عمود توازن امامي اكسنت/ريو07/10 يسار   ","5,168.00","96.38%","Class C (Bottom 5%)"
"    25336-F2000M","ربلة تثبيت تانكي ماء تحت النتراء 2016        ","5,168.00","96.39%","Class C (Bottom 5%)"
"    41605-3K100K","علبة كليتش فوق سوناتا 2008                   ","5,166.15","96.39%","Class C (Bottom 5%)"
" 58101-FD000MALI","كنويسات امامي كيا ريو 2003 حجم 1.5 R298k     ","5,156.00","96.40%","Class C (Bottom 5%)"
"     86552-2K500","عظمة صدام امامي يمين كيا سول 2012            ","5,149.88","96.40%","Class C (Bottom 5%)"
"   81372-2D000-F"," خبطة  يد باب داخلي امامي النتراء 00/06 يمين ","5,140.20","96.41%","Class C (Bottom 5%)"
"    41610-38110K","علبة كلتش فوق  سوناتا 01/05 ( 0891)          ","5,135.28","96.42%","Class C (Bottom 5%)"
"    39210-3E140C","حساس شكمان داخلي تحت سنتافي حجم 2.7          ","5,134.67","96.42%","Class C (Bottom 5%)"
"    21931-38060K","بوشة كرسي مكينة خلفي سوناتا                  ","5,130.00","96.43%","Class C (Bottom 5%)"
"    27420-23700K","وائر بلاكات رقم 1 النترا + توسان حجم 1.8+2.0 ","5,129.40","96.43%","Class C (Bottom 5%)"
"    97133-07000K","فلتر مكيف بيكانتو 06/10                      ","5,128.59","96.44%","Class C (Bottom 5%)"
"    54584-C1000K","بوشة مقص(2T/3S/2S/4H)                        ","5,124.23","96.44%","Class C (Bottom 5%)"
"    31911-2B000C","فلتر بترول سنتافي 2006 تجاري                 ","5,124.00","96.45%","Class C (Bottom 5%)"
"    29110-26020C","بطانة تحت المكينة سنتافي 02/06               ","5,120.00","96.46%","Class C (Bottom 5%)"
"    25460-3E700C","ماصورة ماء سنتافي 07/11 سبورتاج 2.7          ","5,120.00","96.46%","Class C (Bottom 5%)"
"    58380-1G000C","ميزانية بريك خلفي اكسنت 2007 يمين            ","5,100.00","96.47%","Class C (Bottom 5%)"
"    86812-2G500C","بطانة كفر امامي كيا لوتشي 2009               ","5,096.80","96.47%","Class C (Bottom 5%)"
"    57724-D3000M","دومة توسان 2016 سنجل + سبورتاج               ","5,095.00","96.48%","Class C (Bottom 5%)"
"82620-1Y000C-SLV","يد باب داخلي بيكانتو + مورننج 11/15  سلفر    ","5,094.23","96.49%","Class C (Bottom 5%)"
"    82651-2K510C","يد باب خارجي كيا سول 11/12 L+R               ","5,092.97","96.49%","Class C (Bottom 5%)"
"    81770-17010C","مساعد شنطة ماتركس                            ","5,090.00","96.50%","Class C (Bottom 5%)"
"    93490-2H000C","شريط ارباج  النتراء 07/10                    ","5,089.91","96.50%","Class C (Bottom 5%)"
"       000-WD-X5","بخاخ ذحل x5 ازرق                             ","5,083.54","96.51%","Class C (Bottom 5%)"
"    54630-1R001C","اسبرنج امامي اكسنت 11/15                     ","5,080.20","96.52%","Class C (Bottom 5%)"
"    54555-26000C","بوشة مقص سنتافي 00/06                        ","5,080.00","96.52%","Class C (Bottom 5%)"
"    39350-23910K","حساس تيمت النترا + كيا سول 06/13             ","5,079.70","96.53%","Class C (Bottom 5%)"
"    92102-3X000C","كشافه امامي النتراء 2011 اصفر                ","5,069.75","96.53%","Class C (Bottom 5%)"
"    92101-3X000C","كشافه امامي النتراء 2011 اصفر                ","5,065.55","96.54%","Class C (Bottom 5%)"
"    41610-25013C","علبة كليتش فوق اكسنت 2004                    ","5,056.55","96.54%","Class C (Bottom 5%)"
"    39180-27800C","حساس كرين  سنتافي 06/10 ديزل                 ","5,055.00","96.55%","Class C (Bottom 5%)"
"22311-23000K-MTL","باكن راس النترا 07/10 كوري حديد              ","5,050.33","96.56%","Class C (Bottom 5%)"
"    92102-17010C","كشافه امامي  ماتركس 01/05                    ","5,045.00","96.56%","Class C (Bottom 5%)"
"    54610-2S000C","كرسي مساعد امامي توسان 11/15                 ","5,035.00","96.57%","Class C (Bottom 5%)"
"55311-2H000KALSO","مساعد  خلفي النتراء 06/10 كالسو              ","5,032.00","96.57%","Class C (Bottom 5%)"
"    83650-2E000C","يد باب وسط خارجي توسان يسار                  ","5,029.44","96.58%","Class C (Bottom 5%)"
"    92202-2D500C","كشاف ضباب النترا 03/05                       ","5,029.20","96.58%","Class C (Bottom 5%)"
"    25212-3E500K","بطه دينمة سنتافي                             ","5,020.00","96.59%","Class C (Bottom 5%)"
"    58302-2HA00C","كنويسات خلفي توسان IF\3K\2H\2E\3L\2G\        ","5,020.00","96.60%","Class C (Bottom 5%)"
"    86561-3X700C","شبك صدام تحت امامي النتراء 13/15             ","5,018.55","96.60%","Class C (Bottom 5%)"
"    82650-25000C","يد باب خارجي امامي اكسنت 99/01               ","5,017.30","96.61%","Class C (Bottom 5%)"
"  82620-FD100TAI","يد باب داخلي ريو 2003 بني                    ","5,016.00","96.61%","Class C (Bottom 5%)"
"41100-23031VALEO","كليتش اكسنت + النترا                         ","5,012.70","96.62%","Class C (Bottom 5%)"
"    45955-22750C","حساس السبيت بدولن ويار                       ","5,012.00","96.63%","Class C (Bottom 5%)"
"    25460-2G800C","ماصورة ماء كيا لوتشي+ توسان11/1              ","5,010.18","96.63%","Class C (Bottom 5%)"
"  25212-6PK2576C","بطة دينمة","5,007.00","96.64%","Class C (Bottom 5%)"
"    54830-07000C","مسمار عمود توازن بيكانتو + كيا مورننج        ","5,002.84","96.64%","Class C (Bottom 5%)"
"     HYUNDAI-24T","صليب صبرة عكس داخلي توسان 2012 متحرك         ","5,000.00","96.65%","Class C (Bottom 5%)"
"    92401-4A600C","اسطب خلفي يسار باص H1 03/06                  ","5,000.00","96.65%","Class C (Bottom 5%)"
"22311-2E000-METL","باكن راس النترا حديد 11/15 فاصل عريض         ","4,990.13","96.66%","Class C (Bottom 5%)"
"    87742-2W000M","فيبر بنكة خلفي يمين سنتافي 13/17             ","4,975.57","96.67%","Class C (Bottom 5%)"
"  51720-38110QPC","بيرنج هوبس  سوناتا 2004 + سنتافي 02/06       ","4,971.02","96.67%","Class C (Bottom 5%)"
"    35310-26600C","بخاخ بترول  ريو ماتركس النترا حجم 1.6 06/11  ","4,970.34","96.68%","Class C (Bottom 5%)"
"    21910-2B500M","كرسي مكينة امامي سنتافي 07 امامي كهرباء      ","4,968.80","96.68%","Class C (Bottom 5%)"
"     25430-C1100","دبة ماء راجع سوناتا 15/17 اصلي               ","4,965.00","96.69%","Class C (Bottom 5%)"
"    54812-07000K","ربلة مشرخ امامي كيا بيكانتو مورننج 01/       ","4,962.20","96.69%","Class C (Bottom 5%)"
"    22311-2G700K","باكن راس سوناتا 11/13 كوري                   ","4,959.13","96.70%","Class C (Bottom 5%)"
"  25212-6PK2053K","*                                            ","4,957.34","96.71%","Class C (Bottom 5%)"
"    86524-1G000C","فيبر صدام كيا ريو 2007 يمين                  ","4,954.67","96.71%","Class C (Bottom 5%)"
"    28113-2B000C","فلتر هواء سنتافي 07/10                       ","4,952.04","96.72%","Class C (Bottom 5%)"
"    25336-C1000M","ربلة تثبيت تانكي ماء تحت سوناتا 2015         ","4,946.04","96.72%","Class C (Bottom 5%)"
"    22311-2A701K","باكن راس اكسنت + ريو ديزل  05/09  فيبر       ","4,939.24","96.73%","Class C (Bottom 5%)"
"    27301-3E100C","كويل مفرد سنتافي  توسان سوناتا حجم 2.7       ","4,937.81","96.73%","Class C (Bottom 5%)"
"  25212-6PK2360C","6PK2360                                      ","4,934.24","96.74%","Class C (Bottom 5%)"
"   000-5W20DEXEL","زيت هونداي خفيف موديل جديد                   ","4,927.36","96.75%","Class C (Bottom 5%)"
"    39300-2B100K","حساس كام شفت النتراء + توسان                 ","4,927.00","96.75%","Class C (Bottom 5%)"
"    54626-2E000C","ربلة مطب فوق الاسبرنج امامي توسان 04/09      ","4,923.45","96.76%","Class C (Bottom 5%)"
"    81771-26011K","مساعد شنطة سنتافي 02/06 كوري                 ","4,916.80","96.76%","Class C (Bottom 5%)"
"    92120-2E010C","زجاج كشافة توسان 04/09                       ","4,903.06","96.77%","Class C (Bottom 5%)"
"  86511-2H000KSA","صدام امامي النتراء 20070                     ","4,896.00","96.77%","Class C (Bottom 5%)"
"    21443-2E110M","لمدة كرين خلفي  النترا 12/15 حجم 1.8         ","4,895.00","96.78%","Class C (Bottom 5%)"
"    57724-2B000C","دومة سنتافي 07/11                          ","4,892.33","96.78%","Class C (Bottom 5%)"
"    93490-2E000C","شريط ارباج  توسان 04/09                      ","4,891.90","96.79%","Class C (Bottom 5%)"
"    81771-26010C","مساعد شنطة سنتافي 2002                       ","4,886.29","96.80%","Class C (Bottom 5%)"
" 82610-2B010C-BE","يد باب داخلي يسار بيج  07/10                 ","4,883.87","96.80%","Class C (Bottom 5%)"
"    31111-1R000C","بمب بترول غطاس سوناتا + اكسنت 2012           ","4,881.92","96.81%","Class C (Bottom 5%)"
"  58302-2SA70ECO","كنويسات خلفي توسان 2SA70\3SA70\1G اكسنت وسونا","4,872.00","96.81%","Class C (Bottom 5%)"
"  54651-2G300JTE","مساعد امامي لتشي 2006 تجاري                  ","4,866.55","96.82%","Class C (Bottom 5%)"
"    25415-2H000K","لي ماء تحت النتراء 06/10                     ","4,864.00","96.82%","Class C (Bottom 5%)"
"    22211-2E400K","والات هواء النتراء 2011. + سوناتا 19/20      ","4,864.00","96.83%","Class C (Bottom 5%)"
"    36120-22810K","دقمة سلف اكسنت 06/10                         ","4,855.31","96.84%","Class C (Bottom 5%)"
"    21360-27000M","غطاء بطة تيمت فوق توسان سنتافي ديزل          ","4,855.28","96.84%","Class C (Bottom 5%)"
" 00000-6301DDUC3","بيرنج دينمة ربل ياباني NSK                   ","4,855.00","96.85%","Class C (Bottom 5%)"
"    86518-3X000M","عظمة تحت الكشافة النتراء 2012 يمين           ","4,854.40","96.85%","Class C (Bottom 5%)"
"     21421-03000","لمدة كرين امامي اكسنت 2012 1.4 خليجي         ","4,850.00","96.86%","Class C (Bottom 5%)"
"54660-B2040KALSO","مساعد امامي يمين كيا سول 2014                ","4,848.80","96.86%","Class C (Bottom 5%)"
"  55311-3K020NMK","مساعد خلفي سوناتا 06/10                      ","4,846.40","96.87%","Class C (Bottom 5%)"
"    31112-3X000C","فلتر بترول النتراء 12/15                     ","4,843.94","96.87%","Class C (Bottom 5%)"
"    25215-42082C","بطة دينمة دينة ديزل h100 مدرج 10*43          ","4,840.00","96.88%","Class C (Bottom 5%)"
"    55218-2B000K","بوشة مقص خلفي تحت الاسبرنج سنتافي 2007       ","4,837.98","96.89%","Class C (Bottom 5%)"
"    25330-1P000M","غطاء تانكي ماء  عام 1.1                      ","4,837.92","96.89%","Class C (Bottom 5%)"
"    92110-25510C","زجاج كشافه امامي يسار اكسنت 2003             ","4,832.27","96.90%","Class C (Bottom 5%)"
"    87621-1E110K","زجاج مراية باب اكسنت 2007 يمين               ","4,821.50","96.90%","Class C (Bottom 5%)"
"    86513-2W000C","عظمة صدام امامي سنتافي 13/15 يسار            ","4,820.00","96.91%","Class C (Bottom 5%)"
"    57724-D3000K","دومة توسان 2016 سنجل                         ","4,815.00","96.91%","Class C (Bottom 5%)"
"  54651-2S000NOM","مساعد امامي توسان 10/14                      ","4,814.50","96.92%","Class C (Bottom 5%)"
"  54661-2S000NOM","مساعد امامي توسان 10/14                      ","4,814.50","96.92%","Class C (Bottom 5%)"
"    86515-1G000C","عظمة صدام امامي كيا ريو  يسار                ","4,809.86","96.93%","Class C (Bottom 5%)"
"    81392-1E000C","خبطة يد باب داخلي امامي اكسنت 06/10 R        ","4,799.52","96.94%","Class C (Bottom 5%)"
"    25100-38002C","بمب ماء سوناتا 00/06                         ","4,790.00","96.94%","Class C (Bottom 5%)"
"    86558-2E000C"," غطاء كشافة ضباب توسان 04/09 يمين            ","4,786.70","96.95%","Class C (Bottom 5%)"
"    28113-2W100K","فلتر هواء سنتافي 13\15                       ","4,783.82","96.95%","Class C (Bottom 5%)"
"    92101-02500C","كشافة امامي اتوز يسار 01/04                  ","4,776.85","96.96%","Class C (Bottom 5%)"
"    25350-D3500C","اطار مروحة ماء توسان 16/19                   ","4,776.47","96.96%","Class C (Bottom 5%)"
"    25411-07000M","لي ماء فوق كيا مورننج                        ","4,771.50","96.97%","Class C (Bottom 5%)"
"    82620-3S000C","يد باب داخلي امامي يمين سوناتا 11/15         ","4,765.00","96.97%","Class C (Bottom 5%)"
"     18840-11051","بلاكات هونداي عادي وكالة بلاتين 18845-11051  ","4,763.20","96.98%","Class C (Bottom 5%)"
"    21910-2E100K","كرسي مكينة امامي توسان 06/10                 ","4,761.15","96.98%","Class C (Bottom 5%)"
" 58302-2PA70GOLD","كنويسات خلفي سنتافي10\15                     ","4,750.43","96.99%","Class C (Bottom 5%)"
"    86614-3X000C","عظمة صدام خلفي النترا 2012-2015 يمين         ","4,750.00","97.00%","Class C (Bottom 5%)"
" 58101-24A00GOLD","كنويسات امامي اكسنت + جتز 00\05              ","4,750.00","97.00%","Class C (Bottom 5%)"
"    25412-1F350K","لي ماء تحت توسان 05/09                       ","4,748.55","97.01%","Class C (Bottom 5%)"
"    29110-2B100C","بطانة تحت المكينة سنتافي  06/10              ","4,748.00","97.01%","Class C (Bottom 5%)"
"    54625-2F000C","ربلة مساعد امامي كيا  سيراتو ريو 00/05       ","4,744.00","97.02%","Class C (Bottom 5%)"
"     28213-1R000","لي هواء فوق الواجهة اكسنت 12/15              ","4,741.51","97.02%","Class C (Bottom 5%)"
"  25212-6PK2200C","6PK2200                                      ","4,741.35","97.03%","Class C (Bottom 5%)"
"    55830-25000K","مسمار توازن خلفي اكسنت 2000/2005 كوري        ","4,740.00","97.03%","Class C (Bottom 5%)"
"    93570-2D100C","مجموعة تطليع فريم النتراء 00/06 كامل         ","4,734.35","97.04%","Class C (Bottom 5%)"
"    54813-4A001K","ربلة مشرخ امامي باص H1 + ليبرو               ","4,734.08","97.04%","Class C (Bottom 5%)"
"     21443-2G000","لمدة كرين خلفي توسان 2012                    ","4,727.70","97.05%","Class C (Bottom 5%)"
"    54610-25000K","كرسي مساعد امامي اكسنت 00/05 + جتز 1C\25     ","4,725.36","97.06%","Class C (Bottom 5%)"
"    82610-4A500C","يد باب داخلي باص استاركس يسار 00/05          ","4,720.00","97.06%","Class C (Bottom 5%)"
"    54612-07000C","بيرنج كرسي مساعد امامي كيا بيكانتو 09/13 + سو","4,720.00","97.07%","Class C (Bottom 5%)"
"  54651-2G300MGB","مساعد امامي لتشي 2006 تجاري                  ","4,719.61","97.07%","Class C (Bottom 5%)"
"    92401-2T020C","اسطب خلفي  كيا اوبتيما 2012                  ","4,716.00","97.08%","Class C (Bottom 5%)"
"    86553-2K000C","عظمة صدام امامي كيا سول 2010 يسار            ","4,715.00","97.08%","Class C (Bottom 5%)"
"    28138-22652C","لي هواء اكسنت 00/05                          ","4,708.89","97.09%","Class C (Bottom 5%)"
"    92102-1G050C","كشافة كيا ريو 2010 مكحل ابيض يمين            ","4,700.30","97.09%","Class C (Bottom 5%)"
"    58101-24B00K","كنويسات امامي اكسنت + جتز 00\05              ","4,680.00","97.10%","Class C (Bottom 5%)"
"   81372-2E000-F"," خبطة  يد باب داخلي امامي توسان 04/09 يمين   ","4,680.00","97.10%","Class C (Bottom 5%)"
"    41610-1G000C","علبة كليتش  فوق اكسنت 2007                   ","4,679.40","97.11%","Class C (Bottom 5%)"
"    25333-3K500M","ربلة تثبيت تانكي ماء فوق يسار  سوناتا 2007   ","4,672.24","97.12%","Class C (Bottom 5%)"
"    25412-2W500K","لي ماء تحت سنتافي 13/16                      ","4,671.50","97.12%","Class C (Bottom 5%)"
"  92401-2D520TAI","اسطب خلفي النترا 04\06                       ","4,670.00","97.13%","Class C (Bottom 5%)"
"    28321-2G700M","توصيلة لي بوابة الهواء توسان 12/15           ","4,667.76","97.13%","Class C (Bottom 5%)"
"     25212-2G100","بطة دينمة حجم 2.4 سنتافي  توسان 6PK2576      ","4,664.05","97.14%","Class C (Bottom 5%)"
"    41600-4A000C","علبة كليتش فوق استاركس 02/06  اتش ون         ","4,661.10","97.14%","Class C (Bottom 5%)"
"    93810-3K000M","كتة بريك 3K\1E\1C\3X\2H\2B\2S\2W\2E\3J\2D    ","4,657.16","97.15%","Class C (Bottom 5%)"
"    29110-3X000M","بطانة تحت الواجهة النتراء 11/14              ","4,655.81","97.15%","Class C (Bottom 5%)"
"   52720-LM11949","بيرنج LM11949/LM11910                        ","4,650.00","97.16%","Class C (Bottom 5%)"
"    51750-1J000C","فلنشة هوبس امامي اكسنت 12/15                 ","4,640.00","97.16%","Class C (Bottom 5%)"
"    21930-26200M","كرسي مكينة خلفي سنتافي 00/05                 ","4,636.00","97.17%","Class C (Bottom 5%)"
"    37370-2G400K","كتف دينمة سوناتا  سنتافي 2012                ","4,630.37","97.17%","Class C (Bottom 5%)"
"    55118-25000C","بوشة عمود سحب خلفي اكسنت 00/05 ربل           ","4,625.00","97.18%","Class C (Bottom 5%)"
"    92430-2S000C","زجاج اسطب خلفي وسط داخلي  توسان 11/15        ","4,615.51","97.18%","Class C (Bottom 5%)"
"27310-26600-1-4F","كويل مفرد اكسنت + النتراء 06/10 1+4 ITOM     ","4,614.89","97.19%","Class C (Bottom 5%)"
"    25500-2B000K","بلف حرارة اكسنت كيا بيكانتو 2012             ","4,608.40","97.20%","Class C (Bottom 5%)"
"    25281-37120K","شداد دينمة توسان + سنتافي حجم 2.7            ","4,602.40","97.20%","Class C (Bottom 5%)"
"    86811-2S000C","بطانة كفر توسان 11/15 امامي يسار             ","4,590.00","97.21%","Class C (Bottom 5%)"
"  55361-2D100NMK","مساعد خلفي ماتركس + النترا يمين 02/06        ","4,585.10","97.21%","Class C (Bottom 5%)"
"    51750-2D000C","فلنشة هوبس امامي النتراء 00/06 كوريا بلاس    ","4,578.25","97.22%","Class C (Bottom 5%)"
"    22441-2B600M","باكن والات كيا سول النتراء حجم 1.6           ","4,572.02","97.22%","Class C (Bottom 5%)"
"    57740-2B000C","ربلة دومة سنتافي                             ","4,572.00","97.23%","Class C (Bottom 5%)"
"    21930-2E100K","كرسي مكينة خلفي توسان + سبورتاج حجم 2.0      ","4,559.84","97.23%","Class C (Bottom 5%)"
"    31402-2A400C","كتة مسطرة سنتافي + توسان  حجم 2.2 + برايد    ","4,558.77","97.24%","Class C (Bottom 5%)"
"    25100-38002K","بمب ماء سوناتا 00/05 4 بستم                  ","4,556.05","97.24%","Class C (Bottom 5%)"
"    54610-2H200M","كرسي مساعد امامي النتراء 2007/2010 موبيس     ","4,554.16","97.25%","Class C (Bottom 5%)"
"    39210-26810C","حساس شكمان اكسنت 06/10                       ","4,550.03","97.25%","Class C (Bottom 5%)"
"     58330-02000","برمة بريك خلفي اتوز يسار                     ","4,545.13","97.26%","Class C (Bottom 5%)"
"    83610-1G000C","يد باب داخلي خلفي كيا ريو 2007 اسود          ","4,539.68","97.26%","Class C (Bottom 5%)"
"    28113-1Y100M","فلتر هواء كيا مورنج +بيكانيو 2011            ","4,527.96","97.27%","Class C (Bottom 5%)"
"    25212-2GGA1M","بطة دينمة توسان سنتافي سوناتا حجم 2.4 6PK1008","4,526.05","97.27%","Class C (Bottom 5%)"
"    31112-0W000C","فلتر بترول سنتافي 10/12                      ","4,520.00","97.28%","Class C (Bottom 5%)"
"58101-C1A00FALCN","كنويسات امامي سوناتا 16/19                   ","4,516.56","97.28%","Class C (Bottom 5%)"
"    93580-26100C","زرار فريم مفرد اسنتافي  2004                 ","4,508.50","97.29%","Class C (Bottom 5%)"
"    31911-09000K","فلتر بترول سوناتا خليجي 06/10                ","4,498.31","97.29%","Class C (Bottom 5%)"
"     23060-23640","براصات متحرك  النترا 1.8 وكالة STD           ","4,498.29","97.30%","Class C (Bottom 5%)"
"    86360-25620C","شبك امامي اكسنت 00/05                        ","4,498.25","97.31%","Class C (Bottom 5%)"
"    54551-2D000K","بوشة مقص النتراء كوري                        ","4,497.50","97.31%","Class C (Bottom 5%)"
"  000-10W40ACDEL","زيت هونداي وسط موديل جديد ايسي ديلكو         ","4,486.71","97.32%","Class C (Bottom 5%)"
"    82620-1G010C","يد باب داخلي ريو 2007 اسود يمين              ","4,480.07","97.32%","Class C (Bottom 5%)"
"    93490-2T210C","شريط ايرباج سنتافي + اوبتيما 2014 K5         ","4,475.28","97.33%","Class C (Bottom 5%)"
"    86811-2K000C","بطانة كفر امامي يسار كيا سول 08/11           ","4,474.43","97.33%","Class C (Bottom 5%)"
"     86610-3K001","صدام خلفي سوناتا 2006 وكالة                  ","4,472.50","97.34%","Class C (Bottom 5%)"
"    31112-0W000K","فلتر بترول سنتافي  13/15                     ","4,466.09","97.34%","Class C (Bottom 5%)"
"000-DOT-BF99-P25","سم بريك صغير ازرق abro ابرو                  ","4,457.30","97.35%","Class C (Bottom 5%)"
"    57724-07000K","دومة كيا مورننج 05/09                        ","4,455.51","97.35%","Class C (Bottom 5%)"
"    81190-2H100K","خبطة كور القصير النتراء 07/10                ","4,443.35","97.36%","Class C (Bottom 5%)"
"    39350-37110C","حساس تيمت توسان  04/08 + سنتافي              ","4,442.94","97.36%","Class C (Bottom 5%)"
"   51720-38000BW","بيرنج هوبس او رمان سوناتا 00/04              ","4,440.00","97.37%","Class C (Bottom 5%)"
"    25411-2E350K","لي ماء فوق توسان ديزل 2004                   ","4,433.42","97.37%","Class C (Bottom 5%)"
"    54840-0X000K","مسمار عمود توازن امامي يمين I10              ","4,431.50","97.38%","Class C (Bottom 5%)"
"    54830-0X000K","مسمار عمود توازن I10 08/11                   ","4,431.50","97.38%","Class C (Bottom 5%)"
"    0000-HYUNDAI","علامة كتابة HYUNDAI                          ","4,428.00","97.39%","Class C (Bottom 5%)"
"    25310-1G150C","رديتر ماء ريو 06/10 (  (23094)               ","4,425.20","97.39%","Class C (Bottom 5%)"
"    25329-1R200M","قسام ماء اكسنت ديزل 2011                     ","4,415.27","97.40%","Class C (Bottom 5%)"
"    93570-1C110C","مجموعة زرارات فريم جتز                       ","4,414.05","97.40%","Class C (Bottom 5%)"
"51750-1P000FALCN","فلنشة هوبس امامي النترا  + كيا فورتي 12/15   ","4,413.42","97.41%","Class C (Bottom 5%)"
"    25412-02000K","لي ماء تحت اتوز 02/04                        ","4,405.00","97.41%","Class C (Bottom 5%)"
"    92101-0W500C","كشافة سنتافي 06/10 غمز اصفر  تحت ابيض        ","4,400.00","97.42%","Class C (Bottom 5%)"
"    28910-22040C","بلف هواء اكسنت 00/05 + جتز                   ","4,400.00","97.42%","Class C (Bottom 5%)"
"    25620-26870C","كوع بيسة اكسنت + ريو 3 مسمار                 ","4,397.71","97.43%","Class C (Bottom 5%)"
"    81770-2K000C","مساعد شنطة كيا سول 10/13                     ","4,395.89","97.43%","Class C (Bottom 5%)"
"    93570-2Z000C","مجموعة تطليع فريم توسان 10/15 IX35           ","4,390.00","97.44%","Class C (Bottom 5%)"
"    25411-3J000K","لي ماء فوق فيراكروز                          ","4,388.00","97.44%","Class C (Bottom 5%)"
"    37370-25100K","كتف دينمة سوناتا كوري                        ","4,387.81","97.45%","Class C (Bottom 5%)"
"    25350-2E100C","اطار مروحة ماء توسان حجم 2.7 ابو شبك مغلق    ","4,384.60","97.45%","Class C (Bottom 5%)"
"    25460-25002C","ماصورة ماء سوناتا 2006 لوتشي حجم 2.0         ","4,381.94","97.46%","Class C (Bottom 5%)"
"    25412-2B100C","لي ماء تحت  سنتافي حجم 2.7 06/09             ","4,380.00","97.46%","Class C (Bottom 5%)"
"    54813-1C010C","ربلة مشرخ امامي امامي جتز                    ","4,378.00","97.47%","Class C (Bottom 5%)"
"    86831-2S000C","نسافة كفر امامي + خلفي توسان 11/15 2 طقم     ","4,375.20","97.47%","Class C (Bottom 5%)"
"    29120-1R000C","بطانة تحت المكينة يمين اكسنت 11/15           ","4,375.00","97.48%","Class C (Bottom 5%)"
"    25212-4PK855","4PK855                                       ","4,369.40","97.48%","Class C (Bottom 5%)"
"    93490-1E500C","شريط ايرباج اكسنت 2008 امريكي 1 خط           ","4,362.60","97.49%","Class C (Bottom 5%)"
"   23060-2B902AA","براصات متحرك اكسنت حجم 1.6  0.50 AA          ","4,360.00","97.49%","Class C (Bottom 5%)"
"     25212-22030","بطة دينمة اكسنت 2000/2005 4PK897             ","4,358.68","97.50%","Class C (Bottom 5%)"
"    39350-26900K","حساس تيمت ماتركس + اكسنت 2006 + مورينج 2011  ","4,357.70","97.50%","Class C (Bottom 5%)"
"    21443-22000C","لمدة كرين خلفي اكسنت 00/11  9*96*72          ","4,350.00","97.51%","Class C (Bottom 5%)"
"     43755-38200","عظمة تعشيقة هونداي عام                       ","4,348.80","97.51%","Class C (Bottom 5%)"
"    55326-1E000C","ربلة مطب خلفي اكسنت 2007                     ","4,343.04","97.52%","Class C (Bottom 5%)"
"  58101-D3000FRX","كنويسات امامي توسان + سبورتاج 15/1           ","4,340.40","97.52%","Class C (Bottom 5%)"
"    87621-3K200K","زجاج مراية باب سوناتا  06/10 يمين            ","4,340.00","97.53%","Class C (Bottom 5%)"
"    25286-3E001K","مكرة دينمة سنتافي  سوناتا ازيرا حجم 2.7 # 07/","4,338.50","97.53%","Class C (Bottom 5%)"
"    56555-1C100C","بوشة مشط اكسنت + جتز 2007                    ","4,338.29","97.54%","Class C (Bottom 5%)"
"    22441-2G100C","باكن كور والات كيا لوتشي 07/10 4 بستم        ","4,336.12","97.54%","Class C (Bottom 5%)"
"    31111-26900C","بمب ديزل سنتافي ديزل 00/05                   ","4,334.26","97.55%","Class C (Bottom 5%)"
"    82620-3D000C","يد باب داخلي يمين سوناتا 2003                ","4,330.60","97.55%","Class C (Bottom 5%)"
"    55310-2E000C","كرسي مساعد خلفي توسان 04/10 النتراء + سبورتاج","4,325.00","97.56%","Class C (Bottom 5%)"
"    54530-2S000C","جوزه توسان+سوناتا                            ","4,319.32","97.56%","Class C (Bottom 5%)"
"    25415-3D700C","لي ماء تحت سوناتا 00/06                      ","4,316.00","97.57%","Class C (Bottom 5%)"
"0-30*36-MI921JET","صبرة عكس سنتافي 06/11 30*36*73*52 jet        ","4,312.87","97.57%","Class C (Bottom 5%)"
"    86613-2H000C","عضمة صدام خلفي يسار النتراء 2007             ","4,310.76","97.58%","Class C (Bottom 5%)"
"    86614-2H000C","عظمة صدام خلفي النترا 06/10 يمين             ","4,307.76","97.58%","Class C (Bottom 5%)"
"    37370-25200K","كتف دينمة سوناتا + النترا                    ","4,300.84","97.59%","Class C (Bottom 5%)"
"    86811-2D500C","بطانة كفر امامي النترا  2003/2006            ","4,295.23","97.59%","Class C (Bottom 5%)"
"     52950-24000","صاموله كفر اكسنت كوري 99/2001                ","4,293.00","97.60%","Class C (Bottom 5%)"
"    55540-26600K","مسمار توازن خلفي سنتافي 2000/2005 يمين       ","4,281.00","97.60%","Class C (Bottom 5%)"
"    82610-07000C","يد باب داخلي كيا بيكانتو رمادي               ","4,277.28","97.61%","Class C (Bottom 5%)"
"    57790-2BA00C","اصلاح علبة سكان تحت سنتافي  07/13            ","4,275.00","97.61%","Class C (Bottom 5%)"
"    54813-2S000K","ربلة عمود توازن امام توسان 09/12 كوري        ","4,268.18","97.62%","Class C (Bottom 5%)"
"    21950-2W100K","كرسي مكينة خلفي ستافي 11/15                  ","4,261.28","97.62%","Class C (Bottom 5%)"
"    28164-23700K","ايرماص هواية النتراء + توسان 4 بستم  حجم 2.0 ","4,251.52","97.63%","Class C (Bottom 5%)"
"     25631-37100","كوع بيسة ماء سوناتا +سنتافي 2.7 وكالة        ","4,245.61","97.63%","Class C (Bottom 5%)"
"    36182-21740M","بوشة سلف هونداي القصير                       ","4,242.31","97.64%","Class C (Bottom 5%)"
"    92406-2S100M","اسطب كذاب توسان 12/15 يمين                   ","4,236.79","97.64%","Class C (Bottom 5%)"
"    28113-26000K","فلتر هواء سنتافي كوري                        ","4,227.00","97.65%","Class C (Bottom 5%)"
"    25350-B2000C","اطار مروحة ماء كيا سول 14/19 مع الدبة        ","4,225.00","97.65%","Class C (Bottom 5%)"
"    55118-2S000C","بوشه عمود السحب خلفي                         ","4,222.91","97.66%","Class C (Bottom 5%)"
"    25100-02502K","بمب ماء اتوز + جتز حجم 1.1 HOCK              ","4,220.00","97.66%","Class C (Bottom 5%)"
"    24450-37120K","مكرة تيمت سوناتا + سنتافي حجم 2.7            ","4,219.40","97.67%","Class C (Bottom 5%)"
"    24312-27000C","بطة تيمت توسان ديزل 123RU28                  ","4,215.50","97.67%","Class C (Bottom 5%)"
"    31380-2E000C","بلف منظم بترول النترا توسان يركب فوق بمب بترو","4,214.76","97.68%","Class C (Bottom 5%)"
"    49509-C1050K","ربلة عكس خارجي سوناتا 2016-امريكي فتحة كبير  ","4,211.47","97.68%","Class C (Bottom 5%)"
"    93110-2H000M","ضفيرة سويس النترا 06/10                      ","4,210.00","97.69%","Class C (Bottom 5%)"
" 55351-2D100GERP","مساعد خلفي النترا  + ماتركس يسار 01/06       ","4,210.00","97.69%","Class C (Bottom 5%)"
"    81161-26001K","مساعد كور سنتافي 00/05                       ","4,202.00","97.70%","Class C (Bottom 5%)"
"  54650-1C200MGB","مساعد امامي خلفي جتز يسار                    ","4,200.23","97.70%","Class C (Bottom 5%)"
"    86180-3S000M","مثلث مراية يسار سوناتا 11/15                 ","4,200.00","97.70%","Class C (Bottom 5%)"
"    28139-2G100C","لي هواء كيا لوتشي امريكي                     ","4,196.03","97.71%","Class C (Bottom 5%)"
"    52961-1E100C","طاوة تاير اكسنت 06/10 4 حبات طقم             ","4,193.74","97.71%","Class C (Bottom 5%)"
" 58101-26A20GOLD","كنويسات امامي سنتافي 00/06 HP0015            ","4,189.70","97.72%","Class C (Bottom 5%)"
"    92201-2S000C","كشاف ضباب امامي توسان 12/15 يسار             ","4,187.13","97.72%","Class C (Bottom 5%)"
"       27350-000","كانشة كويل + بخاخات منوع  تشليح وكالة        ","4,187.00","97.73%","Class C (Bottom 5%)"
"     58254-37000","ميزانية بريك توسان + سنتافي حجم 2.7 يسار     ","4,184.55","97.73%","Class C (Bottom 5%)"
"     98622-1E000","رقبة دبة مساحات اكسنت 06/09 مع الغطاء        ","4,183.74","97.74%","Class C (Bottom 5%)"
"    92420-3X000C","زجاج اسطب خلفي النتراء 2011/2013             ","4,182.59","97.74%","Class C (Bottom 5%)"
"    25287-25010K","مكرة بطة دينمة 2.4 سوناتا 4 بستم             ","4,181.82","97.75%","Class C (Bottom 5%)"
"23040-37300TP-SD","رنجات سنتافي + توسان 2.7 STD 42021           ","4,180.00","97.75%","Class C (Bottom 5%)"
"    92202-07500C","كشاف ضباب كيا بيكانتو 2008                   ","4,170.00","97.76%","Class C (Bottom 5%)"
"    35170-37100C","حساس دعسة ليور THROTLE 2.7 سنتافي 00/05      ","4,152.20","97.76%","Class C (Bottom 5%)"
"    21910-2E300C","كرسي مكينة امامي توسان 06/10                 ","4,152.00","97.77%","Class C (Bottom 5%)"
"  58101-2PA00ACE","كنويسات امامي سنتافي 2W\2P 10/17/2B          ","4,139.00","97.77%","Class C (Bottom 5%)"
"    54813-2E000K","ربلة مشرخ امامي توسان                        ","4,138.00","97.78%","Class C (Bottom 5%)"
"    54551-A4000K","بوشة مقص الصغير  2S\3R\2H\2W\2E\A4           ","4,135.20","97.78%","Class C (Bottom 5%)"
"    82620-25000C","يد باب داخلي اكسنت 03/05 يمين                ","4,110.93","97.79%","Class C (Bottom 5%)"
"    58510-2S201C","علبة بريك فوق  توسان 11/15 2مواصير 14SOUL    ","4,110.60","97.79%","Class C (Bottom 5%)"
"    51750-3A003C","فلنشة هوبس امامي سنتافي 2002/2005+ توسان     ","4,104.00","97.80%","Class C (Bottom 5%)"
"    28210-F2000M","لي هواء النترا 2016 حجم 2.0                  ","4,100.63","97.80%","Class C (Bottom 5%)"
"    27501-39A70C","وائرات بلاكات سنتافي 6 بستم 3.5              ","4,100.00","97.81%","Class C (Bottom 5%)"
"    21421-21030K","لمدة كرين امامي حجم 1.4+1.5+1.6 اكسنت ماتركس ","4,085.00","97.81%","Class C (Bottom 5%)"
"    92110-1G020C","زجاج كشافه امامي يسار كيا ريو 2005           ","4,085.00","97.81%","Class C (Bottom 5%)"
"    31010-25400M","غطاء بترول عام                               ","4,077.55","97.82%","Class C (Bottom 5%)"
"  82651-2B010TAI","يد باب امامي يسار مع البصمة  سنتافي 07/10 تاي","4,075.80","97.82%","Class C (Bottom 5%)"
"    31922-4H001K","فلتر ديزل باص استاركس توسان سنتافي  فتحة 2.5 ","4,070.00","97.83%","Class C (Bottom 5%)"
"    31112-1CA00K","فلتر بترول جتز                               ","4,069.86","97.83%","Class C (Bottom 5%)"
"    54610-2T000C","كرسي مساعد امامي كيا K5                      ","4,066.20","97.84%","Class C (Bottom 5%)"
"     94460-1C100","عوامة بترول جتز 2 خط                         ","4,064.10","97.84%","Class C (Bottom 5%)"
"    86562-2W000C","فيبر صدام وسط بين كشافات ضباب سنتافي 13/15   ","4,057.47","97.85%","Class C (Bottom 5%)"
" 58302-2SA70BLUE","كنويسات خلفي توسان 1G\3SA70\2SA70 KD9745 ازرق","4,046.40","97.85%","Class C (Bottom 5%)"
"   18840-1483NGK","بلاكات ليزر سن طويل توسان 2012 هونداي عام    ","4,040.00","97.86%","Class C (Bottom 5%)"
"    26740-26700M","بلف هواء زيت او بلف غطاء والات  اكسنت        ","4,040.00","97.86%","Class C (Bottom 5%)"
"    92410-1R000C","زجاج اسطب خلفي اكسنت 11/15                   ","4,039.57","97.87%","Class C (Bottom 5%)"
"    54500-2E000K","مقص امامي يسار توسان 05/09                   ","4,013.68","97.87%","Class C (Bottom 5%)"
"    83620-1G010C","يد باب داخلي  ريو 06/10 اسود خلفي            ","4,013.00","97.88%","Class C (Bottom 5%)"
"    97713-2D100K","سير مكيف النتراء + توسان 4PK855              ","4,009.93","97.88%","Class C (Bottom 5%)"
"    25333-3W100M","كرسي تانكي ماء فوق يسار سبورتاج + توسان      ","4,008.42","97.88%","Class C (Bottom 5%)"
"    25500-37200C","بلف حرارة سنتافي 00/06 2.7+ توسان + سوناتا   ","4,008.00","97.89%","Class C (Bottom 5%)"
"    25412-2E100M","لي ماء تحت توسان 04/09                       ","4,007.60","97.89%","Class C (Bottom 5%)"
"    86513-2S000C","عظمة صدام امامي يسار توسان 2012              ","4,007.00","97.90%","Class C (Bottom 5%)"
"   58305-1GA00KS","كنويسات هلال اكسنت + ريو 06/10 korea star    ","4,005.06","97.90%","Class C (Bottom 5%)"
"    25212-22030C","بطة دينمة اكسنت 2000/2005 4PK898  ","4,000.00","97.91%","Class C (Bottom 5%)"
"    92401-2W000C","اسطب خلفي يسار سنتافي 2012                   ","3,998.00","97.91%","Class C (Bottom 5%)"
"    21350-26002C","غطاء بطة تيمت تحت اكسنت  حجم 1.6             ","3,996.05","97.92%","Class C (Bottom 5%)"
"    81780-2K000C","مساعد شنطة كيا سول 10/13                     ","3,995.89","97.92%","Class C (Bottom 5%)"
"    86180-3X600M","مثلث مراية يسار النتراء 2014                 ","3,984.30","97.93%","Class C (Bottom 5%)"
"     93810-2600C","كتة بريك اكسنت جتز بيكانتو سنتافي 10/15      ","3,982.85","97.93%","Class C (Bottom 5%)"
"     41605-3X100","علبة كليتش فوق النترا 2012-2015 وكالة        ","3,980.00","97.94%","Class C (Bottom 5%)"
"    21950-2S000C","كرسي مكينة خلفي توسان 2012                   ","3,976.00","97.94%","Class C (Bottom 5%)"
"000-W-TOPGUARD-R","ماء رديتر توب قارد احمر معدل50/50 TOP GUARD  ","3,975.02","97.94%","Class C (Bottom 5%)"
"    21930-2G000C","كرسي مكينة خلفي كيا لوتشي                    ","3,970.00","97.95%","Class C (Bottom 5%)"
"    31112-1R000K","فلتر بترول اكسنت توسان 2012                  ","3,962.20","97.95%","Class C (Bottom 5%)"
"  54651-2H000MTE","مساعد امامي يسار النتراء 06/10 (1M310=2H)    ","3,960.17","97.96%","Class C (Bottom 5%)"
"    25124-23010K","باكن بمب ماء توسان +النترا                   ","3,959.71","97.96%","Class C (Bottom 5%)"
"    55543-35010K","بوشة مقص خلفي ابو عيون سوناتا 02/04          ","3,957.00","97.97%","Class C (Bottom 5%)"
"    0-22*25-HY01","صبرة عكس 22*25                               ","3,954.80","97.97%","Class C (Bottom 5%)"
"    25312-2D110K","قفشة تانكي ماء تحت  اتوماتيك النتراء 02/06   ","3,954.10","97.98%","Class C (Bottom 5%)"
"  92403-2H010TAI","اسطب شنطة  وسط النتراء 06/10 يسار            ","3,950.00","97.98%","Class C (Bottom 5%)"
"    25288-25001C","مكرة بطة دينمة مخطط سوناتا + توسان لوتشي 2012","3,946.28","97.99%","Class C (Bottom 5%)"
"     26250-2E021","مشن بمب زيت النترا حجم 1.8                   ","3,945.00","97.99%","Class C (Bottom 5%)"
"    58380-02000C","برمة بريك خلفي  اتوز + جتز  يمين             ","3,944.42","97.99%","Class C (Bottom 5%)"
"    79120-2E000M","مفصلة كور توسان يمين 2005 موبيس              ","3,935.00","98.00%","Class C (Bottom 5%)"
"    54610-1G000C","كرسي مساعد امامي اكسنت +ريو+برايد 07\09      ","3,932.00","98.00%","Class C (Bottom 5%)"
"  54830-4D000CTR","مسمار توازن كرنفال 07-14 يسار                ","3,930.00","98.01%","Class C (Bottom 5%)"
"    21910-26200C","كرسي مكينه امامي سنتافي  01/06               ","3,927.00","98.01%","Class C (Bottom 5%)"
"23060-26425TAIHO","براصات متحرك اكسنت حجم 1.6  06/10 STD        ","3,924.00","98.02%","Class C (Bottom 5%)"
"    86811-D3000C","بطانة كفر توسان  يسار  15/19                 ","3,922.88","98.02%","Class C (Bottom 5%)"
"    92420-1R000C","زجاج اسطب خلفي اكسنت 11/15                   ","3,921.99","98.03%","Class C (Bottom 5%)"
"    58305-2SA00C","كنويسات هلال توسان 2010 /2014 نحيف           ","3,915.43","98.03%","Class C (Bottom 5%)"
"    83650-2D000C","يد باب خارجي خلفي النتراء 2000/2005 يسار     ","3,910.00","98.03%","Class C (Bottom 5%)"
"    86611-3X000C","صدام خلفي النتراء 12/13                      ","3,905.70","98.04%","Class C (Bottom 5%)"
"    25412-B2000M","لي ماء تحت كيا سول 14/18 حجم 1.6             ","3,904.10","98.04%","Class C (Bottom 5%)"
"    86592-1G000C","عظمة صدام امامي كيا ريو  يمين                ","3,903.29","98.05%","Class C (Bottom 5%)"
"    92402-2H050C","اسطب خلفي النترا 2007-2011 يمين احمر امريكي  ","3,902.47","98.05%","Class C (Bottom 5%)"
"    98620-1R010C","دبة مساحات اكسنت 2012/2015 (98620-4L000)     ","3,902.00","98.06%","Class C (Bottom 5%)"
"    55160-3X000K","بوشة دنقل  خلفي النترا11/15 كوري             ","3,900.00","98.06%","Class C (Bottom 5%)"
"    25380-25000K","مروحة تانكي ماء اكسنت 00/05      ","3,900.00","98.07%","Class C (Bottom 5%)"
"    54611-07000C","كرسي مساعد امامي بيكانتو 07                  ","3,895.00","98.07%","Class C (Bottom 5%)"
"    25333-1E000C","ربلة تثبيت تانكي ماء فوق اكسنت 06/1          ","3,894.00","98.08%","Class C (Bottom 5%)"
"21830-07400FALCN","كرسي مكينة يسار كيا مورننج                   ","3,889.33","98.08%","Class C (Bottom 5%)"
"    92202-3X300C","كشافة ضباب النترا 14/15 يمين                 ","3,880.98","98.08%","Class C (Bottom 5%)"
"55361-2E500TRSTY","مساعد خلفي توسان 05/9 يمين TRUSTY            ","3,880.00","98.09%","Class C (Bottom 5%)"
"   000-CR-200-AR","بخاخ كربيتر جاهز JAHEZ                       ","3,880.00","98.09%","Class C (Bottom 5%)"
"83620-2E000C-BLK","يد باب داخلي توسان 05/09 يمين اسود           ","3,877.00","98.10%","Class C (Bottom 5%)"
"    92402-3S000C","اسطب خلفي سوناتا 2012-2014 يمين              ","3,874.00","98.10%","Class C (Bottom 5%)"
"  25212-6PK2511C","بطة دينمة","3,870.00","98.11%","Class C (Bottom 5%)"
"  23060-2G092GMB","براصات متحرك سوناتا مقاس 0.50 كوري           ","3,870.00","98.11%","Class C (Bottom 5%)"
"     45245-3B310","لمدة اسبيت النترا 12/15  اصلي                ","3,864.00","98.12%","Class C (Bottom 5%)"
"    28113-2G000K","فلتر هواء لوتشي                              ","3,854.80","98.12%","Class C (Bottom 5%)"
"    25335-2E001M","ربلة تثبيت تانكي ماء فوق توسان 2007          ","3,851.44","98.12%","Class C (Bottom 5%)"
"0-25*27MI-23TAGA","صبرة عكس سنتافي + توسان + سبورتاج 25*27*60   ","3,850.00","98.13%","Class C (Bottom 5%)"
"  97133-3K000BSF","فلتر مكيف سوناتا 05/10 كوري                  ","3,850.00","98.13%","Class C (Bottom 5%)"
"    25435-22050K","ماصورة مبرد ماء صغير اكسنت 98/05             ","3,844.12","98.14%","Class C (Bottom 5%)"
"    25631-25002C","كوع بيسة ماء سوناتا 07/10ازيراء08/10 لوتشي 4 ","3,840.00","98.14%","Class C (Bottom 5%)"
"   81371-2D000-F"," خبطة  يد باب داخلي امامي النتراء 00/06 يسار ","3,836.80","98.15%","Class C (Bottom 5%)"
"    28210-2S000M","لي هواء فوق الواجهة توسان 2012 موبيس         ","3,829.78","98.15%","Class C (Bottom 5%)"
"    45245-3B200M","لمدة اسبيت سنتافي توسان سوناتا  تماتيك خارجي ","3,827.76","98.16%","Class C (Bottom 5%)"
"    86524-2B700C","غطاء كشافة ضباب سنتافي يمين                  ","3,827.10","98.16%","Class C (Bottom 5%)"
"    56820-3K010K","مشرعة سوناتا يمين 07/11                      ","3,818.47","98.16%","Class C (Bottom 5%)"
"    82660-4A300C","يد باب خارجي باص 99/02 H1                    ","3,810.00","98.17%","Class C (Bottom 5%)"
"  25212-6PK1060K","*                                            ","3,806.10","98.17%","Class C (Bottom 5%)"
"    81161-2T000C","مساعد كور كيا 5 + اوبتيما                    ","3,806.00","98.18%","Class C (Bottom 5%)"
"    94750-21030K","كتة زيت او ساعة زيت هيونداي جميع اصلي        ","3,805.20","98.18%","Class C (Bottom 5%)"
"    54610-2F000K","كرسي مساعد امامي النتراء 95/04 + سيراتو06  ري","3,803.30","98.19%","Class C (Bottom 5%)"
"    21830-2D000K","كرسي مكينة يسار النترا 2005                  ","3,796.20","98.19%","Class C (Bottom 5%)"
"   21411-260110K","باكن بمب زيت اكسنت حجم 1.3                   ","3,795.92","98.19%","Class C (Bottom 5%)"
"    54551-2H000C","بوشة مقص صقير عام                            ","3,795.20","98.20%","Class C (Bottom 5%)"
"    54830-2T000C","مسمار عمود توازن امامي كيا 5 + اوبتيما 2012  ","3,795.20","98.20%","Class C (Bottom 5%)"
"     25631-25001","كوع بيسة ماء سوناتا  2.4                     ","3,795.00","98.21%","Class C (Bottom 5%)"
"    54830-25020K","مسمار عمود توازن امامي اكسنت 00/05 يمين      ","3,792.26","98.21%","Class C (Bottom 5%)"
"  58302-2SA70RED","كنويسات خلفي توسان 1G\3SA70\2SA70 KD9745 احمر","3,786.00","98.22%","Class C (Bottom 5%)"
"    86822-2S000C","بطانة كفر خلفي توسان 12/15 يمين              ","3,783.33","98.22%","Class C (Bottom 5%)"
"    39220-38030K","بلاك حرارة سوناتا + اكسنت + عام وكالة        ","3,781.00","98.23%","Class C (Bottom 5%)"
"0-22*24MZW104A44","رأس عكس  24*22*52 حساس فوق كيا ريو           ","3,780.00","98.23%","Class C (Bottom 5%)"
"0-26*27-MI-22MTE","صبرة عكس سنتافي + سوناتا 02/05  ( 26*27)     ","3,776.90","98.23%","Class C (Bottom 5%)"
"    87722-D3000M","فيبر باب امامي يمين توسان 16/19              ","3,776.62","98.24%","Class C (Bottom 5%)"
"    39210-22620C","حساس شكمان تحت اكسنت  النتراء جتز 1.6   00/06","3,774.93","98.24%","Class C (Bottom 5%)"
"     86515-B2000","غطاء كشافة ضباب مغلق سول 14/16 يسار          ","3,772.57","98.25%","Class C (Bottom 5%)"
"     86516-B2000","غطاء كشافة ضباب مغلق سول 14/16 يمين          ","3,772.57","98.25%","Class C (Bottom 5%)"
"    54651-3SXXXC","مساعد امامي سوناتا 2010  يسار تجاري          ","3,754.30","98.26%","Class C (Bottom 5%)"
"    54661-3SXXXC","مساعد امامي سوناتا 2010 يمين تجاري           ","3,750.00","98.26%","Class C (Bottom 5%)"
"    28113-2K000K","فلتر هواء سول 2011 + اسكنت 2010              ","3,746.00","98.26%","Class C (Bottom 5%)"
"    25622-02501K","قاعدة كوع ماء اتوز + بيكانتو                 ","3,742.60","98.27%","Class C (Bottom 5%)"
"    58411-25201C","هوب خلفي اكسنت 00/05                         ","3,742.21","98.27%","Class C (Bottom 5%)"
"    26740-2G000C","بلف هواء زيت سنتافي 11/15 حجم 2.4            ","3,741.43","98.28%","Class C (Bottom 5%)"
"0-24*27-HY823A44","رأس عكس 27*24*60 حساس فوق                    ","3,740.60","98.28%","Class C (Bottom 5%)"
"    54830-0U000K","مسمار عمود توازن اكسنت 12/15 يسار            ","3,740.00","98.29%","Class C (Bottom 5%)"
"  000-CR-200-ABK","بخاخ كربيتر ABK                              ","3,736.52","98.29%","Class C (Bottom 5%)"
"    58101-4HA10K","كنويسات امامي استاركس H1 2007                ","3,735.00","98.29%","Class C (Bottom 5%)"
"    55530-3K000C","مسمار توازن خلفي سوناتا 07/10                ","3,733.82","98.30%","Class C (Bottom 5%)"
"    51760-38000C","جوزة مقص امامي تحت سوناتا 2003               ","3,733.28","98.30%","Class C (Bottom 5%)"
"    31911-2D000K","فلتر بترول النتراء 00/05                     ","3,730.80","98.31%","Class C (Bottom 5%)"
"58101-2SA30FALCN","كنويسات امامي توسان خليجي+كوري 2S\IM\3S      ","3,720.71","98.31%","Class C (Bottom 5%)"
" 41300-39260SECO","موسم توسان 04/09                             ","3,719.24","98.32%","Class C (Bottom 5%)"
"    54815-2E000C","كليب ربلة عمود توازن توسان ديزل  04/09       ","3,713.55","98.32%","Class C (Bottom 5%)"
"    87711-1G000C","فيبر بنكة امامي ريو يسار الصغير              ","3,712.54","98.32%","Class C (Bottom 5%)"
"    22441-25002C","باكن كور والات سوناتا 07/11                  ","3,710.04","98.33%","Class C (Bottom 5%)"
"    55116-2E000C","بوشة عمود سحب خلفي توسان  04/09 + سبورتاج    ","3,710.00","98.33%","Class C (Bottom 5%)"
"    25311-2B000C","قفشة تانكي ماء فوق ابو غطاء سنتافي 2008      ","3,695.85","98.34%","Class C (Bottom 5%)"
"    86517-B2500M","غطاء سحاب كيا سول 15/18                      ","3,694.56","98.34%","Class C (Bottom 5%)"
"    22441-22012K","باكن كور والات حجم 1.3 + 1.5 اكسنت + جتز     ","3,680.00","98.35%","Class C (Bottom 5%)"
"    87712-1E000K","نيكل بنكة امامي يمين اكسنت 06/10             ","3,672.99","98.35%","Class C (Bottom 5%)"
"    25212-27400M","بطة دينمة توسان ديزل 05/09 + سنتافي 6pk1113  ","3,670.81","98.35%","Class C (Bottom 5%)"
"    55310-2W100K","مساعد خلفي سنتافي  12/15 koria               ","3,668.30","98.36%","Class C (Bottom 5%)"
"    31112-3X000K","فلتر بترول النترا + كيا سول 12/14            ","3,663.14","98.36%","Class C (Bottom 5%)"
"    54630-1G010C","اسبرنج امامي اكسنت + ريو 06/10               ","3,650.60","98.37%","Class C (Bottom 5%)"
" 58101-2TA00GOLD","كنويسات امامي اوبتيما  K5 \ST\3Q   4 بستم 2P","3,650.19","98.37%","Class C (Bottom 5%)"
"    21910-1G000K","كرسي مكينة امامي اكسنت 07/11 المنيوم         ","3,645.00","98.38%","Class C (Bottom 5%)"
"    93580-3K500C","زرار تطليع فريم سوناتا 07/10                 ","3,643.27","98.38%","Class C (Bottom 5%)"
"54651-2E500TRSTY","مساعد امامي يسار ترستي                       ","3,640.00","98.38%","Class C (Bottom 5%)"
"    31090-2B900C","مشن بترول سنتافي 06/11                       ","3,638.53","98.39%","Class C (Bottom 5%)"
"    41421-02000C","فحمة كليتش اتوز                              ","3,635.50","98.39%","Class C (Bottom 5%)"
"    94460-2H000K","عوامة بترول النتراء 06/10                    ","3,633.90","98.40%","Class C (Bottom 5%)"
"    92120-2B010C","زجاج كشافه امامي يمين سنتافي 07/09           ","3,626.74","98.40%","Class C (Bottom 5%)"
"    54610-02010C","كرسي مساعد امامي اتوز 97/04                  ","3,620.40","98.40%","Class C (Bottom 5%)"
"  54661-2W980MGB","مساعد امامي سنتافي 2015( 2W200 = 2W980)      ","3,620.05","98.41%","Class C (Bottom 5%)"
"   23040-26002TP","شنابر جتز 1.4 25 (42032)                     ","3,620.00","98.41%","Class C (Bottom 5%)"
"     21020-22541","براصات ثابت اكسنت 05 STD                     ","3,620.00","98.42%","Class C (Bottom 5%)"
"    94460-17420C","عوامة بترول ماتركس 02/08  توماتيك            ","3,616.15","98.42%","Class C (Bottom 5%)"
"    54830-4A000K","مسمار عمود التوازن امامي دينا + اتش ون +  دين","3,616.00","98.43%","Class C (Bottom 5%)"
"    25287-2A000K","مكرة سير اكسنت النترا ريو  ماتركس ديزل       ","3,611.16","98.43%","Class C (Bottom 5%)"
"41100-22705VALEO","كليتش اكسنت حجم 1.5 بخاخ (27779)             ","3,610.00","98.43%","Class C (Bottom 5%)"
"    43794-25300C","خبطة تعاشيق اكسنت 00/06                      ","3,596.00","98.44%","Class C (Bottom 5%)"
"    00000-6301ZZ","بيرنج دينمة                                  ","3,595.00","98.44%","Class C (Bottom 5%)"
"     21930-2D101","كرسي مكينة خلفي النتراء وكالة                ","3,592.00","98.45%","Class C (Bottom 5%)"
"    22311-25212C","باكن راس سوناتا                              ","3,584.00","98.45%","Class C (Bottom 5%)"
"    46321-23000C","فلتر اسبيت االنتراء مع الباكن 03 كوري استار  ","3,584.00","98.45%","Class C (Bottom 5%)"
"    22211-37200C","والات هواء سوناتا 6 بستون + سنتافي           ","3,581.00","98.46%","Class C (Bottom 5%)"
"    86513-1Y000C","عظمة صدام امامي بيكانتو 11/15                ","3,580.79","98.46%","Class C (Bottom 5%)"
"    92403-2H000C","اسطب شنطة النترا 07/10                       ","3,580.50","98.47%","Class C (Bottom 5%)"
"     21030-2B000","هلال كرين او كرنك اكسنت 2007/2011 اصلي       ","3,580.00","98.47%","Class C (Bottom 5%)"
"    92202-3D000C","اسطب صدام سوناتا 03/06 يمين                  ","3,579.50","98.47%","Class C (Bottom 5%)"
"   81190-2G000-F","خبطة كور كيا لوتشي 2007                      ","3,576.00","98.48%","Class C (Bottom 5%)"
"    56880-45000K","مشرعة دينا                                   ","3,567.56","98.48%","Class C (Bottom 5%)"
"    25287-2A010K","مكرة سير دينمة اكسنت النترا ماتركس           ","3,560.85","98.49%","Class C (Bottom 5%)"
"    81190-1G100K","خبطة كور القصير ريو + برايد 06/10            ","3,548.05","98.49%","Class C (Bottom 5%)"
"  86511-2B500TAI","صدام امامي سنتافي 10/12                      ","3,545.90","98.50%","Class C (Bottom 5%)"
"     82610-2K200","يد باب داخلي كيا سول 09/12 رصاصي             ","3,544.62","98.50%","Class C (Bottom 5%)"
"     82620-2K200","يد باب داخلي كيا سول 09/12 رصاصي             ","3,544.62","98.50%","Class C (Bottom 5%)"
"21020-22541TAH50","براصات ثابت اكسنت 00/09 مقاس 50              ","3,540.70","98.51%","Class C (Bottom 5%)"
"00-L-9006-12V-10","لمبات كشافة 9006 عادي                        ","3,538.75","98.51%","Class C (Bottom 5%)"
"    25212-38001C","بطة دينمة سوناتا + باثفندر 04  4pk 945       ","3,530.50","98.52%","Class C (Bottom 5%)"
"     94750-37100","كتة زيت او ساعة زيت هيونداي جميع اصلي        ","3,530.00","98.52%","Class C (Bottom 5%)"
"     86527-2W000","عظمة صدام امامي يسار سنتافي  13/15           ","3,530.00","98.52%","Class C (Bottom 5%)"
"    82651-1Y010C","يد باب امامي يسار بيكانتو 11/15 كروم         ","3,527.12","98.53%","Class C (Bottom 5%)"
"    82660-2B000C","يد باب خارجي سنتافي 06/11 اسود               ","3,515.00","98.53%","Class C (Bottom 5%)"
"     0000-EFP-38","ربلات تثبيت كور مقاس صغسر                    ","3,512.00","98.54%","Class C (Bottom 5%)"
" 000-SH-19379686","شحم ايسي ديلكو عادي                          ","3,506.46","98.54%","Class C (Bottom 5%)"
"    25480-23001C","لي ماء عراضي سوناتا غاز                      ","3,504.50","98.54%","Class C (Bottom 5%)"
"    82660-4H000K","يد باب خارجي باص اتش 1 2010 يمين             ","3,501.00","98.55%","Class C (Bottom 5%)"
"    54630-2S001C","اسبرنج امامي توسان                           ","3,500.00","98.55%","Class C (Bottom 5%)"
"    22311-3CAC0K","باكن راس يسار حجم 3.8 ازيرا كربون            ","3,499.36","98.56%","Class C (Bottom 5%)"
"    49506-02A00K","ربلة عكس داخلي + خارجي اتوز + ماتيز","3,496.66","98.56%","Class C (Bottom 5%)"
"   0000-EMA-2918","ربلات تثبيت كور مقاس كبير                    ","3,492.00","98.56%","Class C (Bottom 5%)"
"    92401-2S020C","اسطب خلفي توسان 11/15                        ","3,490.10","98.57%","Class C (Bottom 5%)"
"    25124-26002K","باكن بمب ماء اكسنت + جتز ماتركس              ","3,485.28","98.57%","Class C (Bottom 5%)"
"    55513-1F000K","ربلات مشرخ  خلفي توسان                       ","3,475.96","98.58%","Class C (Bottom 5%)"
"    31922-2E900C","فلتر ديزل سنتافي توسان تراجيت 2004 عظمة      ","3,475.23","98.58%","Class C (Bottom 5%)"
"    25333-C1000M","ربلة تثبيت تانكي ماء فوق  يمين سوناتا 2016   ","3,469.96","98.58%","Class C (Bottom 5%)"
"    36170-2B100K","قاعدة فحمات سلف اكسنت + النتراء 07/10 توسان 4","3,469.58","98.59%","Class C (Bottom 5%)"
"     22441-3E011","باكن كور والات يسار 06 سنتافي + لوتشي 2.7 06/","3,466.62","98.59%","Class C (Bottom 5%)"
"    86566-2E000C","شبك كشافة ضباب مثلث توسان 2007 يمين          ","3,461.60","98.60%","Class C (Bottom 5%)"
"    92201-1W000C","كشافة ضباب كيا ريو 11/15                     ","3,460.50","98.60%","Class C (Bottom 5%)"
"    21910-3K800K","كرسي مكينة امامي سوناتا 05/10                ","3,459.00","98.60%","Class C (Bottom 5%)"
"   49509-2HA101K","ربلة عكس خارجي النتراء 06/10                 ","3,441.13","98.61%","Class C (Bottom 5%)"
"36710-27000KGLDN","حماية ديزل توسان  كوري GOLDEN                ","3,440.61","98.61%","Class C (Bottom 5%)"
"     86811-17000","بطان ماتركس وكالة يسار                       ","3,440.00","98.62%","Class C (Bottom 5%)"
"    25286-3C100K","مكرة بطة دينمة سوناتا 2007 + فيراكروز ازيرا 3","3,432.40","98.62%","Class C (Bottom 5%)"
"  82620-2H000C-B","يد باب داخلي يمين النترا اسود 07/11          ","3,432.00","98.62%","Class C (Bottom 5%)"
"    93570-25300C","مجموعة تطليع فريم اكسنت 02/05                ","3,425.00","98.63%","Class C (Bottom 5%)"
"    31113-1C010C","قفشة بمب بترول جتز + اكسنت  02/06            ","3,422.77","98.63%","Class C (Bottom 5%)"
"    49509-1G090K","ربلة عكس خارجي اكسنت 06/10                   ","3,421.26","98.64%","Class C (Bottom 5%)"
"    25100-26901C","بمب ماء اكسنت + ماتركس +جتز حجم 1.6 06/10    ","3,410.30","98.64%","Class C (Bottom 5%)"
"    86180-2S000M","مثلث مراية يسار توسان                        ","3,410.00","98.64%","Class C (Bottom 5%)"
"    39180-23910C","حساس كرين النتراء 2007                       ","3,410.00","98.65%","Class C (Bottom 5%)"
"   0-19*24-DA801","رأس  صبرة عكس 24*19*52                       ","3,408.40","98.65%","Class C (Bottom 5%)"
"   000-WD-ADOB-S","بخاخ ذحل صغير ادوبي ADOB  4D80               ","3,395.60","98.66%","Class C (Bottom 5%)"
"    41610-38120C","علبة كليتش فوق سوناتا + اوبتيما 03/05        ","3,390.00","98.66%","Class C (Bottom 5%)"
"     57790-26A00","اصلاح علبة سكان تحت سنتافي 2003              ","3,389.20","98.66%","Class C (Bottom 5%)"
"    81190-3K100K","خبطة كور سوناتا 2007/2008 قصير               ","3,389.03","98.67%","Class C (Bottom 5%)"
"   81371-26000-F"," خبطة  يد باب داخلي امامي سنتافي 00/06 يسار  ","3,387.80","98.67%","Class C (Bottom 5%)"
"    36139-11140K","جير سلف خارجي اكسنت 01/12                    ","3,387.72","98.67%","Class C (Bottom 5%)"
"    45280-3B811C","غطاء خريطة اسبيت سوناتا 2010 ضعيف            ","3,387.13","98.68%","Class C (Bottom 5%)"
"    36120-2B022K","دقمة سلف اكسنت + النترا حجم 1.6 11/15        ","3,377.77","98.68%","Class C (Bottom 5%)"
"54661-C2500KALSO","مساعد امامي يمين  سوناتا 116/19              ","3,376.45","98.69%","Class C (Bottom 5%)"
"    22311-38400K","باكن راس باص H100  01/05                     ","3,374.41","98.69%","Class C (Bottom 5%)"
"    24410-26000C","ضغاط تيمت اكسنت جتز ماتكس 06/10              ","3,374.04","98.69%","Class C (Bottom 5%)"
"    56315-2K000C","نجمة سكان النترا 11/17                       ","3,373.32","98.70%","Class C (Bottom 5%)"
"    58380-25000C","برمة بريك خلفي اكسنت 2006                    ","3,373.28","98.70%","Class C (Bottom 5%)"
"    28113-08000M","فلتر هواء توسان 05\09                        ","3,372.00","98.71%","Class C (Bottom 5%)"
"  36100-23100MTE","سلف كهرباء النترا 2000/11 كوري م 2000        ","3,368.36","98.71%","Class C (Bottom 5%)"
"     57740-2600C","ربلة دومة سنتافي 01/05                       ","3,360.00","98.71%","Class C (Bottom 5%)"
"     31115-25500","ربلة قفشة بمب البترول اكسنت 2003             ","3,360.00","98.72%","Class C (Bottom 5%)"
"    92420-2S000C","زجاج اسطب خلفي توسان 11/15                   ","3,353.02","98.72%","Class C (Bottom 5%)"
"     86523-3K000","غطاء كشافة ضباب سوناتا 2007 يسار             ","3,350.00","98.72%","Class C (Bottom 5%)"
"  54660-FD101MGB","مساعد امامي كيا ريو 2003 يمين                ","3,341.45","98.73%","Class C (Bottom 5%)"
"    39250-2B000K","حساس طرق اكسنت 11/13                         ","3,341.20","98.73%","Class C (Bottom 5%)"
"    31921-2B900C","سدة فلتر ديزل سنتافي                         ","3,334.52","98.74%","Class C (Bottom 5%)"
"    39210-2E101C","حساس شكمان فوق توسان 15/18                   ","3,329.56","98.74%","Class C (Bottom 5%)"
"   81392-26000-F","خبطة يد باب داخلي امامب سنتافي 00/05 يمي     ","3,326.40","98.74%","Class C (Bottom 5%)"
"    86613-D3000M","عظمة صدام خلفي توسان 17/20                   ","3,323.06","98.75%","Class C (Bottom 5%)"
"  82610-2H000C-B","يد باب داخلي النتراء 07/10 اسود يسار         ","3,321.16","98.75%","Class C (Bottom 5%)"
"    21910-2H000K","كرسي مكينة امامي النترا+توسان                ","3,320.00","98.76%","Class C (Bottom 5%)"
"    54840-3A000K","مسمار عمود التوازن امامي تراجيت              ","3,319.20","98.76%","Class C (Bottom 5%)"
"  000-SH-KMB-380","شحم صغير 380-درجة ازرق                       ","3,318.76","98.76%","Class C (Bottom 5%)"
"    92405-2S000C","اسطب كذاب توسان 12/15                        ","3,318.21","98.77%","Class C (Bottom 5%)"
"    22441-3C710M","باكن كور والات يمين سنتافي 14/16 حجم 3.8     ","3,310.97","98.77%","Class C (Bottom 5%)"
"    24312-02501M","بطة تيمت جتز + اتوز حجم 1.1                  ","3,307.89","98.77%","Class C (Bottom 5%)"
"  58302-3KA52QMP","كنويسات خلفي                                 ","3,304.00","98.78%","Class C (Bottom 5%)"
"     58370-1G000","ميزانية بريك خلفي اكسنت 2007 يمين            ","3,301.58","98.78%","Class C (Bottom 5%)"
"     54551-3X000","بوشة او جلبة مقص الصغير النترا 12/15 اصلي    ","3,300.00","98.79%","Class C (Bottom 5%)"
"    55274-2S000K","بوشة مقص خلفي عراضي يسار توسان 12/15         ","3,295.46","98.79%","Class C (Bottom 5%)"
"    54830-C1000C","مسمار عمود توازن امامي سنتافي 16/18 يسار     ","3,294.40","98.79%","Class C (Bottom 5%)"
"    92410-2S000C","زجاج اسطب خلفي توسان 11/15                   ","3,292.00","98.80%","Class C (Bottom 5%)"
"    28113-4H000K","فلتر هواء 06\11  H1 بيسفتس                   ","3,289.00","98.80%","Class C (Bottom 5%)"
"    24180-27100C","عصفور مكينة توسان ديزل الكبير                ","3,280.20","98.80%","Class C (Bottom 5%)"
"    32790-2D200C","خبطة ليور النتراء 00/05                      ","3,275.00","98.81%","Class C (Bottom 5%)"
"    41421-39275K","فحمة كليتش توسان + لوتشي 2006                ","3,273.60","98.81%","Class C (Bottom 5%)"
"     26740-32804","بلف هواء زيت اكسنت + سوناتا 01/05            ","3,270.66","98.82%","Class C (Bottom 5%)"
"  82620-2B000C-N","يد باب داخلي يمين سنتافي 07/10 نيكل          ","3,268.50","98.82%","Class C (Bottom 5%)"
"     22224-2G000","ربلة والات سوناتا 2007                       ","3,263.69","98.82%","Class C (Bottom 5%)"
"    54555-22102K","بوشة مقص امامي اتوز الكبير 22102 \0200       ","3,256.50","98.83%","Class C (Bottom 5%)"
"     57790-3KA00","اصلاح علبة سكان تحت سوناتا 2007              ","3,248.12","98.83%","Class C (Bottom 5%)"
"    54500-25000C","مقص امامي يسار اكسنت 00/05.                  ","3,244.00","98.83%","Class C (Bottom 5%)"
"000-CL-HUR-DE-5L","غسيل مكينة بديل البترول هاردكس ابو 5 لتر     ","3,243.57","98.84%","Class C (Bottom 5%)"
"54650-1C200KALSO","مساعد امامي جتز يسار                         ","3,240.00","98.85%","Class C (Bottom 5%)"
"54660-1C200KALSO","مساعد امامي جتز يمين                         ","3,240.00","98.85%","Class C (Bottom 5%)"
"     22441-3C110","باكن كور والات يمين سوناتا سنتافي فيراكروز حج","3,226.59","98.85%","Class C (Bottom 5%)"
"     25631-23501","كوع بيسة ماء النترا 2006-2012 وكاله          ","3,224.00","98.85%","Class C (Bottom 5%)"
"   81190-2W000-F","خبطة كور طويل سنتافي 07/11                   ","3,216.00","98.86%","Class C (Bottom 5%)"
"    21321-42021K","لمدة كرين خلفي النتراء 00/09 امريكي حجم 1.8+2","3,215.50","98.86%","Class C (Bottom 5%)"
"   81190-2B100-F","خبطة كور القصير سنتافي 07/11                 ","3,215.00","98.86%","Class C (Bottom 5%)"
"   81190-2S000-F","خبطة كور الطويل توسان 12/15                  ","3,208.00","98.87%","Class C (Bottom 5%)"
"    54830-2W000C","مسمار عمود توازن امامي سنتافي 12/15 يسار     ","3,203.48","98.87%","Class C (Bottom 5%)"
"  54661-2D100MTE","مساعد امامي يمين النتراء 03/06               ","3,200.00","98.88%","Class C (Bottom 5%)"
"    82652-1R000C","بصمة يد خارجي اكسنت 11/15 يسار               ","3,192.54","98.88%","Class C (Bottom 5%)"
"    28113-1C000C","فلتر هواء جتز 02\05  حجم 1.1+1.4+1.6         ","3,191.37","98.88%","Class C (Bottom 5%)"
"    27320-26600C","كويل اكسنت + متركس رقم 1-4                   ","3,190.47","98.89%","Class C (Bottom 5%)"
"    21930-2E300C","كرسي مكينة خلفي خلفي توسان 05/09 حجم 2.0     ","3,187.54","98.89%","Class C (Bottom 5%)"
"000-W-HECL-30P-1","ماء رديتر اخضر هاردكس ابو لتر معدل المقبلي   ","3,180.10","98.89%","Class C (Bottom 5%)"
"    24312-23002K","بطة تيمت النترا 1.8 + ماتركس وكالة 111 سن    ","3,175.12","98.90%","Class C (Bottom 5%)"
"    55540-26600C","مسمار توازن خلفي سنتافي 2000/2005 يمين       ","3,166.16","98.90%","Class C (Bottom 5%)"
"    25350-1G100C","اطار مروحة كيا ريو 2007 ابو مروحتين          ","3,164.60","98.91%","Class C (Bottom 5%)"
"  82620-07000C-B","يد باب داخلي بيكانتو + مورننج 05/10  اسود    ","3,161.20","98.91%","Class C (Bottom 5%)"
"   51750-25000BW","فلنشة هوبس امامي اكسنت + جتز                 ","3,160.00","98.91%","Class C (Bottom 5%)"
"    25412-07500K","لي ماء تحت كيا مورننج 07/10                  ","3,155.47","98.92%","Class C (Bottom 5%)"
"    81190-1R000C","خبطة كور  الطويل اكسنت 11/13                 ","3,150.00","98.92%","Class C (Bottom 5%)"
"    54813-2G001C","ربلة مشرخ امامي كيا لوتشي                    ","3,148.50","98.92%","Class C (Bottom 5%)"
"    58350-25000C","ميزانية بريك خلفي اكسنت 00/05 جنب واحد       ","3,144.40","98.93%","Class C (Bottom 5%)"
"     0000-ACCENT","علامة كتابة اكسنت ACCENT                     ","3,135.00","98.93%","Class C (Bottom 5%)"
"   98820-2B000-F","مساحات فريم خلفي سنتافي 07/10                ","3,133.64","98.93%","Class C (Bottom 5%)"
"    21830-1C700C","كرسي مكينة يسار جتز 2004 AT 1.6              ","3,128.27","98.94%","Class C (Bottom 5%)"
"    41710-24A10C","اصلاح كليتش تحت اكسنت                        ","3,127.50","98.94%","Class C (Bottom 5%)"
"    86553-3X000C","عظمة صدام تحت الكشافة النترا 15/11 يسار      ","3,126.90","98.94%","Class C (Bottom 5%)"
" 58101-3ED02AUTO","كنويسات امامي سورينتو                        ","3,125.00","98.95%","Class C (Bottom 5%)"
"   000-5W20ACDEL","زيت هونداي خفيف موديل جديد                   ","3,125.00","98.95%","Class C (Bottom 5%)"
"    93570-3X010C","مجموعة تطليع فريم النتراء 2012 اسود          ","3,122.00","98.96%","Class C (Bottom 5%)"
"     97707-33300","لمدة كمبروسر عام وكالة                       ","3,120.00","98.96%","Class C (Bottom 5%)"
"    28113-2W100M","فلتر هواء سنتافي 13\15                       ","3,111.96","98.96%","Class C (Bottom 5%)"
"    86810-2B200C","بطانة كفر امامي سنتافي 10/12 يسار            ","3,105.90","98.97%","Class C (Bottom 5%)"
"   54661-2T20MGB","مساعد امامي سوناتا 2011 يمين                 ","3,104.82","98.97%","Class C (Bottom 5%)"
"    55326-2W000C","ربلة مطب خلفي سنتافي 2012                    ","3,104.00","98.97%","Class C (Bottom 5%)"
"    21421-2B000K","لمدة كرين امامي اكسنت 2012 النتراء 1.6       ","3,100.00","98.98%","Class C (Bottom 5%)"
"    36136-25010C"," جير سلف داخلي بلاستيك كيا لوتشي             ","3,081.57","98.98%","Class C (Bottom 5%)"
"    86811-3S500C","بطانة رفرف سوناتا 2012-2015 يسار             ","3,080.00","98.99%","Class C (Bottom 5%)"
"    86812-3S500C","بطانة رفرف سوناتا 2012-2015 يمين             ","3,080.00","98.99%","Class C (Bottom 5%)"
"54661-2W100SUPER","مساعد امامي سنتافي 13/15                     ","3,080.00","98.99%","Class C (Bottom 5%)"
" 97133-2B005DOWN","فلتر مكيف سنتافي 2007                        ","3,076.24","98.99%","Class C (Bottom 5%)"
"    25334-2E000C","ربلة تثبيت تانكي ماء توسان 04/09 بلاستيك اس  ","3,075.10","99.00%","Class C (Bottom 5%)"
"22311-23110C-MTL","باكن راس توسان حديد حجم 2.0                  ","3,070.00","99.00%","Class C (Bottom 5%)"
"    31180-5HA00C","غطاء ديزل تريت مع السويس HD65 + HD72/HD78    ","3,067.10","99.01%","Class C (Bottom 5%)"
"    55330-1R000C","اسبرنج خلفي اكسنت + ريو 11/15                ","3,063.67","99.01%","Class C (Bottom 5%)"
"    92303-1E000C","اسطب بنكة امامي اكسنت 06/10 يسار             ","3,061.09","99.01%","Class C (Bottom 5%)"
"     57530-2D000","لي علبة سكان فوق النتراء 00/06               ","3,059.75","99.02%","Class C (Bottom 5%)"
"    32790-2H100K","خبطة ليور النترا 06/09                       ","3,052.52","99.02%","Class C (Bottom 5%)"
"     83840-2H000","مثلث فريم باب وسط يمين النترا  06/10         ","3,050.20","99.02%","Class C (Bottom 5%)"
"    54584-1C300K","بوشة مقص امامي تحت يمين الكبير جتز 06/10     ","3,048.96","99.03%","Class C (Bottom 5%)"
" 52720-1F000SOFT","بيرنج هوبس خلفي توسان + سنتافي               ","3,047.40","99.03%","Class C (Bottom 5%)"
"    25411-2B100K","لي ماء فوق سنتافي حجم 2.7 07/10              ","3,043.18","99.03%","Class C (Bottom 5%)"
"    42621-39052C","حساس اسبيت خروج  OUTPUT سنتافي 00/06 6 بستم  ","3,040.65","99.04%","Class C (Bottom 5%)"
"0-21*24-KA01SUPR","رأس عكس ريو 02/05  24*21                     ","3,040.00","99.04%","Class C (Bottom 5%)"
"    25311-25000C","قفشة تانكي ماء فوق ابو غطاء اكسنت 00/05 ","3,040.00","99.04%","Class C (Bottom 5%)"
"    28113-2D000C","فلتر هواء النتراء 00/06                      ","3,034.48","99.05%","Class C (Bottom 5%)"
"    55350-26010C","اسبرنج خلفي سنتافي 00/06                     ","3,032.56","99.05%","Class C (Bottom 5%)"
"    31116-EFP-38","ربلة بمب البترول                             ","3,027.00","99.05%","Class C (Bottom 5%)"
"    97133-07010K","فلتر مكيف I10 + بيكانتو ومورننج 10/13        ","3,025.00","99.06%","Class C (Bottom 5%)"
"     25330-2E100","غطاء تانكي  ماء وكالة 1.1 توسان وسوناتا      ","3,022.00","99.06%","Class C (Bottom 5%)"
"    21443-38010C","لمدة كرين خلفي النتراء 8*103*85 (2G=25000)   ","3,020.00","99.06%","Class C (Bottom 5%)"
" 000-W-EC-503-1L","ماء رديتر ابرو صغير                          ","3,019.05","99.07%","Class C (Bottom 5%)"
"    57150-2E000C","دبة علبة سكان فوق توسان 04/09                ","3,016.00","99.07%","Class C (Bottom 5%)"
"    21421-33144C","لمدة كرين امامي سنتافي + سوناتا صغير","3,010.00","99.08%","Class C (Bottom 5%)"
"    21421-33114C","لمدة كرين امامي سنتافي + سوناتا كبير","3,010.00","99.08%","Class C (Bottom 5%)"
"    24355-2G500C","حساس زيت كيا لوتشي                           ","3,008.40","99.08%","Class C (Bottom 5%)"
" 21030-37200AA-C","هلال كرين  سنتافي حجم 2.7  2004  STD         ","3,004.00","99.09%","Class C (Bottom 5%)"
"    97133-2D000C","فلتر  مكيف النتراء 2002                      ","3,004.00","99.09%","Class C (Bottom 5%)"
"    54813-4A001M","ربلة مشرخ  امامي باص H1 + ليبرو  2002  موبيس ","3,002.60","99.09%","Class C (Bottom 5%)"
"     22441-2E700","باكن كور والات النترا 16/18                  ","3,000.00","99.11%","Class C (Bottom 5%)"
"    37310-EFP-38","عظمة بيت بيرنج دينمة عام                     ","3,000.00","99.11%","Class C (Bottom 5%)"
"    92402-17600C","اسطب خلفي يسار ماتركس احمر فوق               ","3,000.00","99.11%","Class C (Bottom 5%)"
"    41421-28000C","فحمة كليتش النتراء  اكسنت 95/05 حجم 1.6      ","3,000.00","99.11%","Class C (Bottom 5%)"
"  55311-2S400NOM","مساعد خلفي توسان دبل ابو حلقة 12/15          ","3,000.00","99.11%","Class C (Bottom 5%)"
"    25288-25000K","مكرة بطة دينمة مخطط توسان 2013 كوري          ","2,997.70","99.11%","Class C (Bottom 5%)"
"    21911-38850K","بوشة كرسي مكينة امامي سوناتا                 ","2,996.50","99.12%","Class C (Bottom 5%)"
"    92410-26500C","زجاج اسطب خلفي سنتافي 02/06                  ","2,996.00","99.12%","Class C (Bottom 5%)"
"    55540-3R000K","مسمار توازن خلفي سنتافي+توسان+سوناتا L+Rسنجل ","2,974.45","99.12%","Class C (Bottom 5%)"
"    21381-2G000M","ابول بمب الزيت                               ","2,967.25","99.13%","Class C (Bottom 5%)"
"    25329-1J100C","قسام ماء اكسنت 2012                          ","2,962.17","99.13%","Class C (Bottom 5%)"
"  54840-4H200CTR","مسمار توازن H1 07-14 يمين                    ","2,960.00","99.13%","Class C (Bottom 5%)"
"    55118-3R000K","بوشة مقص خلفي سوناتا K5                      ","2,958.38","99.14%","Class C (Bottom 5%)"
"    26611-23000C","عيار زيت  النتراء 00/06                      ","2,955.00","99.14%","Class C (Bottom 5%)"
"    55530-26600K","مسمار توازن خلفي سنتافي 2000/2005 يسار       ","2,954.19","99.14%","Class C (Bottom 5%)"
"     24431-26000","تكاية سلسلة تيمت تحت جتز  اكسنت 06/10        ","2,953.76","99.15%","Class C (Bottom 5%)"
"    28113-2S000K","فلتر هواء توسان 11/15                        ","2,952.81","99.15%","Class C (Bottom 5%)"
"31111-0580453435","بمب بترول غطاس ازرق عريض                     ","2,951.16","99.15%","Class C (Bottom 5%)"
"    25415-D1100C","لي ماء تحت توسان 16/19                       ","2,950.00","99.16%","Class C (Bottom 5%)"
"    25212-2GGB0M","بطة دينمة توسان سنتافي سوناتا  3P796 2016 حجم","2,949.40","99.16%","Class C (Bottom 5%)"
"    86517-3X000C","صاجة صدام امامي النترا 12/15 يسار            ","2,943.80","99.16%","Class C (Bottom 5%)"
"0-24*27HY034AJET","صبرة عكس سوناتا توسان لوتشي 09/14 حساس عريض  ","2,940.47","99.17%","Class C (Bottom 5%)"
"    56820-1E900K","مشرعة اكسنت او مشرعة  R 06/10                ","2,940.00","99.17%","Class C (Bottom 5%)"
"    56820-C1090K","مشرعة سوناتا  يمين 14/18                     ","2,929.05","99.17%","Class C (Bottom 5%)"
"    93490-3R110C"," شريط ارباج النتراء  امريكي + سوناتا + سول 10","2,927.83","99.18%","Class C (Bottom 5%)"
"     36182-35510","بوشة سلف هونداي عام                          ","2,918.00","99.18%","Class C (Bottom 5%)"
"    86528-B8000M","عظمة صدام امامي يمين سنتافي جراند يمين       ","2,915.95","99.18%","Class C (Bottom 5%)"
"    55530-C1100K","مسمار توازن خلفي يسار سوناتا 15/20           ","2,915.12","99.19%","Class C (Bottom 5%)"
"  54661-2E500NOM","مساعد امامي توسان + سبورتاج 03/09 (334503)   ","2,911.00","99.19%","Class C (Bottom 5%)"
"   81771-2D210-F","مساعد شنطة النتراء بوكس 03/06                ","2,910.00","99.19%","Class C (Bottom 5%)"
"    82661-2W010C","يد باب خارجي امامي سنتافي 13/16 نيكل يمين    ","2,904.52","99.20%","Class C (Bottom 5%)"
"    24471-25052M","تكاية سلسلة بمب زيت سوناتا سنتافي 2010 كيا لو","2,903.03","99.20%","Class C (Bottom 5%)"
"    86516-2B000C","عظمة صدام امامي سنتافي 07/10 يمين            ","2,900.60","99.20%","Class C (Bottom 5%)"
"    25411-1F350K","لي ماء فوق توسان 05/09                       ","2,892.00","99.21%","Class C (Bottom 5%)"
"    24810-38001K","شداد تيمت سوناتا + اوبتيما حجم 2.4 00/05     ","2,891.84","99.21%","Class C (Bottom 5%)"
"  86511-1R000KSA","صدام امامي اكسنت 2012+2015 صيني              ","2,891.54","99.21%","Class C (Bottom 5%)"
"   51720-2H000KT","بيرنج امامي كوري وارد العبدلي                ","2,880.00","99.22%","Class C (Bottom 5%)"
"        86300-XK","علامة شبك امامي منوع + مقاسات وكالة          ","2,875.00","99.22%","Class C (Bottom 5%)"
"    58732-1E000C","لي سم بريك امامي يمين اكسنت 06/10            ","2,874.54","99.22%","Class C (Bottom 5%)"
"    25631-37100C","كوع بيسة ماء سنتافي 6 بستم 2.7 01/070        ","2,870.00","99.23%","Class C (Bottom 5%)"
"   83650-1C050-F","يد باب خارجي وسط جتز 02/09                   ","2,864.00","99.23%","Class C (Bottom 5%)"
"    94750-21030M","كتة زيت عام الجميع اكسنت + ماتركس            ","2,860.00","99.23%","Class C (Bottom 5%)"
"    82652-2B010C","بصمة يد خارجي يسار سنتافي 06/10              ","2,859.99","99.24%","Class C (Bottom 5%)"
"    93490-2T325C","شريط ايرباج سنتافي + اوبتيما K5  امريكي      ","2,859.76","99.24%","Class C (Bottom 5%)"
"000-10W40XNL-LPI","زيت اكسينول غاز 10W40                        ","2,853.16","99.24%","Class C (Bottom 5%)"
"   81372-26000-F"," خبطة  يد باب داخلي امامي سنتافي 00/06 يمين  ","2,852.40","99.25%","Class C (Bottom 5%)"
"    22441-23762C","باكن كور والات سوناتا غاز                    ","2,850.62","99.25%","Class C (Bottom 5%)"
"  0-26*27-MIW086","رأس عكس النتراء 27*26*60 بدون حساس سنتافي    ","2,845.70","99.25%","Class C (Bottom 5%)"
"    54626-26000C","ربلة مطب فوق الاسبرنج امامي سنتافي 00/05     ","2,844.43","99.26%","Class C (Bottom 5%)"
"   51720-2D100BW","بيرنج هوبس امامي النتراء 01/05               ","2,842.35","99.26%","Class C (Bottom 5%)"
"        00000-35","بيسة حرارة مقاس 35                           ","2,841.80","99.26%","Class C (Bottom 5%)"
"    25611-26100C","كوع بيسة ماء اكسنت 2007                      ","2,831.25","99.27%","Class C (Bottom 5%)"
"    92405-3X210C","اسطب كذاب النترا 2014-2015 يسار              ","2,828.00","99.27%","Class C (Bottom 5%)"
"    000-DOT3-KMB","سم بريك KMB صغير 250 ملي                     ","2,827.50","99.27%","Class C (Bottom 5%)"
"    84159-D3000C","بطانة بنكة داخلي يمين يسار توسان 16/19       ","2,823.87","99.28%","Class C (Bottom 5%)"
"    25281-27050C","شداد دينمة خارجي توسان ديزل 04/09            ","2,823.41","99.28%","Class C (Bottom 5%)"
"    57530-2D000C","لي علبة سكان فوق النتراء 00/06               ","2,820.00","99.28%","Class C (Bottom 5%)"
"    25312-2B100K","قفشة تانكي ماء تحت  سنتافي اتوماتيك 06/08    ","2,819.52","99.29%","Class C (Bottom 5%)"
"    51720-2H000C","بيرنج هوبس او رمان كفر النتر 07/15 تجاري     ","2,818.68","99.29%","Class C (Bottom 5%)"
"    86822-1R000C","بطانة كفر خلفي يمين اكسنت 11/16              ","2,814.00","99.29%","Class C (Bottom 5%)"
"    86811-1C500C","بطانة كفر امامي جتز 02\06 يسار               ","2,807.54","99.30%","Class C (Bottom 5%)"
"    86812-1C500C","بطانة كفر جتز 2002 يمين                      ","2,799.10","99.30%","Class C (Bottom 5%)"
"    54610-2S000K","كرسي مساعد امامي توان 11/15                  ","2,796.00","99.30%","Class C (Bottom 5%)"
"    54830-3A000K","مسمار عمود توازن  تراجيت + تركان 2004 يسار   ","2,790.00","99.31%","Class C (Bottom 5%)"
"    58350-07A00K","كنويسات هاندبريك كيا بيكانتو + مورننج + I 10 ","2,787.40","99.31%","Class C (Bottom 5%)"
"    58732-3K000C","لي سم بريك امامي سوناتا 07/10 يمين           ","2,783.52","99.31%","Class C (Bottom 5%)"
"    55250-2S000K","عمود توازن خلفي توسان  + كيا لوتشي           ","2,783.42","99.32%","Class C (Bottom 5%)"
"    82610-17010C","يد باب  داخلي امامي ماتركس يسار اسود         ","2,782.19","99.32%","Class C (Bottom 5%)"
"    22311-2X200K","باكن راس ريو حجم 1.5 01/05 كربون             ","2,778.40","99.32%","Class C (Bottom 5%)"
"   58330-25000-R","ربلات برمة بريك خلفي اكسنت 2006              ","2,769.70","99.33%","Class C (Bottom 5%)"
"    54551-3A000K","بوشة مقص امامي تحت سنتافي + تراجيت الصغير 00/","2,764.23","99.33%","Class C (Bottom 5%)"
"    82610-3K020C","يد باب داخلي سوناتا 06/10 يسار رمادي         ","2,759.56","99.33%","Class C (Bottom 5%)"
"  54650-C1000JTE","مساعد امامي سوناتا 2017 يسار                 ","2,758.79","99.33%","Class C (Bottom 5%)"
"    28521-33020C","باكن منفول سوناتا                            ","2,752.00","99.34%","Class C (Bottom 5%)"
"    97834-29010K","مكرة سير مكيف حديد اكسنت 00/10 + النتراء 00/0","2,750.00","99.34%","Class C (Bottom 5%)"
"    54530-2F000C","جوزة مقص تحت كيا سيراتو 03/07                ","2,740.00","99.34%","Class C (Bottom 5%)"
"    31911-3K600C"," فلتر بترول سوناتا 07/10                     ","2,739.49","99.35%","Class C (Bottom 5%)"
"    93580-3K000C","زرار فريم مفرد سوناتا 2007                   ","2,736.73","99.35%","Class C (Bottom 5%)"
"    55215-38000K","بوشة مقص خلفي ابو جوزة سوناتا 203            ","2,735.60","99.35%","Class C (Bottom 5%)"
"    82620-17010C","يد باب  داخلي امامي ماتركس يمين اسود         ","2,734.69","99.36%","Class C (Bottom 5%)"
"    25286-3E000C","مكرة بطة دينمة سوناتا + سنتافي حجم 3.5 6 بستم","2,728.00","99.36%","Class C (Bottom 5%)"
"    55513-3S000K","ربلة مشرخ خلفي سوناتا  خلفي 12/15            ","2,726.07","99.36%","Class C (Bottom 5%)"
"    54630-2E100C","اسبرنج امامي توسان                           ","2,722.15","99.37%","Class C (Bottom 5%)"
"    54830-26000K","مسمار توازن امامي سنتافي + توسان 2012 L+R    ","2,719.92","99.37%","Class C (Bottom 5%)"
"     21361-2A200","لمدة كرين امامي اكسنت جتز ريو ديزل           ","2,717.70","99.37%","Class C (Bottom 5%)"
"     25500-22600","بلف حرارة اكسنت + جتز                        ","2,716.01","99.38%","Class C (Bottom 5%)"
"    25329-3X600M","قسام ماء النترا 12/15 اصلي                   ","2,709.10","99.38%","Class C (Bottom 5%)"
"   00000-6302DDU","بيرنج دينمة                                  ","2,705.30","99.38%","Class C (Bottom 5%)"
"    56820-07000K","مشرعة كيا بيكانتو + ريو                      ","2,704.73","99.38%","Class C (Bottom 5%)"
"22311-2E100-METL","باكن راس النترا حديد 11/15 فاصل نحيف         ","2,703.57","99.39%","Class C (Bottom 5%)"
"  21020-2G100KFM","براصات كرين سوناتا 2.4STD   توسان 2011       ","2,700.05","99.39%","Class C (Bottom 5%)"
"     21020-26425","براصات ثابت استاندر حجم 1.6 م اكسنت + ماتركس ","2,700.00","99.39%","Class C (Bottom 5%)"
"   0-21*24-MA-04","صبرة عكس كيا ريو 2004    21*24               ","2,700.00","99.40%","Class C (Bottom 5%)"
"    25457-2E000C","ماصورة مبرد ماء النترا 12/15 امريكي          ","2,695.84","99.40%","Class C (Bottom 5%)"
"  000-WD-C-AB-08","بخاخ ذحل ابرو                                ","2,689.80","99.40%","Class C (Bottom 5%)"
"    57535-2D000M","لي علبة سكان يسار النترا 2000-2005           ","2,688.80","99.41%","Class C (Bottom 5%)"
"    58101-3XA20K","كنويسات امامي النترا 3X\2V\1R\B2             ","2,688.74","99.41%","Class C (Bottom 5%)"
"    21421-2G100K","لمدة كرين امامي لوتشي سوناتا 2007 حجم 2.4 سنت","2,688.11","99.41%","Class C (Bottom 5%)"
"    54501-26000C","مقص امامي سنتافي 2001/2005 يمين تجاري        ","2,686.00","99.42%","Class C (Bottom 5%)"
"   81372-2F000-F"," خبطة  يد باب داخلي امامي توسان 10/13 يمين   ","2,680.00","99.42%","Class C (Bottom 5%)"
"    22443-2B600M","باكن بمب الايكو اكسنت سول 2014               ","2,673.20","99.42%","Class C (Bottom 5%)"
"54584-0K2A13446Y","بوشة مقص امامي يسار تحت شوماء سيفيا كارنز    ","2,667.40","99.43%","Class C (Bottom 5%)"
"   98820-2E000-F","مساحات فريم خلفي توسان 05/09                 ","2,666.90","99.43%","Class C (Bottom 5%)"
"    21830-17000K","كرسي مكينة يسار ماتركس 01/07 جير عادي        ","2,654.00","99.43%","Class C (Bottom 5%)"
"    47350-39010K","لمدة سابع سنتافي 00/05 توسان 05/09           ","2,647.39","99.43%","Class C (Bottom 5%)"
"    51712-3K000C","هوب امامي سوناتا  وصل 06/17 لوتشي اوبتيما سبو","2,640.00","99.44%","Class C (Bottom 5%)"
"    51720-1C000K","بيرنج  هوبس امامي جتز + اكسنت                ","2,640.00","99.44%","Class C (Bottom 5%)"
"    57724-26000K","دومة سنتافي + النترا  00/05 (57716-34000)    ","2,628.53","99.44%","Class C (Bottom 5%)"
"    25414-3S700K","لي ماء فوق سوناتا  11/13 K5 غاز              ","2,625.00","99.45%","Class C (Bottom 5%)"
"    92110-3X000C","زجاج كشافه امامي يسار النتراء 2011           ","2,620.00","99.45%","Class C (Bottom 5%)"
"   25631-26870-F","كوع بيسة ماء اكسنت 06/10 فوق                 ","2,620.00","99.45%","Class C (Bottom 5%)"
"    27310-37130C","كويل مفرد سنتافي + سوناتا + توسان 2.7        ","2,610.00","99.46%","Class C (Bottom 5%)"
"    22311-2B000K","باكن راس النتراء 2007 + اكسنت 2012 كربون حجم ","2,605.50","99.46%","Class C (Bottom 5%)"
"    25412-2H600K","لي ماء تحت النترا 06/10","2,605.00","99.46%","Class C (Bottom 5%)"
"     81190-3X000","خبطة كور االنتراء 11/15 الطويل               ","2,590.00","99.46%","Class C (Bottom 5%)"
"    39230-26600C","بلاك حرارة اكسنت مع الواير                   ","2,587.09","99.47%","Class C (Bottom 5%)"
"    22311-26100C","باكن راس  اكسنت 00/06 كربون                  ","2,584.00","99.47%","Class C (Bottom 5%)"
"    81190-3K001K","خبط كور سوناتا الطويل 06/08                  ","2,574.12","99.47%","Class C (Bottom 5%)"
"    37368-21330K","فحمة دينمة هونداي عام كوري                   ","2,568.49","99.48%","Class C (Bottom 5%)"
"    86361-1E000C","شبك امامي اكسنت 2006/2009                    ","2,563.98","99.48%","Class C (Bottom 5%)"
"    56820-1Y550K","راس ذراع كيا بيكانتو مورننج 12/17 يمين       ","2,560.85","99.48%","Class C (Bottom 5%)"
"    25412-2G100K","لي ماء تحت كيا لوتشي + اوبتيما               ","2,548.20","99.49%","Class C (Bottom 5%)"
"    97133-D3200K","فلتر مكيف توسان 15/18 + سول 2020             ","2,547.45","99.49%","Class C (Bottom 5%)"
"22311-27012FALCN","باكن راس توسان ديزل  05/09 كربون حجم 1.6/2.0 ","2,544.01","99.49%","Class C (Bottom 5%)"
"  92200-3S600LED","رمش كشافة ضباب سوناتا 12/15 LED L+R          ","2,540.00","99.49%","Class C (Bottom 5%)"
"  54661-2D100SKT","مساعد امامي يمين النترا 01/05 كوري           ","2,540.00","99.50%","Class C (Bottom 5%)"
"    82610-1G000C","يد باب داخلي ريو 2007 بيج يسار               ","2,537.17","99.50%","Class C (Bottom 5%)"
"   0000-SANTAFEE","علامة كتابة سنتافي santafee                  ","2,535.80","99.50%","Class C (Bottom 5%)"
"  54661-D3000MGB","مساعد امامي توسان 16/19                      ","2,523.40","99.51%","Class C (Bottom 5%)"
"    00-G-DIRKO-F","شلك باكن دريك                                ","2,520.00","99.51%","Class C (Bottom 5%)"
"    54630-1C011C","اسبرنج امامي جتز  + اكسنت  IC\25             ","2,517.86","99.51%","Class C (Bottom 5%)"
"    58731-2S100C","لي سم بريك امامي توسان 2012 يسار             ","2,516.90","99.51%","Class C (Bottom 5%)"
"    27440-23700K","وائر بلاكات رقم 3 النترا + توسان حجم 1.8+2.0 ","2,514.00","99.52%","Class C (Bottom 5%)"
"    25611-26020C","كوع بيسة ماء اكسنت 06/10 + جتز فوق           ","2,510.00","99.52%","Class C (Bottom 5%)"
"    92201-3K000C","كشاف صدام يسار سوناتا 05/08                  ","2,504.80","99.52%","Class C (Bottom 5%)"
"0-22*27-HY-17NMK","صبرة عكس كيا سول 10/14 + النترا حساس         ","2,502.79","99.53%","Class C (Bottom 5%)"
"     25212-23021","بطة دينمة النتراء 2001/2004 4PK875           ","2,501.00","99.53%","Class C (Bottom 5%)"
"     82665-2H000","عظمة يد باب خارجي يمين امامي النتراء         ","2,500.00","99.54%","Class C (Bottom 5%)"
"    92201-26000C","كشافة ضباب سنتافي 03/05                      ","2,500.00","99.54%","Class C (Bottom 5%)"
"     28113-26350","فلتر هواء سنتافي 3.5                         ","2,500.00","99.54%","Class C (Bottom 5%)"
"    36169-32510C","قاعدة فحمات سلف سوناتا                       ","2,500.00","99.54%","Class C (Bottom 5%)"
"    82660-1C050C","يد باب امامي يمين جتز                        ","2,496.16","99.54%","Class C (Bottom 5%)"
"    21910-2E501K","كرسي مكينة امامي توسان 06/10                 ","2,485.74","99.55%","Class C (Bottom 5%)"
"    54813-3X000C","ربلة مشرخ امامي النتراء 11/15                ","2,485.20","99.55%","Class C (Bottom 5%)"
"    28113-1R100C","فلتر هواء اكسنت 2011 تجاري                   ","2,485.00","99.55%","Class C (Bottom 5%)"
"    54584-0X000K","بوشة مقص i0 + مورننج                         ","2,483.31","99.55%","Class C (Bottom 5%)"
"    25414-C9100C","لي ماء فوق سوناتا + سيراتو 17/19 2.0         ","2,480.00","99.56%","Class C (Bottom 5%)"
"    92410-1C510C","زجاج اسطب خلفي جتز 2006 يسار                 ","2,472.50","99.56%","Class C (Bottom 5%)"
"    21810-2D050K","كرسي مكينة يمين النتراء 00/06 يمين           ","2,468.00","99.56%","Class C (Bottom 5%)"
"    37370-2G700C","كتافت دينمة سنتافي 2012                      ","2,467.94","99.57%","Class C (Bottom 5%)"
" 00-L-H11-PHLIPS","لمبات اتش 11 H11 فليبس                       ","2,464.35","99.57%","Class C (Bottom 5%)"
"    23040-26002K","شنابر جتز 1.4 STD                            ","2,464.00","99.57%","Class C (Bottom 5%)"
"  54651-B8520NMK","مساعد امامي سنتافي جراند 16/19 امريكي        ","2,463.10","99.57%","Class C (Bottom 5%)"
"    31911-38204C"," فلتر بترول سوناتا 00/05                     ","2,460.00","99.58%","Class C (Bottom 5%)"
"    82660-25000C","يد باب خارجي امامي اكسنت 00/05 يمين          ","2,445.66","99.58%","Class C (Bottom 5%)"
"    55320-2D000C","كرسي مساعد خلفي النتراء 01/05                ","2,444.00","99.58%","Class C (Bottom 5%)"
"     000-WD-40-S","بخاخ ذحل بج بوند صيني صغير                   ","2,437.14","99.59%","Class C (Bottom 5%)"
"    54551-1E000C","بوشة مقص امامي 1J\1R\2K\1E\25                ","2,436.00","99.59%","Class C (Bottom 5%)"
"    54610-FD000C","كرسي مساعد امامي يسار ريو 02/05              ","2,424.00","99.59%","Class C (Bottom 5%)"
"    92420-25510C","زجاج اسطب اكسنت 2003                         ","2,423.00","99.59%","Class C (Bottom 5%)"
"    55160-1E000K","بوشة دنقل خلفي اكسنت 06/10 +مورننج 0700      ","2,416.13","99.60%","Class C (Bottom 5%)"
"000-SH-MB-3-BLUE","شحم ازرق وسط  ازرق                           ","2,415.00","99.60%","Class C (Bottom 5%)"
"    97133-C1000K","فلتر مكيف سوناتا + ازيرا 17/19               ","2,410.80","99.60%","Class C (Bottom 5%)"
"    26740-03000C","بلف هواء زيت اكسنت 16/18                     ","2,410.17","99.61%","Class C (Bottom 5%)"
"    49506-2HA31K","ربلة عكس داخلي النتراء 2007                  ","2,406.53","99.61%","Class C (Bottom 5%)"
"    22211-23600K","والات هواء النترا                            ","2,405.00","99.61%","Class C (Bottom 5%)"
"    41660-24A00K","اصلاح كليتش فوق اكسنت كوريا استار            ","2,400.00","99.61%","Class C (Bottom 5%)"
"     57790-2BA00","اصلاح علبة سكان تحت سنتافي 2012              ","2,380.72","99.62%","Class C (Bottom 5%)"
"    25212-23721M","بطة دينمة النترا 07/11 4PK890                ","2,379.91","99.62%","Class C (Bottom 5%)"
"     97762-3X000","لي مكيف حار النترا اصلي                      ","2,375.00","99.62%","Class C (Bottom 5%)"
"    87296-2E000C","غطاء سقف توسان خلفي يمين                     ","2,375.00","99.62%","Class C (Bottom 5%)"
"    82610-2G000C","يد باب داخلي امامي لوتشي 2006 تجاري يسار     ","2,370.17","99.63%","Class C (Bottom 5%)"
"    86180-1R000M","مثلث مراية يسار اكسنت 11/15                  ","2,370.00","99.63%","Class C (Bottom 5%)"
"  82620-3X000C-N","يد باب داخلي النتراء 12/15 نيكل              ","2,369.79","99.63%","Class C (Bottom 5%)"
"    21443-2A200K","لمدة كرين خلفي سوناتا ازيراء توسان حجم 2.7+3.","2,367.16","99.64%","Class C (Bottom 5%)"
"     54813-3X001","ربلة مشرخ امامي اكسنت + النتراء 11/15        ","2,364.10","99.64%","Class C (Bottom 5%)"
"    86831-2E000C","نسافات توسان 2006  بالطقم 2 حبات بدون        ","2,356.75","99.64%","Class C (Bottom 5%)"
"    36159-2E500K","قاعدة فحمات سلف النترا + توسان سوناتا 11/15  ","2,355.96","99.64%","Class C (Bottom 5%)"
"    92420-2E000C","زجاج اسطب                                    ","2,345.00","99.65%","Class C (Bottom 5%)"
"    58144-2B000C","كوانش كنويس امامي سنتافي 06/10               ","2,343.75","99.65%","Class C (Bottom 5%)"
"   18814-2756NGK","بلاكات NGK عام اصفر                          ","2,340.01","99.65%","Class C (Bottom 5%)"
"     HYUNDAI-22T","صليب صبرة عكس داخلي اكسنت                    ","2,336.00","99.65%","Class C (Bottom 5%)"
"    92304-1R000C","غماز بنكة يمين اكسنت 2012                    ","2,334.90","99.66%","Class C (Bottom 5%)"
"     86519-D3500","غطاء سحاب توسان18/21                         ","2,333.76","99.66%","Class C (Bottom 5%)"
"    31115-26000C","ربلة بمب بترول سنتافي ابو حروف               ","2,329.10","99.66%","Class C (Bottom 5%)"
"    92201-2E000C","كشافضباب امامي توسان 05/09 يسار              ","2,326.80","99.66%","Class C (Bottom 5%)"
"    49506-2G500K","ربلة عكس داخلي كيا لوتشي + سول+ توسان        ","2,326.08","99.67%","Class C (Bottom 5%)"
"    22441-2B002K","باكن كور والات النترا 06/07 اكسنت 11/15 حجم 1","2,317.58","99.67%","Class C (Bottom 5%)"
"    21910-25400K","كرسي مكينه امامي ااكسنت 00/05                ","2,313.50","99.67%","Class C (Bottom 5%)"
"    27501-2X140K","وائرات بلاكات كيا ريو 02/05                  ","2,302.85","99.68%","Class C (Bottom 5%)"
"    86190-2E000M","مثلث مراية يمين توسان 2006                   ","2,301.34","99.68%","Class C (Bottom 5%)"
"    83660-4H000K","يد باب خارجي وسط  باص اتش 1 2010 يسار        ","2,300.00","99.68%","Class C (Bottom 5%)"
"    94460-3R000C","عوامة تانكي بترول سوناتا + ازيرا 11/15 امريكي","2,300.00","99.68%","Class C (Bottom 5%)"
"    36139-32510C","جير سلف خارجي اكسنت + جتز                    ","2,300.00","99.69%","Class C (Bottom 5%)"
"    54517-22000C","ربلة جوزة هونداي عام                         ","2,291.41","99.69%","Class C (Bottom 5%)"
"    25630-2G700C","كوع بيسة ماء  سوناتا  + سنتافي               ","2,290.56","99.69%","Class C (Bottom 5%)"
"    86514-C1000C","عظمة صدام امامي سوناتا 2016 يمين             ","2,286.00","99.69%","Class C (Bottom 5%)"
"    82660-2D000C","يد باب                                       ","2,286.00","99.70%","Class C (Bottom 5%)"
"    41610-2D500C","علبة كليش فوق النتر 2005                     ","2,275.00","99.70%","Class C (Bottom 5%)"
"    55513-3K000K","ربلة مشرخ خلفي سوناتا 06/10                  ","2,271.19","99.70%","Class C (Bottom 5%)"
"54661-2D100SUPER","مساعد امامي يمين النترا 01/05 + ماتركس       ","2,264.00","99.70%","Class C (Bottom 5%)"
"    22442-2G700K","باكن بمب  سوناتا اكسنت سنتافي 4 بستم         ","2,254.55","99.71%","Class C (Bottom 5%)"
"    83660-2E000C","يد باب وسط خارجي توسان يمين                  ","2,250.67","99.71%","Class C (Bottom 5%)"
"    25468-2B000C","لي منظم هواء سنتافي 07/10                    ","2,250.00","99.71%","Class C (Bottom 5%)"
"     58253-37000","ميزانية بريك توسان + سنتافي حجم 2.7          ","2,247.30","99.71%","Class C (Bottom 5%)"
"    92405-F2000C","اسطب كذاب النترا 16/20يسار                   ","2,243.12","99.72%","Class C (Bottom 5%)"
"    25411-2D150K","لي ماء فوق النتراء 01/06                 ","2,232.84","99.72%","Class C (Bottom 5%)"
"   52730-3K200BW","فلنشة هوبس خلفي سوناتا 05/10                 ","2,229.08","99.72%","Class C (Bottom 5%)"
"    51750-2D001C","فلنشة هوبس امامي النتراء 00/06 كوريا بلاس    ","2,228.33","99.73%","Class C (Bottom 5%)"
"    54584-1C200C","بوشة مقص تحت جتز 02/06                       ","2,228.00","99.73%","Class C (Bottom 5%)"
" 82620-2E000C-BE","يد باب داخلي توسان 05/09 يمين بيج            ","2,223.70","99.73%","Class C (Bottom 5%)"
"    28411-22020K","باكن ثلاجة اكسنت                             ","2,211.90","99.73%","Class C (Bottom 5%)"
"    22453-3C710K","باكن كور والات  يسار سوناتا 2007 + 3.8       ","2,202.40","99.74%","Class C (Bottom 5%)"
"    25411-1G000C","لي ماء فوق اكسنت 06/10                       ","2,200.00","99.74%","Class C (Bottom 5%)"
"    31112-2E000C","فلتر بترول توسان 04/09                       ","2,191.85","99.74%","Class C (Bottom 5%)"
"    28521-23005K","باكن منفول النتراء حجم 2.4  2004             ","2,188.00","99.74%","Class C (Bottom 5%)"
"    25212-26021C","بطة دينمة اكسنت  4PK845                      ","2,187.65","99.75%","Class C (Bottom 5%)"
"    86528-S1000M","عظمة صدام امامي يمين سنتافي 18/21            ","2,186.80","99.75%","Class C (Bottom 5%)"
"    86527-S1000M","عظمة صدام امامي يسار سنتافي 18/20 يسار       ","2,186.80","99.75%","Class C (Bottom 5%)"
"    82661-3X000C","يد باب خارجي يمين النترا 12/14               ","2,186.47","99.75%","Class C (Bottom 5%)"
"    21832-38180K","بوشة كرسي مكينة يسار سوناتا 2004             ","2,182.00","99.76%","Class C (Bottom 5%)"
"    27501-26D00C","وائرات بلاكات اكسنت+النترا+ماتركس 1.6 م 02/10","2,181.73","99.76%","Class C (Bottom 5%)"
"    54813-2G100K","ربلة مشرخ امامي كيا لوتشي                    ","2,180.00","99.76%","Class C (Bottom 5%)"
"    57740-2S010K","ربلة دومة توسان 12/15                        ","2,178.52","99.76%","Class C (Bottom 5%)"
"82610-07000CBLCK","يد باب داخلي كيا بيكانتو + مورننج اسود 04/08 ","2,177.74","99.77%","Class C (Bottom 5%)"
"   52720-1F000BW","بيرنج هوبس خلفي توسان + سنتافي               ","2,175.80","99.77%","Class C (Bottom 5%)"
"   81391-1E000-F","خبطة يد باب داخلي امامي اكسنت 06/10 يسا      ","2,168.80","99.77%","Class C (Bottom 5%)"
"    29130-1G000C","بطانة تحت المكينة اكسنت 06/11 طقم يمين       ","2,163.23","99.77%","Class C (Bottom 5%)"
"    54551-38010K","بوشة مقص امام صغير سوناتا                    ","2,160.00","99.78%","Class C (Bottom 5%)"
"     81190-3X100","خبطة كور النتراء 11/15 القصير                ","2,154.38","99.78%","Class C (Bottom 5%)"
"    22144-27000M","لمدة تيمت سنتافي + توسان ديزل 2006           ","2,147.79","99.78%","Class C (Bottom 5%)"
"    82660-17000C","يد باب خارجي يمين ماتركس 01/06               ","2,127.97","99.78%","Class C (Bottom 5%)"
"    29215-3E100M","باكن ثلاجة مكينة فوق ازيرا حجم 2.7           ","2,126.60","99.79%","Class C (Bottom 5%)"
"    57790-2EA00K","اصلاح علبة سكان تحت توسان 05/09              ","2,126.08","99.79%","Class C (Bottom 5%)"
"    25311-2H000C","قفشة تانكي ماء فوق النترا 06/10              ","2,123.15","99.79%","Class C (Bottom 5%)"
"    56820-1G900C","مشرعة اكسنت او مشرعةR 06/10                  ","2,111.37","99.79%","Class C (Bottom 5%)"
"    28113-3K000C","فلتر هواء سوناتا 2005/2010  4 بستون          ","2,100.86","99.80%","Class C (Bottom 5%)"
"    43204-38000C","ابرة هون سوناتا 00/05                        ","2,100.00","99.80%","Class C (Bottom 5%)"
"    36130-2B100C","هلال سلف النتراء 07/10                       ","2,100.00","99.80%","Class C (Bottom 5%)"
"   49506-2BA00KG","ربلةعكس سنتافي توسان  داخلي  2010            ","2,094.19","99.80%","Class C (Bottom 5%)"
"   81190-2S100-F","خبطة كور قصير توسان 12/15                    ","2,090.00","99.80%","Class C (Bottom 5%)"
"    22441-37110C","باكن كور والات سنتافي 00/06 4 بستم           ","2,080.00","99.81%","Class C (Bottom 5%)"
"    86300-2W000C","علامة شبك امامي سنتافي 2012                  ","2,072.15","99.81%","Class C (Bottom 5%)"
"    25333-2S200C","ربلة تثبيت تانكي ماء فوق يسار توسان 10/1     ","2,072.00","99.81%","Class C (Bottom 5%)"
"    86614-3S000C","عظمة صدام خلفي سوناتا 2012-2015 يمين         ","2,065.00","99.81%","Class C (Bottom 5%)"
"    57740-2B000M","ربلة دومة سنتافي                      ","2,060.00","99.82%","Class C (Bottom 5%)"
"    21832-3K800K","بوشة كرسي مكينة يسار سوناتا + ازيراء 2007 كور","2,055.00","99.82%","Class C (Bottom 5%)"
"    86812-F2000C","بطانة بنكة النتراء 2016                      ","2,054.55","99.82%","Class C (Bottom 5%)"
"    86811-2G500C","بطانة كفر امامي كيا لوتشي 08\10              ","2,048.40","99.82%","Class C (Bottom 5%)"
"    86812-D3000C","بطانة كفر توسان  يمين 15/19                  ","2,040.68","99.83%","Class C (Bottom 5%)"
"     0000-SONATA","علامة كتابة سوناتا sonata                    ","2,040.00","99.83%","Class C (Bottom 5%)"
"    86518-3X000C","عظمة تحت الكشافة النتراء 2012 يمين           ","2,039.20","99.83%","Class C (Bottom 5%)"
"    54813-0U000C","ربلة مشرخ امامي اكسنت 10/15                  ","2,030.00","99.84%","Class C (Bottom 5%)"
"    93580-25015C","زرار فريم مفرد امامي اكسنت 02/05             ","2,030.00","99.84%","Class C (Bottom 5%)"
"   55215-2E500-F","بوشة عمود سحب ابة ميزانية خلفي توسان 04/09   ","2,030.00","99.84%","Class C (Bottom 5%)"
"    86551-K0000M","عظمة صدام امامي يسار كيا سول 2020            ","2,029.47","99.84%","Class C (Bottom 5%)"
"    28658-3W000M","ربلة علاقي شكمان سوناتا 2008                 ","2,028.88","99.84%","Class C (Bottom 5%)"
"   00-STP-AB-404","استوب ليك مسدد توانك علب ABRO                ","2,025.60","99.84%","Class C (Bottom 5%)"
"  82610-2E000C-N","يد باب داخلي توسان 05/09 يسار نيكل           ","2,020.57","99.85%","Class C (Bottom 5%)"
"    92420-3S000C","زجاج اسطب خلفي سوناتا 11/15                  ","2,016.66","99.85%","Class C (Bottom 5%)"
"    22144-37101K","لمدة تيمت سوناتا + سنتافي حجم 2.7            ","2,008.00","99.85%","Class C (Bottom 5%)"
"   55118-4A501-F","بوشة عمود سحب خلفي باص استاركس 04/07         ","2,008.00","99.86%","Class C (Bottom 5%)"
"    86564-2W000C","اطار كشافة ضبابي سنتافي يمين                 ","2,008.00","99.86%","Class C (Bottom 5%)"
"    52960-3S110C","غطاء طاوة تاير وسط سوناتا 1/15               ","2,002.86","99.86%","Class C (Bottom 5%)"
" 58101-2SA70AUTO","كنويسات امامي توسان 2012                     ","2,000.00","99.86%","Class C (Bottom 5%)"
"  54660-1Y200NMK","مساعد قدام بيكانتو 2012                      ","2,000.00","99.87%","Class C (Bottom 5%)"
"  54650-1Y200NMK","مساعد قدام بيكانتو 2012                      ","2,000.00","99.87%","Class C (Bottom 5%)"
"    25411-25000K","لي ماء فوق اكسنت 99/2004                     ","1,991.50","99.87%","Class C (Bottom 5%)"
"    56820-D3010K","مشرعة  توسان 16/20 يمين                      ","1,987.27","99.87%","Class C (Bottom 5%)"
"    81190-2E100M","خبطة كور توسان القصير                        ","1,985.00","99.87%","Class C (Bottom 5%)"
"  82620-1R000C-N","يد باب داخلي اكسنت 12/15 يمين نيكل           ","1,980.80","99.87%","Class C (Bottom 5%)"
"56820-3K000FALCN","مشرعة سوناتا يسار 07/11                      ","1,976.94","99.88%","Class C (Bottom 5%)"
"93580-4V000C-BYD","زرار فريم مفرد النتراء 2012 اسود بيج         ","1,975.00","99.88%","Class C (Bottom 5%)"
"41710-22650VALIO","علبة كليتش تحت اكسنت                         ","1,973.63","99.88%","Class C (Bottom 5%)"
"     86300-D3000","علامة شبك امامي توسان 2017                   ","1,971.60","99.88%","Class C (Bottom 5%)"
"    86350-2S100C","شبك امامي فوق توسان 12/14 اسود               ","1,970.28","99.89%","Class C (Bottom 5%)"
"    94460-38210M","هوامة بمب بترول سوناتا 2004 امريكي           ","1,961.72","99.89%","Class C (Bottom 5%)"
"    49506-39000K","ربلة عكس داخلي مثلث                          ","1,960.00","99.89%","Class C (Bottom 5%)"
"    54840-26100K","مسمار توازن امامي سنتافي 00/06               ","1,960.00","99.89%","Class C (Bottom 5%)"
"    54501-1C000C","مقص امامي يمين جتز 03/06                     ","1,960.00","99.90%","Class C (Bottom 5%)"
"   81371-1R000-F"," خبطة  يد باب داخلي امامي اكسنت 11/15 يسار   ","1,955.00","99.90%","Class C (Bottom 5%)"
"    86561-3S700C","شبك صدام تحت سوناتا 14\16                    ","1,950.76","99.90%","Class C (Bottom 5%)"
"      0-21*24ODM","صبرة عكس  24*21*52                           ","1,950.00","99.90%","Class C (Bottom 5%)"
"    25281-3C100K","مكرة شداد دينمة ازيراء + سوناتا حجم 3.3      ","1,950.00","99.90%","Class C (Bottom 5%)"
"    54610-2B500C","كرسي مساعد امامي سنتافي 12/10                ","1,949.70","99.91%","Class C (Bottom 5%)"
"    51760-2H000C","جوزة مقص النتراء + لوتشي _ توسان 2006        ","1,949.32","99.91%","Class C (Bottom 5%)"
"    82652-2H020C","بصمة يد باب خارجي النتراء 07/10              ","1,938.78","99.91%","Class C (Bottom 5%)"
"    58302-1RA30K","كنويسات خلفي اكسنت+النترا1R\3X\C1\D3\D7      ","1,935.70","99.91%","Class C (Bottom 5%)"
"    28411-02510M","باكن ثلاجة اتوز +كيا مورننج بيكانتو 07/09 جتز","1,928.60","99.92%","Class C (Bottom 5%)"
"    86613-3S000C","عظمة صدام خلفي سوناتا 2012-2015 يسار         ","1,925.00","99.92%","Class C (Bottom 5%)"
"    00000-6302DD","بيرنج دينمة                                  ","1,917.32","99.92%","Class C (Bottom 5%)"
"    25212-4PK920","4PK920                                       ","1,893.97","99.92%","Class C (Bottom 5%)"
"   86524-3K000-F","غطاء كشافة ضباب سوناتا 2007 يمين             ","1,890.00","99.92%","Class C (Bottom 5%)"
"    87611-1G010K","زجاج مراية ريو 2007 يسار كوري                ","1,879.50","99.93%","Class C (Bottom 5%)"
"    92202-2B000C","اسطب صدام سنتافي 2008 يمين تجاري             ","1,877.75","99.93%","Class C (Bottom 5%)"
"     57736-3K000","لمدة دودوة علبة السكان K5 عام                ","1,872.14","99.93%","Class C (Bottom 5%)"
"     58356-24000","تامين مزانية كنويس خلفي النتر 2005 وكالة L   ","1,872.00","99.93%","Class C (Bottom 5%)"
"    83650-07000C","يد باب خلفي يسار خارجي كيا بيكانتو 2008 اسود ","1,866.30","99.93%","Class C (Bottom 5%)"
"     58161-M2000","مسمار كليبر اكسنت 2003 وكالة انثى            ","1,856.25","99.94%","Class C (Bottom 5%)"
"    52710-2D115C","فلنشة هوبس خلفي النتراء 01/05                ","1,853.70","99.94%","Class C (Bottom 5%)"
"    97133-1E100C","فلتر مكيف اكسنت                              ","1,853.20","99.94%","Class C (Bottom 5%)"
"    82620-4A500C","يد باب داخلي باص استاركس يمين 00/05          ","1,850.00","99.94%","Class C (Bottom 5%)"
"    86613-H6000C","عظمة صدام خلفي يسار اكسنت 18/20              ","1,848.21","99.95%","Class C (Bottom 5%)"
"    86614-H6000C","عظمة صدام خلفي يمين اكسنت 18/20              ","1,848.21","99.95%","Class C (Bottom 5%)"
"    57724-2G000K","دومة كيا لوتشي  06/09                        ","1,839.99","99.95%","Class C (Bottom 5%)"
"    54584-4H000K","بوشة مقص2S\3S\2T\F2\4H                       ","1,836.74","99.95%","Class C (Bottom 5%)"
"  54661-2W000MGB","مساعد امامي سنتافي 2012 يمين                 ","1,811.44","99.95%","Class C (Bottom 5%)"
"  82610-1Y000C-N","يد باب داخلي بيكانتو 1/15 فضي يسار           ","1,803.46","99.96%","Class C (Bottom 5%)"
"   000-5W30DEXEL","زيت تخليقي بالكامل  هاردكس                   ","1,800.38","99.96%","Class C (Bottom 5%)"
"  000-DOT3-SEKEN","سم بريك SEIKEN BF3 علبة عنابي كبير 355ML     ","1,779.15","99.96%","Class C (Bottom 5%)"
"    31090-2H000C","مشن بترول النتراء 07/10                      ","1,776.50","99.96%","Class C (Bottom 5%)"
"    55256-2G000C","بوشة عمود التوازن خلفي النتراء 2007 وكالة    ","1,773.29","99.96%","Class C (Bottom 5%)"
"    31090-17000C","مشن بترول ماتركس 00/05                       ","1,772.42","99.97%","Class C (Bottom 5%)"
"    82652-2H000C","بصمة يد خارجي 05/09 النترا يسار              ","1,756.88","99.97%","Class C (Bottom 5%)"
"    25212-2B720M","بطة دينمة توسان 2017 6PK1257 حجم 1.6         ","1,750.00","99.97%","Class C (Bottom 5%)"
"    28113-1C000K","فلتر هواء جتز حجم 1.1+1.4+1.6                ","1,745.12","99.97%","Class C (Bottom 5%)"
"    57724-3K000C","دومة سوناتا 2006+ ازيراء                     ","1,740.00","99.97%","Class C (Bottom 5%)"
"   55160-1R000-F","بوشة دنقل اكسنت 12/15                        ","1,740.00","99.98%","Class C (Bottom 5%)"
"    86517-C1000M","غطاء سحاب سوناتا 16/18                       ","1,730.23","99.98%","Class C (Bottom 5%)"
"    57740-17000M","ربلة دومة النتراء + ماتركس +جتز              ","1,708.40","99.98%","Class C (Bottom 5%)"
"    41660-25020K","اصلاح كليتش فوق                              ","1,700.00","99.98%","Class C (Bottom 5%)"
"    86562-1G600C","غطاء كشافة ضباب كيا ريو 2010 مفتوح يمين      ","1,700.00","99.98%","Class C (Bottom 5%)"
"    39350-23500C","حساس تيمت  النتراء 02/09 + توسان 05/09 +سول ح","1,696.80","99.99%","Class C (Bottom 5%)"
"    83660-26000C","يد باب خارجي وسط سنتافي  يمين 00/05          ","1,695.00","99.99%","Class C (Bottom 5%)"
"    0000-ELANTRA","علامة كتابة  النترا  ELEANTRA                ","1,688.00","99.99%","Class C (Bottom 5%)"
"    55253-2S100K","بوشة عمود توازن خلفي توسان دبل 11/15         ","1,686.24","99.99%","Class C (Bottom 5%)"
"    55577-26601K","بوشة عمود توازن خلفي سنتافي 00/05            ","1,685.00","99.99%","Class C (Bottom 5%)"
"    51760-1G000C","جوزة مقص اكسنت 06/10                         ","1,683.75","100.00%","Class C (Bottom 5%)"
"    21020-2B022M","براصات ثابت النترا توسان اكسنت 2014          ","1,680.00","100.00%","Class C (Bottom 5%)"
"    82620-2G000C","يد باب داخلي امامي لوتشي 2006 يمين تجاري كيا ","1,680.00","100.00%","Class C (Bottom 5%)"
"    28658-3W000C","ربلة علاقي شكمان سوناتا 2008                 ","1,680.00","100.00%","Class C (Bottom 5%)"
"    81180-2H000C","يد فتح كور  النترا 2007/2011                 ","1,675.00","100.00%","Class C (Bottom 5%)"
"    36139-2X000C","جير سلف كيا ريو 00/05 صغير                   ","1,665.43","100.01%","Class C (Bottom 5%)"
"    97312-2E000C","لي مكيف خروج توسان 04/08                     ","1,644.65","100.01%","Class C (Bottom 5%)"
"    92110-2S010C","زجاج كشافة توسان11/15                        ","1,643.03","100.01%","Class C (Bottom 5%)"
"    55513-2E100K","ربلة مشرخ خلفي توسان 00/09                   ","1,640.00","100.01%","Class C (Bottom 5%)"
"    81780-B2000C","مساعد شنطة كيا سول 14/18                     ","1,618.15","100.01%","Class C (Bottom 5%)"
"    31116-2D000C","ربلة قفشة بمب بترول النتراء 2004 S.K.P.5     ","1,601.72","100.01%","Class C (Bottom 5%)"
"    27301-38020K","كويل سوناتا + سنتافي 00/05 + H1 4 بستم 2.4 بت","1,600.00","100.02%","Class C (Bottom 5%)"
"   81471-1E000-F"," خبطة يد باب داخلي وسط اكسنت 06/10 يسا       ","1,591.00","100.02%","Class C (Bottom 5%)"
"  000-CL-HP-8300","منظف كربيتر + بخاخات بترول سائل كل 2000 كيلو ","1,588.03","100.02%","Class C (Bottom 5%)"
"     81170-F2000","عصاء رفع كور النترا 16/18                    ","1,569.20","100.02%","Class C (Bottom 5%)"
"    54813-17100C","ربلة عمور التوازن ماتركس                     ","1,563.00","100.02%","Class C (Bottom 5%)"
"    86530-2E000C","جسر صدام امامي توسان 05/09                   ","1,562.18","100.03%","Class C (Bottom 5%)"
"    86588-3X000C","غطاء سحاب النترا 11/13                       ","1,550.50","100.03%","Class C (Bottom 5%)"
"  54840-4D000CTR","مسمار توازن كرنفال 07-14 يمين                ","1,540.00","100.03%","Class C (Bottom 5%)"
"    92410-3S000C","زجاج اسطب خلفي سوناتا 11/15                  ","1,536.62","100.03%","Class C (Bottom 5%)"
"    36169-37300K","قاعدة فحمات سلف سوناتا  النتراء حديد 2003    ","1,535.00","100.03%","Class C (Bottom 5%)"
"  82620-07000C-N","يد باب داخلي بيكانتو + مورننج 05/10  نيكل    ","1,531.66","100.03%","Class C (Bottom 5%)"
"  000-ATF-4MV-IV","زيت سكان س10 + زيت اسبيت توماتيك هاردكس SP4  ","1,521.52","100.04%","Class C (Bottom 5%)"
"    54830-2K000C","مسمار عمود توازن كيا  سول 10/13 يسار         ","1,520.00","100.04%","Class C (Bottom 5%)"
"    55530-2S200C","مسمار توازن خلفي سبورتاج +  توسان دبل 10/15  ","1,512.15","100.04%","Class C (Bottom 5%)"
"     86300-X-BIG","علامة شبك منوع هونداي كبير                   ","1,511.71","100.04%","Class C (Bottom 5%)"
"    27302-2S000C","ربلة كويل هونداي + تويوتا  هيلوكس مقلد       ","1,505.00","100.04%","Class C (Bottom 5%)"
"    22311-3CAA0K","باكن راس يسار سوناتا 2007 كربون حجم 3.3      ","1,503.80","100.04%","Class C (Bottom 5%)"
"    54840-2F000C","مسمار عمود توازن امامي كيا سيراتو         ","1,502.54","100.05%","Class C (Bottom 5%)"
"    54830-2F000C","مسمار عمود توازن امامي كيا سيراتو            ","1,502.54","100.05%","Class C (Bottom 5%)"
"    81161-2G000C","مساعد كور كيا لوتشي                          ","1,500.00","100.05%","Class C (Bottom 5%)"
"     55513-3K100","ربلة مشرخ خلفي سوناتا 06/10 وكالة            ","1,500.00","100.05%","Class C (Bottom 5%)"
"   58144-26000-F","كوانش كنويس امامي سنتافي 00/06               ","1,500.00","100.05%","Class C (Bottom 5%)"
" 82620-3K010C-BE","يد باب داخلي سوناتا  بيج06/10 يمين           ","1,492.00","100.06%","Class C (Bottom 5%)"
"     21020-2E000","براصات ثابت النترا 11/15                     ","1,482.78","100.06%","Class C (Bottom 5%)"
"    25333-3X000M","ربلة تثبيت تانكي ماء فوق النتراء 10          ","1,482.00","100.06%","Class C (Bottom 5%)"
"    25414-3S000K","لي ماء فوق سوناتا حجم 2.4 11/13              ","1,472.72","100.06%","Class C (Bottom 5%)"
"       00-G-9-AB","شلك باكن ابرو رمادي                          ","1,472.10","100.06%","Class C (Bottom 5%)"
"     54813-2D102","ربلة مشرخ امامي النتراء موبيس                ","1,471.04","100.06%","Class C (Bottom 5%)"
"    86811-S1000C","بطانة بنكة  سنتافي 2019                      ","1,470.00","100.07%","Class C (Bottom 5%)"
"    21421-2E300K","لمدة كرين امامي النتراء توسان 2010 سول 11/14 ","1,469.00","100.07%","Class C (Bottom 5%)"
"    22441-2B800K","باكن والات كيا سول النتراء حجم 1.6 2B610=2B80","1,467.27","100.07%","Class C (Bottom 5%)"
"    86513-F2000C","عظمة صدام امامي يسار النترا 2015             ","1,466.17","100.07%","Class C (Bottom 5%)"
"    87711-1E000K","نيكل بنكة امامي يسار اكسنت 06/10             ","1,465.78","100.07%","Class C (Bottom 5%)"
"    54840-07000C","مسمار عمود توازن بيكانتو + كيا مورننج        ","1,462.72","100.07%","Class C (Bottom 5%)"
"    82652-1R010C","بصمة يد خارجي اكسنت 11/15 يسار               ","1,451.32","100.08%","Class C (Bottom 5%)"
"         86300-X","علامة شبك امامي منوع + مقاسات ","1,450.00","100.08%","Class C (Bottom 5%)"
"    49506-2BA00K","ربلة صيرة عكس سنتافي 2010                    ","1,444.00","100.08%","Class C (Bottom 5%)"
"    58305-2HA00C","كنويسات هلال النتراء 2006 تجاري              ","1,443.61","100.08%","Class C (Bottom 5%)"
"    25611-26890C","كوع بيسة ماء اكسنت 07/1  1.4 + ريوم 06/11    ","1,440.00","100.08%","Class C (Bottom 5%)"
"    86553-F2000C","عضمه الكشافه النتر 2017                      ","1,438.54","100.09%","Class C (Bottom 5%)"
"    86554-F2000C","عضمه تحت الكشافه النتر 2018                  ","1,438.54","100.09%","Class C (Bottom 5%)"
"    93570-2B100C","مجموعة تطليع فريم  سنتافي 12/10              ","1,432.00","100.09%","Class C (Bottom 5%)"
"    31090-26500C","مشن بترول سنتافي 02/06                       ","1,432.00","100.09%","Class C (Bottom 5%)"
"    98811-2W000C","عمود مساحات فريم خلفي سنتافي 12/15           ","1,427.46","100.09%","Class C (Bottom 5%)"
"    51750-3K100C","فلنشة هوبس امامي سوناتا 07/11                ","1,417.01","100.09%","Class C (Bottom 5%)"
"    92420-2B500C","زجاج اسطب خلفي سنتافي 10/12                  ","1,414.76","100.09%","Class C (Bottom 5%)"
"    28113-C1100K","فلتر هواء سوناتا 17/19                       ","1,406.55","100.10%","Class C (Bottom 5%)"
"   98610-4V0000C","دبة مساحات التنرا 11/15                      ","1,400.00","100.10%","Class C (Bottom 5%)"
"    82610-1R000C","يد باب داخلي اكسنت 12/15 يسار                ","1,392.00","100.10%","Class C (Bottom 5%)"
"    25330-2E100K","غطاء تانكي  ماء وكالة 1.1 توسان وسوناتا      ","1,391.50","100.10%","Class C (Bottom 5%)"
"   81371-2F000-F"," خبطة  يد باب داخلي امامي سيراتو 06/10  يسار ","1,367.04","100.10%","Class C (Bottom 5%)"
"  82620-3K000C-B","يد باب داخلي سوناتا اسود 06/10               ","1,364.00","100.10%","Class C (Bottom 5%)"
"    86515-2B000C","عظمة صدام امامي سنتافي 07/10 يسار            ","1,361.20","100.10%","Class C (Bottom 5%)"
"    83650-17000C","يد باب خلفي  خارجي يسار ماتركس 01/06         ","1,360.61","100.11%","Class C (Bottom 5%)"
"    54626-3S000C","ربلة مطب فوق الاسبرنج امامي سوناتا 00/05     ","1,357.47","100.11%","Class C (Bottom 5%)"
"    24610-22600K","صبابات زيت اكسنت جتز ماتركس                  ","1,345.22","100.11%","Class C (Bottom 5%)"
"    58380-25000K","برمة بريك خلفي اكسنت                         ","1,343.50","100.11%","Class C (Bottom 5%)"
"    54661-2T020K","مساعد امامي يمين كيا اوبتيما K5 2011         ","1,341.35","100.11%","Class C (Bottom 5%)"
"    54651-2T020K","مساعد امامي يسار  كيا اوبتيما K5 2011        ","1,341.35","100.11%","Class C (Bottom 5%)"
"    28113-B2000C","فلتر هواء كيا سول 2014                       ","1,338.14","100.12%","Class C (Bottom 5%)"
"   37370-0K2A-18","كتف دينمة كيا ريو شوماء سيفيا كارنز          ","1,329.75","100.12%","Class C (Bottom 5%)"
"    27450-23700K","وائر بلاكات رقم 4 النترا + توسان حجم 1.8+2.0 ","1,327.80","100.12%","Class C (Bottom 5%)"
"  83620-3K010TAI","يد باب داخلي خلفي يمين سوناتا 07/09 اسود     ","1,327.20","100.12%","Class C (Bottom 5%)"
"  83610-3K010TAI","يد باب داخلي خلفي يسار سوناتا 07/09 اسود     ","1,327.20","100.12%","Class C (Bottom 5%)"
"23040-23300TP-SD","رنجات توسان حجم 1.8 STD 42033                ","1,320.00","100.12%","Class C (Bottom 5%)"
"    54813-25000C","ربلة مشرخ امامي اكسنت 00/05                  ","1,310.00","100.12%","Class C (Bottom 5%)"
"    49509-17A20K","ربلة عكس خارجي  ماتركس                       ","1,294.41","100.13%","Class C (Bottom 5%)"
"      0000-GN150","ربلات تكتيم ابواب                            ","1,274.00","100.13%","Class C (Bottom 5%)"
"    56820-3X000K","مشرعة النترا 12-15 يسار                      ","1,268.00","100.13%","Class C (Bottom 5%)"
"    83650-02000C","يد باب خارجي يسار وسط اتوز                   ","1,261.60","100.13%","Class C (Bottom 5%)"
"    82651-2S000C","يد باب خارجي توسان 12/15 يسار                ","1,232.85","100.13%","Class C (Bottom 5%)"
"    27301-23400C","كويل سوناتا 04/09 + توسان                    ","1,228.16","100.13%","Class C (Bottom 5%)"
"    83650-3D000C","يد باب خارجي وسط سوناتا يسار اسود 00/05      ","1,214.20","100.13%","Class C (Bottom 5%)"
"        00000-14","شد وصل منوع مقاسات متعددة بالحبة             ","1,212.50","100.14%","Class C (Bottom 5%)"
"     00-L-93-12V","لمبات خط 12 فولت                             ","1,199.34","100.14%","Class C (Bottom 5%)"
" 82620-07000C-BG","يد باب داخلي بيكانتو + مورننج 05/10  بيج     ","1,195.08","100.14%","Class C (Bottom 5%)"
"   000-20W50ACDE","20W50                                        ","1,184.37","100.14%","Class C (Bottom 5%)"
"    25440-3S000M","غطاء دبة ماء راجع سنتافي + سوناتا + K5       ","1,183.40","100.14%","Class C (Bottom 5%)"
"    36159-25011C","قاعدة فحمات سلف سوناتا 07/10 4 بستم حديد     ","1,181.25","100.14%","Class C (Bottom 5%)"
"83610-1G000C-BEG","يد باب داخلي خلفي كيا ريو 2007 بيج           ","1,172.50","100.14%","Class C (Bottom 5%)"
"    39230-26700C","بلاك حرارة اكسنت 3 PIN                       ","1,171.23","100.15%","Class C (Bottom 5%)"
"    82650-07000C","يد باب داخلي يمين بيكانتو اسود               ","1,156.56","100.15%","Class C (Bottom 5%)"
"    92410-25510C","زجاج اسطب اكسنت 2003                         ","1,150.00","100.15%","Class C (Bottom 5%)"
"    86350-2D220C","شبك امامي النتر  03/05 اسود                  ","1,137.30","100.15%","Class C (Bottom 5%)"
"    27301-04000C","كويل مفرد كيا بيكانتو مورننج جراند 10  م 11/1","1,118.12","100.15%","Class C (Bottom 5%)"
"    82651-2B010C","يد باب امامي يمين مع البصمة  سنتافي 07/10    ","1,113.48","100.15%","Class C (Bottom 5%)"
" 54651-2D100MNDO","مساعد امامي النترا 01/05 + ماتركس  كوري ماندو","1,109.30","100.15%","Class C (Bottom 5%)"
"    54612-3W000K","بيرنج كرسي مساعد امامي 09/12 سورينتو 9 توسان ","1,108.08","100.15%","Class C (Bottom 5%)"
"58302-3XA30FUJTA","كنويس خلفي النترا +اكسنت/k0/1R\3X\D3\C1\D7   ","1,092.22","100.16%","Class C (Bottom 5%)"
"    83660-1E050C","يد باب خارجي يمين اكسنت 06/11                ","1,080.97","100.16%","Class C (Bottom 5%)"
"    54584-38000K","بوشة مقص تحت سوناتا 00/05                    ","1,080.00","100.16%","Class C (Bottom 5%)"
"    54612-2P000C","بيرنج كرسي مساعد امامي سنتافي 09/12 سورينتو 9","1,080.00","100.16%","Class C (Bottom 5%)"
"    82660-02000C","يد باب خارجي يمين  امامي                     ","1,078.40","100.16%","Class C (Bottom 5%)"
"    56820-2G900C","راس ذراع كيا لوتشي 07/10  يمين               ","1,071.78","100.16%","Class C (Bottom 5%)"
"     31090-38200","مشن بترول سوناتا وكالة                       ","1,070.00","100.16%","Class C (Bottom 5%)"
"    28313-2G000K","باكن ثلاجة امامي سنتافي 2011                 ","1,066.37","100.16%","Class C (Bottom 5%)"
"    92406-1R000C","اسطب كذاب اكسنت 2012-2016 يمين               ","1,044.67","100.17%","Class C (Bottom 5%)"
"  82620-2E000C-N","يد باب داخلي توسان 05/09 يمين نيكل           ","1,033.27","100.17%","Class C (Bottom 5%)"
"    54610-2E200C","كرسي مساعد توسان 2E\26 04/09                 ","1,023.28","100.17%","Class C (Bottom 5%)"
"    25336-C5000M","ربلة تثبيت تانكي ماء تحت توسان 2017          ","1,020.08","100.17%","Class C (Bottom 5%)"
"    22441-03050K","باكن كور والات اكسنت + ريو + I10  حجم 1.4 12/","1,020.00","100.17%","Class C (Bottom 5%)"
"    25600-2E000C","قاعدة كوع ماء النتراء 12/15                  ","1,016.00","100.17%","Class C (Bottom 5%)"
"    82652-2B000C","بصمة يد خارجي سنتافي 07/10                   ","1,013.07","100.17%","Class C (Bottom 5%)"
"     24410-2E000","ضغاط تيمت النترا 12/15 وكالة                 ","1,005.00","100.17%","Class C (Bottom 5%)"
"  82610-2D000C-N","يد باب داخلي النتراء 00/06 يسار نيكل         ","1,004.00","100.18%","Class C (Bottom 5%)"
"    58302-3KA60K","كنويسات خلفي توسان IF\3K\2H\2E\3L\2G\        ","1,001.64","100.18%","Class C (Bottom 5%)"
"    81771-2E020C","مساعد شنطة توسان 2005 تجاري                  ","1,000.00","100.18%","Class C (Bottom 5%)"
"54651-2T450SELTI","مساعد امامي سوناتا                           ","1,000.00","100.18%","Class C (Bottom 5%)"
"54661-2T450SELTI","مساعد امامي سوناتا                           ","1,000.00","100.18%","Class C (Bottom 5%)"
"  92101-2S550TAI","كشافة امامي توسان 14\15 عدسة ابيض","990.00","100.18%","Class C (Bottom 5%)"
"    26300-35503C","فلتر زيت هيونداي عام                         ","978.26","100.18%","Class C (Bottom 5%)"
"    36130-2E500C","هلال سلف توسان 04/09 + النتراء               ","975.00","100.18%","Class C (Bottom 5%)"
"    81174-21010C","كانشة عصاء كور عام                           ","974.34","100.18%","Class C (Bottom 5%)"
"56820-3K010FALCN","مشرعة سوناتا يمين 07/11                      ","971.18","100.19%","Class C (Bottom 5%)"
"   81190-2E100-F","خبطة كور قصير توسان 04/09                    ","970.00","100.19%","Class C (Bottom 5%)"
"    21930-25400C","كرسي مكينة خلفي اكسنت 00/05                  ","969.20","100.19%","Class C (Bottom 5%)"
"     25336-2E001","ربلة تثبيت تانكي ماء تحت توسان               ","966.72","100.19%","Class C (Bottom 5%)"
"    55234-80800R","طقم كوانش كنويس                              ","962.50","100.19%","Class C (Bottom 5%)"
"    58144-2H000C","كوانش كنويسات امامي النتراء 06/10            ","960.00","100.19%","Class C (Bottom 5%)"
"   81472-2D000-F"," خبطة  يد باب داخلي وسط النتراء 00/06 يمين   ","959.96","100.19%","Class C (Bottom 5%)"
"   81392-2D000-F","خبطة يد باب داخلي امامب النتراء 00/05 يم     ","959.96","100.19%","Class C (Bottom 5%)"
"    86517-3S500C","غطاء سحاب سوناتا 13/16                       ","955.01","100.19%","Class C (Bottom 5%)"
"    83650-26000C","يد باب خارجي وسط سنتافي  يسار 00/05          ","955.00","100.20%","Class C (Bottom 5%)"
"  82620-2D000C-B","يد باب داخلي النتراء 00/06 اسود يمين + خلفي  ","953.50","100.20%","Class C (Bottom 5%)"
"    41421-39000K","فحمة كليتش سوناتا+ سنتافي 2004               ","948.48","100.20%","Class C (Bottom 5%)"
"  82610-2F000C-B","يد باب داخلي سيراتو اسود كيا                 ","935.00","100.20%","Class C (Bottom 5%)"
"    22311-22360K","باكن راس اكسنت حجم 1.3 كربون                 ","935.00","100.20%","Class C (Bottom 5%)"
"    82620-1C050C","يد باب داخلي جتز 02/090 يمين اسود            ","917.50","100.20%","Class C (Bottom 5%)"
"    86565-2E000C","شبك كشافة ضباب مثلث توسان 05\09 يسار         ","914.80","100.20%","Class C (Bottom 5%)"
"  23040-25250BSF","شنابر رنجات او شنبر مكينة سوناتا+اوبتماء 12/1","910.00","100.20%","Class C (Bottom 5%)"
"    92110-D3000C","زجاج كشافه امامي توسان 17/19                 ","900.22","100.21%","Class C (Bottom 5%)"
"    92120-D3000C","زجاج كشافه امامي توسان 17/19                 ","900.22","100.21%","Class C (Bottom 5%)"
"    54530-D3000M","جوزة امامي يسار توسان سبورتاج 15/20 سوناتا 17","897.00","100.21%","Class C (Bottom 5%)"
" 00-L-H1-12V-55W","لمبات كشافة بدون سلك 12 فولت                 ","897.00","100.21%","Class C (Bottom 5%)"
"    58370-28000M","ميزانية بريك خلفي النتراء اكسنت ماتركس يمين  ","886.72","100.21%","Class C (Bottom 5%)"
"   82660-07020-F","يد باب داخلي يمين دينة 3000 نيكل             ","883.70","100.21%","Class C (Bottom 5%)"
"    93490-2P170C","شريط ارباج سنتافي 10/11                      ","876.00","100.21%","Class C (Bottom 5%)"
"    21810-3K850K","كرسي مكينة يمين سوناتا 07/10 يمين 6 بستم امري","873.37","100.21%","Class C (Bottom 5%)"
"   00-L-881-BLUE","لمبات 881 ازرق السامي                        ","873.15","100.21%","Class C (Bottom 5%)"
"    86523-2B700C","غطاء كشافة ضباب سنتافي يسار                  ","857.20","100.21%","Class C (Bottom 5%)"
"    54500-1C000C","مقص امامي يسار جتز 02/09                     ","848.18","100.21%","Class C (Bottom 5%)"
"     81190-1R010","خبطة كور القصير اكسنت 12/16                  ","840.00","100.22%","Class C (Bottom 5%)"
"    82610-1C000C","يد باب داخلي  يسار جتز 2004                  ","835.34","100.22%","Class C (Bottom 5%)"
"   000-W-TOP-RED","ماء رديتر احمر توب TOP                       ","833.38","100.22%","Class C (Bottom 5%)"
"     54530-C1100","جوزة مقص سوناتا 16/18 اصلي                   ","830.00","100.22%","Class C (Bottom 5%)"
" 82610-2E000C-BE","يد باب داخلي توسان 05/09 يسار بيج            ","824.00","100.22%","Class C (Bottom 5%)"
"56900-2S000C-BRN","غطاء سكان توسان 11/15 بني                    ","814.45","100.22%","Class C (Bottom 5%)"
"    54813-2E100C","ربلة مشرخ امامي توسان 04/09                  ","810.00","100.22%","Class C (Bottom 5%)"
"    82652-3K000C","بصمة يد باب خارجي  سوناتا  07/10             ","800.07","100.22%","Class C (Bottom 5%)"
"    25212-2E300C","بطة دينمة مخطط 6pk1780                       ","796.00","100.22%","Class C (Bottom 5%)"
"    31090-2P000C","مشن بترول سنتافي  11/14                      ","775.72","100.22%","Class C (Bottom 5%)"
"    28113-3K010K","فلتر هواء سوناتا 2005/2010 بيسفتس            ","764.97","100.22%","Class C (Bottom 5%)"
"    82650-26000C","يد باب خارجي امامي يسار سنتافي 2003          ","761.78","100.23%","Class C (Bottom 5%)"
"    29240-23650C","غطاء فوق المكينة زينة النتراء 2004 امريكي    ","759.20","100.23%","Class C (Bottom 5%)"
"    39210-2G200C","حساس شكمان تحت سوناتا  سنتافي حجم 2.4 2010   ","748.00","100.23%","Class C (Bottom 5%)"
"    58161-HY0656","مسمار كليبر ذكر + انثى  بدون ربلة            ","729.21","100.23%","Class C (Bottom 5%)"
"22311-2E000K-MTL","باكن راس النترا حديد 11/15                   ","721.46","100.23%","Class C (Bottom 5%)"
"    54610-3R000C","كرسي مساعد امامي سوناتا 12\15                ","721.00","100.23%","Class C (Bottom 5%)"
"    92303-26000C","غماز صدام امامي L + R ركن سنتافي + توسان     ","718.71","100.23%","Class C (Bottom 5%)"
"  86512-2S000TAI","صدام امامي تحت توسان 12/15                   ","717.84","100.23%","Class C (Bottom 5%)"
"    83650-1E050C","يد باب خلفي يسار اكسنت 06/11                 ","695.91","100.23%","Class C (Bottom 5%)"
"     55130-B1000","بوشة نكل خلفي سنتافي 19/21                   ","689.88","100.23%","Class C (Bottom 5%)"
"    22441-3C710K","باكن كور والات يمين سنتافي 14/16 حجم 3.8     ","682.42","100.23%","Class C (Bottom 5%)"
"    56820-3X090K","مشرعة النترا 12-15 يمين                      ","680.00","100.23%","Class C (Bottom 5%)"
"    25333-2S000C","ربلة تثبيت تانكي ماء فوق توسان 10/1          ","655.80","100.24%","Class C (Bottom 5%)"
"    56820-2G000K","راس ذراع كيا لوتشي 07/10                     ","640.84","100.24%","Class C (Bottom 5%)"
"    82662-2E000C","بصمة يد خارجي توسان 05/09 يمين               ","635.45","100.24%","Class C (Bottom 5%)"
"    87292-2E000C","غطاء سقف توسان امامي يمين                    ","635.00","100.24%","Class C (Bottom 5%)"
"    55540-C1100K","مسمار توازن خلفي يمين سوناتا 15/20           ","609.46","100.24%","Class C (Bottom 5%)"
" 000-CL-19369572","منظف بخاخات ايسي ديلكو ACDELCO               ","601.10","100.24%","Class C (Bottom 5%)"
"    28762-3B000M","ربلة شكمان الكبير                            ","595.00","100.24%","Class C (Bottom 5%)"
"  55310-1E200NOM","مساعد خلفي اكسنت 06/10 نوامي                 ","590.00","100.24%","Class C (Bottom 5%)"
"         00-P-P6","تراب بيرنج انجليزي                           ","589.76","100.24%","Class C (Bottom 5%)"
"    82650-3D000C","يد باب خارجي امامي سوناتا 2002 يسار          ","580.00","100.24%","Class C (Bottom 5%)"
"    58356-24000M","تامين مزانية كنويس خلفي النتر 2005 وكالة L   ","548.15","100.24%","Class C (Bottom 5%)"
"    83610-1E000C","يد باب داخلي وسط  يسار اكسنت 2007            ","541.96","100.24%","Class C (Bottom 5%)"
"    55215-2S200C","بوشة مقص خلفي تحت توسان 12/15                ","532.00","100.24%","Class C (Bottom 5%)"
"    51720-2D000C","بيرنج هوبس امامي النتراء 00/05               ","532.00","100.24%","Class C (Bottom 5%)"
"  82610-26000C-N","يد باب داخلي  امامي سنتافي نيكل 2002 يسار    ","520.00","100.24%","Class C (Bottom 5%)"
"    58144-1G000C","كوانش كنويس امامي اكسنت 2007                 ","517.50","100.25%","Class C (Bottom 5%)"
"000-DOT-LOOKHEAD","سم البريك صغير 250 لوك هد اصفر               ","515.00","100.25%","Class C (Bottom 5%)"
"22311-23710C-MTL","باكن راس توسان  حجم 2.0 حديد                 ","510.00","100.25%","Class C (Bottom 5%)"
"  54830-4H200CTR","مسمار توازن H1 07-15 يسار (0U+4L+1R+D3 )     ","500.00","100.25%","Class C (Bottom 5%)"
"    31090-26000C","مشن بترول سنتافي 02/06                       ","500.00","100.25%","Class C (Bottom 5%)"
"    97762-3X100A","لي مكيف حار النترا 2012-2014 وكالة           ","500.00","100.25%","Class C (Bottom 5%)"
"    98630-ZZ000K","بزاغ ماء توسان                               ","494.90","100.25%","Class C (Bottom 5%)"
"   86300-X-SMALL","علامة شبك منوع هونداي صغير                   ","489.42","100.25%","Class C (Bottom 5%)"
"    86811-B2000C","بطانة كفر امامي كيا سول يسار 12/15           ","475.60","100.25%","Class C (Bottom 5%)"
"    52960-26400C","غطاء طاوة تاير زينة سنتافي 00/05             ","471.70","100.25%","Class C (Bottom 5%)"
"   81391-2D000-F","خبطة يد باب داخلي امامب النتراء 00/05 يس     ","459.96","100.25%","Class C (Bottom 5%)"
"    92202-1G200C","كشافة ضباب برايد 05\07","448.00","100.25%","Class C (Bottom 5%)"
"    57231-29100C","سير سكان اكسنت+النترا+ماتركس مدرج 00\10      ","433.74","100.25%","Class C (Bottom 5%)"
"    39350-25010C","حساس تيمت CAMSHAFT كيا لوتشي                 ","420.00","100.25%","Class C (Bottom 5%)"
"  58302-2BA10AMK","كنويسات خلفي سنتافي 06/08 ( 9739 )           ","415.00","100.25%","Class C (Bottom 5%)"
"    55543-3K000K","بوشة مقص خلفي ابو عيون سوناتا  + ازيراء 03/08","404.00","100.25%","Class C (Bottom 5%)"
"54661-3S000TRSTY","مساعد امامي سوناتا  10/14 ترستي              ","400.00","100.25%","Class C (Bottom 5%)"
"  25212-6PK1257C","6PK1257","370.00","100.25%","Class C (Bottom 5%)"
"    28314-2G000K","باكن ثلاجة خلفي سنتافي 2011+توسانم           ","358.30","100.25%","Class C (Bottom 5%)"
"    36145-2E120C","جير سلف خارجي توسان 04/09 + النتراء 11/15011 ","355.00","100.25%","Class C (Bottom 5%)"
"    54610-A5000K","كرسي مساعد امامي النترا 12/14 كوري           ","345.08","100.26%","Class C (Bottom 5%)"
"  37300-23650MAL","دينمة تعبئة النترا 2007-2011 ثلاثة فيش كوري  ","343.92","100.26%","Class C (Bottom 5%)"
"  000-SH-KMB-180","شحم صغير  180 اصفر                           ","337.32","100.26%","Class C (Bottom 5%)"
"    54630-02000C","اسبرنج امامي اتوز 2004                       ","334.08","100.26%","Class C (Bottom 5%)"
"    23040-2C250M","شنابر توسان + سنتافي حجم 2.4 (2G200)         ","318.31","100.26%","Class C (Bottom 5%)"
"             002","مرايات كامري مع الهرم                        ","300.00","100.26%","Class C (Bottom 5%)"
"    23111-2G230M","كرين كامل سنتافي 2010 وكالة                  ","289.88","100.26%","Class C (Bottom 5%)"
"        00-G-50G","لحام صلصال عجينة 50G                         ","287.50","100.26%","Class C (Bottom 5%)"
"  21910-3S050QPA","كرسي مكينة امامي سوناتا 11/15                ","287.17","100.26%","Class C (Bottom 5%)"
"    92408-2B000C","اسطب كذاب سنتافي يسار 06/09                  ","268.85","100.26%","Class C (Bottom 5%)"
" 97606-2W500DOWN","رديتر مكيف سنتافي كوري اصلي DAWOON           ","250.00","100.26%","Class C (Bottom 5%)"
"       000-WD-40","بخاخ ذحل بج بوند صيني                        ","243.41","100.26%","Class C (Bottom 5%)"
"    23111-2G200M","كرين كامل سنتافي 2010 وكالة                  ","210.74","100.26%","Class C (Bottom 5%)"
"  86511-B2000TAI","صدام امامي فوق كيا سول 12/15                 ","210.20","100.26%","Class C (Bottom 5%)"
"    86512-B2100M","شنب تحت الصدام امامي كيا سول 14/17 توربو     ","195.95","100.26%","Class C (Bottom 5%)"
"  66400-C1000TAI","كور سوناتا 16/19                             ","185.87","100.26%","Class C (Bottom 5%)"
"  58101-D7A10AMK","كنويسات امامي توسان 15/18 + سبورتاج  ( 9059 )","183.32","100.26%","Class C (Bottom 5%)"
"    41660-4H100K","اصلاح كليتش فوق باص استاركس                  ","171.70","100.26%","Class C (Bottom 5%)"
"    23040-2G500M","رنجات مكينة سنتافي 2014 حجم 2.4 GDI          ","169.62","100.26%","Class C (Bottom 5%)"
"    97311-3K050K","لي مكيف دخول سوناتا                          ","163.60","100.26%","Class C (Bottom 5%)"
"    86513-C1000C","عظمة صدام امامي سوناتا 2016 يسار             ","163.00","100.26%","Class C (Bottom 5%)"
"    36170-22805K","قاعدة فحمات سلف جتز ماتركس النترا 00/05      ","158.90","100.26%","Class C (Bottom 5%)"
"    25212-2B120K","بطة دينمة حجم 1.6 النترا اكسنت سول 11/15 6PK1","156.00","100.26%","Class C (Bottom 5%)"
"    28220-F2000C","دبة صوت النترا 16/19                         ","152.96","100.26%","Class C (Bottom 5%)"
"    52119-0Z940T","صدام امامي كورلا 2014/2016 تايلاند           ","150.00","100.26%","Class C (Bottom 5%)"
"    86527-3X700C","غطاء كشافة ضباب النترا 2014-2015 يسار        ","150.00","100.26%","Class C (Bottom 5%)"
"    82660-26000C","يد باب خارجي امامي يمين سنتافي 2003          ","148.96","100.26%","Class C (Bottom 5%)"
"    92102-1R040C","كشافه امامي يمين ابيض  اكسنت 12/15           ","140.00","100.26%","Class C (Bottom 5%)"
"    21830-2P400K","كرسي مكينة يسار سنتافي 2010                  ","125.00","100.26%","Class C (Bottom 5%)"
"    92401-2H010C","اسطب خلفي النترا 2007-2011 يسار              ","115.22","100.26%","Class C (Bottom 5%)"
"    92402-1R630C","اسطب خلفي اكسنت 2015+ يمين                   ","115.00","100.26%","Class C (Bottom 5%)"
"    64101-D3000C","واجهة امامي توسان 16/18                      ","110.63","100.26%","Class C (Bottom 5%)"
"    37300-2E110K","دينمة تعبئة النترا 2.0 م 12/14 كوري          ","110.00","100.26%","Class C (Bottom 5%)"
"    93570-2H100C","مجموعة تطليع فريم النتراء                    ","105.00","100.26%","Class C (Bottom 5%)"
"  97606-3K160HCC","لديتر مكيف سوناتا 06/09 ( 97606-3L180) كوري H","102.57","100.26%","Class C (Bottom 5%)"
"  56500-1R101YAS","علبة سكان تحت اكسنت 2012 تجاري               ","100.00","100.26%","Class C (Bottom 5%)"
"    92101-B2270C","كشافة امامي كيا سول 2014 اصفر يسار           ","93.00","100.26%","Class C (Bottom 5%)"
"    27301-3C100M","كويل مفرد ازيرا+كرنفال اصلي                  ","88.00","100.26%","Class C (Bottom 5%)"
"    56500-2S000C","علبة سكان تحت توسان 12/15                    ","87.81","100.26%","Class C (Bottom 5%)"
"    23060-2G121M","براصات متحرك  وكالة                          ","87.80","100.26%","Class C (Bottom 5%)"
"    20910-2EA00M","بدلة باكنات مكينة النتراء 2011               ","87.71","100.26%","Class C (Bottom 5%)"
"    23510-2G540M","يد بستون توسان + سنتافي سوناتا 11/15 حجم 2.4 ","87.30","100.26%","Class C (Bottom 5%)"
"    87731-2S000M","فيبر باب خلفي يسار توسان 11/13               ","82.28","100.26%","Class C (Bottom 5%)"
"     21350-2E740","بمب زيت  النتراء 2012 حجم 1.8                ","82.00","100.26%","Class C (Bottom 5%)"
"    57700-2E800C","علبة سكان تحت مشط  توسان 05/09               ","80.18","100.26%","Class C (Bottom 5%)"
"    21950-2S000K","كرسي مكينه خلفي                              ","80.00","100.26%","Class C (Bottom 5%)"
"    28110-B2000M","هواية فلتر كيا سول 14/17                     ","78.87","100.26%","Class C (Bottom 5%)"
"  66321-B2000TAI","بنكة امامي يمين كيا سول 14/18                ","78.71","100.26%","Class C (Bottom 5%)"
" 54650-2B500TRUS","مساعد سنتافي 2010                            ","75.00","100.26%","Class C (Bottom 5%)"
" 54660-2B500TRUS","سنتافي 2010                                  ","75.00","100.26%","Class C (Bottom 5%)"
"    52159-0Z904T","صدام  خلفي كورلا 2014/2016 تايلاند           ","75.00","100.26%","Class C (Bottom 5%)"
"    92102-C1080C","شمعة سوناتا 15\17 ابيض يمين                  ","70.00","100.27%","Class C (Bottom 5%)"
"    92102-A7030C","كشافة كيا سيراتو + فورتي + K3 12\18 يمين     ","70.00","100.27%","Class C (Bottom 5%)"
"    25310-2W800K","رديتر ماء سنتافي 12/15 كوري                  ","70.00","100.27%","Class C (Bottom 5%)"
"    92101-A7030C","كشافة كيا سيراتو + فورتي + K3 12\18 يسار     ","70.00","100.27%","Class C (Bottom 5%)"
"    21910-2B200K","كرسي مكينة امامي سنتافي 2010                 ","67.02","100.27%","Class C (Bottom 5%)"
"    58510-3S250C","علبة بريك سوناتا فوق 2013 قصبة 12 ثنتين      ","66.00","100.27%","Class C (Bottom 5%)"
"  54661-3X250MAN","مساعد امامي  النتراء 01/16 يمين ماندو        ","65.75","100.27%","Class C (Bottom 5%)"
"    28190-2S100M","دبة صوت هواية توسان 11/15                    ","62.32","100.27%","Class C (Bottom 5%)"
"    23060-2G500M","براصات متحرك سوناتا سنتافي 2019 STD          ","58.24","100.27%","Class C (Bottom 5%)"
" 97606-2W000GOLD","لديتر مكيف سنتافي 2013 تربو                  ","55.76","100.27%","Class C (Bottom 5%)"
"     58302-D3A10","كنويسات خلفي توسان +النترا1R\3X\C1\D3\D7     ","55.00","100.27%","Class C (Bottom 5%)"
"    79110-2S000M","مفصلة كور توسان 11/15 يسار وكالة             ","54.75","100.27%","Class C (Bottom 5%)"
"    86350-D3100C","شبك امامي توسان 16/18 نيكل                   ","51.00","100.27%","Class C (Bottom 5%)"
"    31110-0W000C","بمب بترول مع القاعدة كامل سنتافي 10/12       ","50.09","100.27%","Class C (Bottom 5%)"
"    24461-25051M","دكاية سلسلة مكينة سوناتا + توسان 11/15       ","49.82","100.27%","Class C (Bottom 5%)"
"25310-2S550HANON","رديتر ماء اتوسان 12/14 ابو مبرد اتومتيك + سبو","48.38","100.27%","Class C (Bottom 5%)"
"    87610-D3320C","مراية توسان 16/19 اسود مع الاسطب             ","47.86","100.27%","Class C (Bottom 5%)"
"    23040-03AA0M","رنجات اكسنت 14/19 خليجي                      ","47.80","100.27%","Class C (Bottom 5%)"
"  54611-38600ENG","مساعد امامي سوناتا 03/06 انجليزي             ","46.64","100.27%","Class C (Bottom 5%)"
"    92101-H6000C","كشافة امامي ابيض اكسنت 17/19                 ","46.50","100.27%","Class C (Bottom 5%)"
"    21930-2P000K","كرسي مكينة خلفي شنتافي 2010 حجم 2.4/3.5      ","45.54","100.27%","Class C (Bottom 5%)"
"25310-D3550BEST1","رديتر ماء توسان 16/19 عادي                   ","45.50","100.27%","Class C (Bottom 5%)"
" 25310-2B400GOLD","رديتر ماء سنتافي 2011 توماتيك                ","45.49","100.27%","Class C (Bottom 5%)"
"  66321-2W000TAI","بنكة خارجي سنتافي 13/15  تايواني يمين        ","45.28","100.27%","Class C (Bottom 5%)"
"    97606-2S500C","لديتر مكيف توسان 11/15                       ","45.00","100.27%","Class C (Bottom 5%)"
"  25310-1G150SKP","رديتر ماء ريو 06/10 (  (23094)               ","45.00","100.27%","Class C (Bottom 5%)"
"  56820-2B000CTR","مشرعة سنتافي 2007 يسار                       ","43.60","100.27%","Class C (Bottom 5%)"
"    64101-B2000C","واجهة  كيا سول 2014                          ","43.19","100.27%","Class C (Bottom 5%)"
" 97606-C2000GOLD","لديتر مكيف K5 سوناتا 2016                    ","42.12","100.27%","Class C (Bottom 5%)"
"     31115-2P000","ربلة قفشة بترول                              ","40.84","100.27%","Class C (Bottom 5%)"
"    86565-2WAA0C","دقن صدام امامي سنتافي 16/17                  ","40.04","100.27%","Class C (Bottom 5%)"
"    20910-2BA00K","بدلة باكنات او  طقم وجة اكسنت+ النتر+سيراتو ك","40.00","100.27%","Class C (Bottom 5%)"
"    25412-2B100?","لي ماء تحت  سنتافي حجم 2.7 06/09  وكالة      ","40.00","100.27%","Class C (Bottom 5%)"
"    21020-2E001M","براصات ثابت النترا 11/15 خزق 1               ","39.56","100.27%","Class C (Bottom 5%)"
" 97606-C1000POKA","رديتر مكيف سوناتا 2016 طويل (0326) عادي      ","39.00","100.27%","Class C (Bottom 5%)"
"    39210-23910C","حساس شكمان تحت النتراء 204 حجم 2.0           ","38.79","100.27%","Class C (Bottom 5%)"
"    86511-D3000C","صدام امامي توسان 16/18                       ","38.56","100.27%","Class C (Bottom 5%)"
"  66311-B2000TAI","بنكة يسار كيا سول 14/18                      ","38.40","100.27%","Class C (Bottom 5%)"
"    20910-2GU05M","بدلة باكنات سنتافي 2018 حجم 2.4              ","38.29","100.27%","Class C (Bottom 5%)"
"     28110-B2000","قربة فلتر هواء كيا سول 14/16                 ","38.15","100.27%","Class C (Bottom 5%)"
"    54530-07000K","جوزة مقص  I10 + بيكانتو كيا مورننج 2008      ","38.06","100.27%","Class C (Bottom 5%)"
"    31110-3X500K","بمب بترول مع القاعدة كامل النترا 11/15 امريكي","37.78","100.27%","Class C (Bottom 5%)"
"    21350-2B001M","صدر مكينة + بمب زيت النترا 06/10 حجم 1.6     ","37.67","100.27%","Class C (Bottom 5%)"
"    86150-2S000C","شبك مساحات توسان 11/15                       ","37.18","100.27%","Class C (Bottom 5%)"
"    22311-2GGB0M","باكن راس سنتافي 2017 مكينه حديد              ","36.78","100.27%","Class C (Bottom 5%)"
"    79110-D3100M","مفصلة كور يسار توسان 2015                    ","36.09","100.27%","Class C (Bottom 5%)"
"    25350-C2000C","اطار مروحة سوناتا 15/18 حجم 2.4              ","35.83","100.27%","Class C (Bottom 5%)"
"     81230-F2010","قفل شنطة النترا 16/17 اصلي                   ","35.00","100.27%","Class C (Bottom 5%)"
"    20910-2GM00K","بدلة باكنات سوناتا 12/14                     ","35.00","100.27%","Class C (Bottom 5%)"
"    62400-1E000C","دنقل امامي اكسنت + ريو 06/10                 ","35.00","100.27%","Class C (Bottom 5%)"
"    92102-0W500C","كشافة سنتافي 06/10 غماز اصفر  تحت ابيض       ","35.00","100.27%","Class C (Bottom 5%)"
" 86511-F2AA0TAIL","صدام امامي النتراء 19/20 تايلندي             ","35.00","100.27%","Class C (Bottom 5%)"
"         86831-X","نسافات منوع بالطقم                           ","35.00","100.27%","Class C (Bottom 5%)"
"    57724-C1000K","دومة سوناتا + ازيراء 16\19                   ","34.68","100.27%","Class C (Bottom 5%)"
"    39210-3E140K","حساس شكمان سنتافي 2007                       ","34.00","100.27%","Class C (Bottom 5%)"
"    64101-F2000C","واجهه النترا 2018/2015  امريكي               ","33.53","100.27%","Class C (Bottom 5%)"
"54650-S1500FALCN","مساعد امامي سنتافي 20/22 يسار                ","33.22","100.27%","Class C (Bottom 5%)"
"54651-S1500FALCN","مساعد امامي سنتافي 20/22 يمين                ","33.22","100.27%","Class C (Bottom 5%)"
"    55160-2K000M","بوشة دنقل خلفي كيا سول                       ","32.58","100.27%","Class C (Bottom 5%)"
"    28210-C1100M","لي هواء فوق الواجهة سوناتا 14/17 وكالة       ","32.36","100.27%","Class C (Bottom 5%)"
" 25310-2S550GOLD","رديتر ماء اتوسان 12/14 ابو مبرد اتومتيك + سبو","32.31","100.27%","Class C (Bottom 5%)"
"    24420-3C100M","تكاية سلسلة تيمت ازيراء سوناتا 3.3+3.8 سنتافي","31.78","100.27%","Class C (Bottom 5%)"
"    21020-3C340M","براصات ثابت سنتافي  سوناتا حجم 3.3           ","31.70","100.27%","Class C (Bottom 5%)"
"    24355-2E000C","حساس زيت النترا 11/15                        ","31.56","100.27%","Class C (Bottom 5%)"
"    86511-D3500C","صدام امامي فوق  توسان 19/20                  ","31.35","100.27%","Class C (Bottom 5%)"
"    23510-2GGA0M","يد بستون سوناتا + سنتافي 2012 حجم2.4         ","30.81","100.27%","Class C (Bottom 5%)"
"     54584-2T000","بوشة مقص2S\3S\2T\F2\4H                       ","30.00","100.27%","Class C (Bottom 5%)"
"    54501-C1000K","مقص امامي يمين سوناتا  12/15                 ","29.40","100.27%","Class C (Bottom 5%)"
"    25380-B2000C","مروحة تانكي ماء كيا سول 2014                 ","29.35","100.27%","Class C (Bottom 5%)"
"    86370-F2000C","غطاء قفل كور النتراء 16/8 (86366-F2000)      ","29.20","100.27%","Class C (Bottom 5%)"
"     86513-D3000","عظمة صدام امامي يسار توسان 15/17             ","28.76","100.27%","Class C (Bottom 5%)"
"  97606-F2000JTE","تانكي مكيف النترا 16/19                      ","28.73","100.27%","Class C (Bottom 5%)"
"  86511-H5000TAI","صدام امامي اكسنت 17/20                       ","28.35","100.27%","Class C (Bottom 5%)"
"    21443-2A100M","لمدة كرين خلفي سنتافي 2006 21443-2A200       ","28.21","100.27%","Class C (Bottom 5%)"
"    25620-2GGA0C","قاعدة كوع ماء سوناتا  + سنتافي 2018          ","28.18","100.27%","Class C (Bottom 5%)"
"  62486-2E000K-S","بوشة دنقل امامي توسان                        ","28.02","100.27%","Class C (Bottom 5%)"
"     84169-D3000","بطانة بنكة داخلي يمين يمين توسان 16/19       ","28.00","100.27%","Class C (Bottom 5%)"
"    21830-D4100K","كرسي اسبيت يسار سوناتا 15/19                 ","27.96","100.27%","Class C (Bottom 5%)"
"    28110-D3400C","قربة فلتر هواء توسان 16\20                   ","27.73","100.27%","Class C (Bottom 5%)"
"    35310-2B010C","بخاخ بترول  ريو سول اكسنت حجم 1.4/1.6 11/18  ","27.57","100.27%","Class C (Bottom 5%)"
"  54661-A9000NMK","مساعد امامي كيا كرنفال + سيدونا              ","27.56","100.27%","Class C (Bottom 5%)"
"    97730-2B100C","مروحة مكيف سنتافي 2007 صغير                  ","27.17","100.27%","Class C (Bottom 5%)"
"  66321-C1000TAI","بنكة سوناتا يمين 15/18 تايواني               ","26.83","100.27%","Class C (Bottom 5%)"
"    92102-C1050C","كشافة امامي سوناتا 14/17 اصفر يمين           ","26.65","100.27%","Class C (Bottom 5%)"
"  66321-F2000TAI","بنكة خارجي النترا  16/19 يمين                ","26.58","100.27%","Class C (Bottom 5%)"
"    28130-D3300M","لي هواء توسان حجم 2.0 16/19                  ","26.43","100.27%","Class C (Bottom 5%)"
"21030-2E003TAHSD","هلال كرين  النتراء 2012  STD (R3113A-STD)    ","26.32","100.27%","Class C (Bottom 5%)"
"  25310-2S550MGB","رديتر ماء توسان 11/15 (21116)                ","26.24","100.27%","Class C (Bottom 5%)"
"    92201-3X220C","كشاف النترا 2014-2015 يسار                   ","26.00","100.27%","Class C (Bottom 5%)"
"    86555-D3500M","عظمة تحت  الصدام يسار توسان 19/21            ","25.90","100.27%","Class C (Bottom 5%)"
"    23040-2G200M","شنابر استاندر توسان + سنتافي + كيا 2013      ","25.82","100.27%","Class C (Bottom 5%)"
"  66311-3X000TAI","بنكة يسار النتراء 11/14                      ","25.48","100.27%","Class C (Bottom 5%)"
"    86530-3K000C","جسر صدام امامي سوناتا امامي                  ","25.00","100.27%","Class C (Bottom 5%)"
"    25100-4A300C","بمب ماء باص استاركس 04/07 h1                 ","25.00","100.27%","Class C (Bottom 5%)"
"    51720-1Y000K","بيرنج هبس امامي كيا بيكانتو 10/14            ","24.75","100.27%","Class C (Bottom 5%)"
"23060-2G091TAIHO","براصات متحرك توسان  سوناتا    STD تايهو      ","24.60","100.27%","Class C (Bottom 5%)"
"  24810-26020M-S","شداد تيمت النترا 1.6 + اكسنت  06/10          ","24.50","100.27%","Class C (Bottom 5%)"
"     28210-2W300","لي فوق الواجهة سنتافي 16/18                  ","24.45","100.27%","Class C (Bottom 5%)"
"   86564-2WAA0EB","غطاء كشافة ضباب سنتافي يمين 17/18            ","24.36","100.27%","Class C (Bottom 5%)"
"     22224-3CAB0","ربلة والات كرنفال+ازيرا اصلي                 ","24.00","100.27%","Class C (Bottom 5%)"
"     86551-D3000"," عظمة تحت الكشافة يسار توسان 2015            ","24.00","100.27%","Class C (Bottom 5%)"
" 25310-FD000GOLD","رديتر ماء ريو 2003 توماتيك                   ","23.97","100.27%","Class C (Bottom 5%)"
"    86630-F2000C","جسر خلفي النتراء 16/19                       ","23.77","100.27%","Class C (Bottom 5%)"
"36710-27000VALEO","حماية ديزل توسان كوري                        ","23.62","100.27%","Class C (Bottom 5%)"
"    92201-D3600C","كشافة ضباب توسان 19/21 يسار                  ","23.56","100.27%","Class C (Bottom 5%)"
"     28210-2W100","لي فوق الواجهة سنتافي 13/16 حجم 2.4          ","22.91","100.27%","Class C (Bottom 5%)"
"    21350-2B012M","صدر مكينة + بمب زيت النترا  11/15            ","22.51","100.27%","Class C (Bottom 5%)"
"  25310-C2000MGB","رديتر ماء   سوناتا 18/19  (21191)            ","22.30","100.27%","Class C (Bottom 5%)"
"     23060-26405","براصات متحرك حجم 1200 مقاس STD               ","21.89","100.27%","Class C (Bottom 5%)"
"23060-2E000TAHSD","براصات متحرك النترا (STD) 12/15 (R3113A/-STD)","21.86","100.27%","Class C (Bottom 5%)"
"    86350-D3500C","شبك امامي توسان 2019 رمادي                   ","21.86","100.27%","Class C (Bottom 5%)"
"  25310-F2000MGB","رديتر ماء  النترا 16/17 (21187)              ","21.65","100.27%","Class C (Bottom 5%)"
"21830-2W300FALCN","كرسي مكينة يسار سنتافي 12/15                 ","21.65","100.27%","Class C (Bottom 5%)"
"  54651-D3000MGB","مساعد امامي توسان 16/19                      ","21.55","100.27%","Class C (Bottom 5%)"
"    26410-2B740M","مبرد زيت توسان 2016                          ","21.46","100.27%","Class C (Bottom 5%)"
"     21510-2E023","كور زيت مكينة النترا 11/15  حجم 1.8          ","21.42","100.27%","Class C (Bottom 5%)"
"    24410-25001M","ضغاط تيمت سوناتا 06/15/توسان 10/14           ","21.42","100.27%","Class C (Bottom 5%)"
"  98620-B2000TAI","دبة مساحات سول مع الغطاء تايواني 13/16       ","21.09","100.27%","Class C (Bottom 5%)"
"    42620-39051K","حساس اسبيت دخول INPUT سنتافي 04/06 6 بستم    ","20.72","100.27%","Class C (Bottom 5%)"
"    86561-2B700C","شبك امامي سنتافي 10/12 نيكل  كامل            ","20.58","100.27%","Class C (Bottom 5%)"
"    51720-2J001K","بيرنج عكس خلفي توسان 10/15                   ","20.40","100.27%","Class C (Bottom 5%)"
"54660-1R000SELTI","مساعد امامي اكسنت 11/15                      ","20.01","100.27%","Class C (Bottom 5%)"
"54650-1R000SELTI","مساعد امامي اكسنت 11/15                      ","20.01","100.27%","Class C (Bottom 5%)"
"     28321-2E000","توصيلة لي بوابة الهواء النترا 12/15          ","20.00","100.27%","Class C (Bottom 5%)"
"  55351-2E501ENG","مساعد خلفي توسان يسار انجليزي                ","20.00","100.27%","Class C (Bottom 5%)"
"    21810-3S000K","كرسي مكينة يمين سوناتا 12/15                 ","20.00","100.27%","Class C (Bottom 5%)"
"   21350-2E021XX","صدر مكينة النتراء 2012 حجم 1.8               ","20.00","100.27%","Class C (Bottom 5%)"
"     25411-3X600","لي ماء فوق النترا 12/15                  ","20.00","100.27%","Class C (Bottom 5%)"
"    86512-D3000C","صدام امامي تحت توسان 16/20 شنب صدام          ","20.00","100.27%","Class C (Bottom 5%)"
"   23410-2G200SD","بستونات المقبلي                              ","20.00","100.27%","Class C (Bottom 5%)"
"    56521-D3000C","بوشة مشط  توسان 2017 + K5 لوتز 2011          ","19.84","100.27%","Class C (Bottom 5%)"
"     86554-B2000","عظمة صدام امامي كيا سول 14/18 يمين           ","19.42","100.27%","Class C (Bottom 5%)"
"  55300-2K100MGB","مساعد خلفي سول 09/13                         ","19.40","100.27%","Class C (Bottom 5%)"
"    21510-25001K","كور زيت مكينة تحت سوناتا + توسان الصغير      ","19.17","100.27%","Class C (Bottom 5%)"
"    54500-D3000C","مقص يسار توسان 15/18                         ","19.00","100.27%","Class C (Bottom 5%)"
"   21020-3C913DS","براصات كرين سوناتا ازيرا حجم 3.3  م 25   2006","19.00","100.27%","Class C (Bottom 5%)"
"  25380-1U100QPA","مروحة تانكي ماء سنتافي 2011                  ","19.00","100.27%","Class C (Bottom 5%)"
"  55310-2W550MGB","مساعد خلفي سنتافي 14/16 سنجل                 ","19.00","100.27%","Class C (Bottom 5%)"
"    54651-3X260K","مساعد امامي يسار النتراء 2012                ","18.85","100.27%","Class C (Bottom 5%)"
"    26310-27200K","فلتر زيت توسان سنتافي  ديزل 04/09            ","18.68","100.27%","Class C (Bottom 5%)"
"  66321-D3000TAI","بنكة خارجي توسان 2017  تايواني يمين          ","18.65","100.27%","Class C (Bottom 5%)"
"    86630-2B000C","جسر خلفي سنتافي 07/11                        ","18.63","100.27%","Class C (Bottom 5%)"
"    86350-F2000C","شبك امامي النتراء 16/19 اسود                 ","18.51","100.27%","Class C (Bottom 5%)"
"  66321-1E300TAI","بنكة اكسنت06/10 يسار تايواني                 ","18.23","100.27%","Class C (Bottom 5%)"
"    21810-B2000C","كرسي مكينة يمين كيا سول 14/16                ","18.08","100.27%","Class C (Bottom 5%)"
"    86350-2K050C","شبك امامي فوق كيا سول 2010                   ","18.00","100.27%","Class C (Bottom 5%)"
"    54830-3Q000C","مسمار عمود توازن امامي سوناتا 12             ","18.00","100.27%","Class C (Bottom 5%)"
"    55350-2W270C","اسبرنج خلفي سنتافي 13/16                     ","17.70","100.27%","Class C (Bottom 5%)"
"    86530-1E000C","جسر صدام امامي اكسنت                         ","17.59","100.27%","Class C (Bottom 5%)"
"    24410-2G810M","ضغاط تيمت سنتافي+توسان 2012                  ","17.09","100.27%","Class C (Bottom 5%)"
"    56900-F2000C","غطاء سكان النتراء 16/18                      ","17.07","100.27%","Class C (Bottom 5%)"
"    39180-23910M","حساس كرين النترا + توسان 2006                ","17.00","100.27%","Class C (Bottom 5%)"
"    93410-1U111C","يد اشارة ريو 3X\I30\3S\ فلوستر سيراتو\سورينتو","17.00","100.27%","Class C (Bottom 5%)"
"    81230-1R010C","قفل باب خانة اكسنت 11/15                     ","16.93","100.27%","Class C (Bottom 5%)"
"  86366-F2000MGB","غطاء فوق النتر 2017                          ","16.54","100.27%","Class C (Bottom 5%)"
"    21510-25000C","كور زيت مكينة تحت سوناتا + توسان الصغير      ","16.54","100.27%","Class C (Bottom 5%)"
"    54501-2H000C","مقص امامي النتراء 2007/2009 تجاري يمين       ","16.51","100.27%","Class C (Bottom 5%)"
"    29120-3X700M","بطانة تحت المكينة يمين النتراء 13/15         ","16.33","100.27%","Class C (Bottom 5%)"
"    29130-3X700M","بطانة تحت المكينة يسار النتراء 13/15         ","16.33","100.27%","Class C (Bottom 5%)"
"23060-2E000TAH25","براصات متحرك النترا (25) 12/15 (R3113A/-25)  ","16.31","100.27%","Class C (Bottom 5%)"
" 0-23*25HY-02A44","صبرة عكس النترا ماتركس 01/05                 ","16.25","100.27%","Class C (Bottom 5%)"
"     86526-D3530","غطاء كشافة ضباب توسان 19/21 ليد يمين         ","16.00","100.27%","Class C (Bottom 5%)"
"     86300-2B100","علامة شبك امامي سنتافي 07/12                 ","16.00","100.27%","Class C (Bottom 5%)"
"    86525-D3200C","غطاء كشافة ضباب يمين توسان 2016 ليد          ","15.89","100.27%","Class C (Bottom 5%)"
"     86514-D3000","عظمة صدام امامي يمين توسان 15/17             ","15.84","100.27%","Class C (Bottom 5%)"
"    21830-2B500K","كرسي مكينة يسار سنتافي + فيراكروز            ","15.74","100.27%","Class C (Bottom 5%)"
"    54584-2S000M","بوشة مقص2S\3S\2T\F2\4H                       ","15.60","100.27%","Class C (Bottom 5%)"
"    57724-3J000K","دومة فيراكروز  سنتافي  كوري                  ","15.46","100.27%","Class C (Bottom 5%)"
"    54500-3X000C","مقص امامي يسار النتراء 12 يسار GCR           ","15.33","100.27%","Class C (Bottom 5%)"
"    87610-3K410C","مراية يسار سوناتا 06/10                      ","15.11","100.27%","Class C (Bottom 5%)"
"    87620-3K410C","مراية باب يمين سوناتا 06/10                  ","15.00","100.27%","Class C (Bottom 5%)"
"    28110-D3000C","قربة فلتر هواء توسان 16\20                   ","15.00","100.27%","Class C (Bottom 5%)"
"  23040-2G200TOP","رنجات سنتافي                                 ","15.00","100.27%","Class C (Bottom 5%)"
"     58302-2BA20","كنويسات خلفي سنتافي 07/14 2b\4a              ","15.00","100.27%","Class C (Bottom 5%)"
"    31113-2S510C","قفشة بمب بترول فوق توسان امريكي  11/15       ","15.00","100.27%","Class C (Bottom 5%)"
"    45280-26600M","غطاء خريطة اسبيت توسان 2017 حجم 2.0          ","15.00","100.27%","Class C (Bottom 5%)"
"    86611-3X700C","صدام خلفي النترا 2015/2014                   ","15.00","100.27%","Class C (Bottom 5%)"
"    92406-1R000M","اسطب كذاب اكسنت 2012-2016 يمين               ","15.00","100.27%","Class C (Bottom 5%)"
"  23041-2E000-50","بستونات                                      ","15.00","100.27%","Class C (Bottom 5%)"
"    21930-2D101C","كرسي مكينة خلفي النتراء 00/05                ","15.00","100.27%","Class C (Bottom 5%)"
"35150-26900FALCN","حساس منظم الهواء IDEL اكسنت 06/10 نيكل       ","14.80","100.27%","Class C (Bottom 5%)"
"54651-2E500FALCN","مساعد امامي توسان يسار كوري اصلي             ","14.56","100.27%","Class C (Bottom 5%)"
"54661-2E500FALCN","مساعد امامي توسان يمين كوري اصلي             ","14.56","100.27%","Class C (Bottom 5%)"
"    29110-2T500C","بطانة تحت المكينة  كيا لوتشي + K5            ","14.51","100.27%","Class C (Bottom 5%)"
"    22224-2G000M","ربلة والات سوناتا 2007                       ","14.43","100.27%","Class C (Bottom 5%)"
"    25415-C1000K","لي ماء تحت سوناتا 13/15  يسار                ","14.42","100.27%","Class C (Bottom 5%)"
"    86613-1R000C","عظمة صدام خلفي يسار اكسنت 12/16              ","14.29","100.27%","Class C (Bottom 5%)"
"    54630-26000C","اسبرنج امامي سنتافي 01/05                    ","14.10","100.27%","Class C (Bottom 5%)"
"    86821-1R000C","بطانة كفر خلفي يسار اكسنت 11/16              ","14.00","100.27%","Class C (Bottom 5%)"
"    31911-2E000K","فلتر بترول توسان                             ","14.00","100.27%","Class C (Bottom 5%)"
"  54651-A9000NMK","مساعد امامي كيا كرنفال + سيدونا              ","13.78","100.27%","Class C (Bottom 5%)"
"    21830-2T350C","كرسي مكينة يسار كيا 2012 غاز  K5             ","13.70","100.27%","Class C (Bottom 5%)"
"    54650-C1000K","مساعد امامي سوناتا 2017 يسار                 ","13.63","100.27%","Class C (Bottom 5%)"
"    21930-2B600C","كرسي مكينة خلفي  سنتافي 2007                 ","13.33","100.27%","Class C (Bottom 5%)"
"    54830-0U000C","مسمار عمود توازن اكسنت 12/15(4H+1R+D3 )      ","13.31","100.27%","Class C (Bottom 5%)"
"    92202-3X220C","كشاف النترا 2014-2015 يمين                   ","13.00","100.27%","Class C (Bottom 5%)"
"    28190-1F000C","دبة صوت توسان 06/09                          ","13.00","100.27%","Class C (Bottom 5%)"
"    25411-B2050M","لي ماء فوق كيا سول  14/16 حجم 2.0            ","13.00","100.27%","Class C (Bottom 5%)"
"  23060-2B901KFM","براصات متحرك اكسنت 0.25 12/15                ","13.00","100.27%","Class C (Bottom 5%)"
"    56820-1E900C","مشرعة اكسنت R 06/10                          ","13.00","100.27%","Class C (Bottom 5%)"
"    87742-D3000C","فيبر بنكة خلفي يمين كيا توسان 15/18          ","13.00","100.27%","Class C (Bottom 5%)"
"    21950-2W400K","كرسي مكينة خلفي ستافي 11/15 حجم 3.3          ","12.97","100.27%","Class C (Bottom 5%)"
"    25312-17102K","قفشة تانكي ماء تحت بدون غطاء توماتيك ماتركس 0","12.83","100.27%","Class C (Bottom 5%)"
"    24810-27250K","شداد تيمت توسان + سنتافي ديزل 05/09          ","12.64","100.27%","Class C (Bottom 5%)"
"  21020-2G091KFM","براصات ثابت مقاس 25 سوناتا + لوتشي           ","12.62","100.27%","Class C (Bottom 5%)"
"    55350-2W020C","اسبرنج خلفي سنتافي 13/15                     ","12.51","100.27%","Class C (Bottom 5%)"
"    54500-S1AA0C","شمقص امامي يسار سنتافي 2022لمدة بمب زيت      ","12.18","100.27%","Class C (Bottom 5%)"
"    54501-S1AA0C","شمقص امامي يمين سنتافي 2022                  ","12.18","100.27%","Class C (Bottom 5%)"
"  000-45X262X362","هزاز شكمان ابو توصيلة تجاري                  ","12.07","100.27%","Class C (Bottom 5%)"
"               4","فارق قيمة الصدام                             ","12.00","100.27%","Class C (Bottom 5%)"
"     55256-2G000","بوشة عمود التوازن خلفي النتراء 2007 وكالة    ","12.00","100.27%","Class C (Bottom 5%)"
"    87712-D3000C","فيبر بنكة امامي توسان 15/18 يمين             ","12.00","100.27%","Class C (Bottom 5%)"
"    25411-2S100K","لي ماء فوق توسان 2012                        ","11.94","100.27%","Class C (Bottom 5%)"
"    37150-D3500M","قاعدة بطارية توسان 16/20                     ","11.84","100.27%","Class C (Bottom 5%)"
"    86528-D3520M","غطاء تحت كشافة ضباب توسان يسار19/22 الداخلي  ","11.79","100.27%","Class C (Bottom 5%)"
"  25310-1E050MTE","رديتر ماء اكسنت 06/10 امريكي ابو مبرد توماتيك","11.78","100.27%","Class C (Bottom 5%)"
"    25329-F2000M","قسام ماء مع القاعدة النترا  19/16            ","11.56","100.27%","Class C (Bottom 5%)"
"    81161-B2000K","مساعد كور كيا سول 14/18 كوري                 ","11.39","100.27%","Class C (Bottom 5%)"
"21020-2E000TAHSD","براصات ثابت النترا 11/15خرط STD(M3113A-STD)  ","11.34","100.27%","Class C (Bottom 5%)"
"    22441-2G700M","باكن كور والات سنتافي سوناتا GDI  وكالة      ","11.19","100.27%","Class C (Bottom 5%)"
"    86514-2S000C","عظمة صدام امامي يمين توسان 2012              ","11.00","100.27%","Class C (Bottom 5%)"
"    56540-B2000K","دومة النترا  كيا سول 2013 كوري               ","10.95","100.27%","Class C (Bottom 5%)"
"    57724-2W000K","دومة سنتافي 11/15                            ","10.82","100.27%","Class C (Bottom 5%)"
"     25334-2E000","ربلة تثبيت تانكي ماء لديتر فوق توسان         ","10.80","100.27%","Class C (Bottom 5%)"
"  86551-2E000TAI","صاجة صدام امامي وسط توسان 06/09 حديد         ","10.78","100.27%","Class C (Bottom 5%)"
"    21950-1C900C","كرسي مكينة خلفي جتز 2007                     ","10.70","100.27%","Class C (Bottom 5%)"
"    92202-D3600C","كشافة ضباب توسان 19/21 يمين ليد              ","10.56","100.27%","Class C (Bottom 5%)"
"    25630-D3000C","قصبة مشترك مبرد اسبيت توسان 2017 حجم 2.0     ","10.48","100.27%","Class C (Bottom 5%)"
"    92201-D3020C","كشافة ضباب توسان 19/16 يسار                  ","10.27","100.27%","Class C (Bottom 5%)"
"    92202-D3020C","كشافة ضباب توسان 19/16 يمين                  ","10.27","100.27%","Class C (Bottom 5%)"
"    81130-3X000M","قفل كور النترا 11\15                         ","10.10","100.27%","Class C (Bottom 5%)"
"    54810-1F000C","توسان ديزل                                   ","10.04","100.27%","Class C (Bottom 5%)"
"    86595-S1000C","عظمة كشافة سنتافي يسار  18/20                ","10.00","100.27%","Class C (Bottom 5%)"
"    86596-S1000C","عظمة كشافة سنتافي يمين 18/20                 ","10.00","100.27%","Class C (Bottom 5%)"
"   21020-26042AA","براصات كرين ثابت اكسنت مقاس 50تجاري          ","10.00","100.27%","Class C (Bottom 5%)"
"    86618-2W000M","عظمة صدام خلفي سنتافي تحت 13/15 يمين مربع    ","10.00","100.27%","Class C (Bottom 5%)"
"     00-L-H4-24V","لمبة اتش 4   H4 نظام 24v                     ","10.00","100.27%","Class C (Bottom 5%)"
"     57150-2B001","علبة سكان فوق وكالة                          ","10.00","100.27%","Class C (Bottom 5%)"
"    81771-2E000K","مساعد شنطة توسان 04/09                       ","9.98","100.27%","Class C (Bottom 5%)"
"     31113-2B000","قفشة بمب بترول سنتافي 2010                   ","9.77","100.27%","Class C (Bottom 5%)"
"     29110-3K300","بطانة تحت المكينة يمين سوناتا 06             ","9.73","100.27%","Class C (Bottom 5%)"
"     86515-2B700","عظمة صدام سنتافي 10\12  يسار                 ","9.57","100.27%","Class C (Bottom 5%)"
"    54610-D3000C","كرسي مساعد امامي  توسان + سبورتاج 15/19      ","9.53","100.27%","Class C (Bottom 5%)"
"54661-2W200FALCN","مساعد امامي سنتافي 2014يمين                  ","9.51","100.27%","Class C (Bottom 5%)"
"54651-2W200FALCN","مساعد امامي سنتافي 2012 يسار                 ","9.51","100.27%","Class C (Bottom 5%)"
"    81190-D3000M","خبطة كور توسان 16/19 الطويل وكالة            ","9.28","100.27%","Class C (Bottom 5%)"
"    86150-2H000C","شبك مساحات النترا 06/10                      ","9.11","100.27%","Class C (Bottom 5%)"
"54650-2B200TRSTY","مساعد امامي سنتافي 06/09                     ","9.00","100.27%","Class C (Bottom 5%)"
"  25212-6PK2050C","بطة دينمة 6PK2050 سنتافي                     ","9.00","100.27%","Class C (Bottom 5%)"
"    39350-23700C","حساس تيمت  النتراء 02/09 + توسان 05/09 +سول ح","9.00","100.27%","Class C (Bottom 5%)"
"    58305-2HA00K","كنويسات هلال النتراء 2006                    ","9.00","100.27%","Class C (Bottom 5%)"
"    21910-1G000C","كرسي مكينة امامي اكسنت 07/11 المنيوم         ","9.00","100.27%","Class C (Bottom 5%)"
"     86525-D3530","غطاء كشافة ضباب توسان 19/21 ليد يسار         ","9.00","100.27%","Class C (Bottom 5%)"
"    25414-3K200K","لي ماء فوق سوناتا ازيراء حجم 3.3             ","9.00","100.27%","Class C (Bottom 5%)"
"     29110-3K150","بطانة تحت المكينة يسار  سوناتا 2007          ","9.00","100.27%","Class C (Bottom 5%)"
"    25411-2K050K","لي ماء فوق كيا سول  09/12 حجم 1.6            ","8.96","100.27%","Class C (Bottom 5%)"
"    86552-2W000M","عظمة تحت الكشافة سنتافي 13/15 يمين           ","8.93","100.27%","Class C (Bottom 5%)"
"  58411-3X300QPC","هوب خلفي (صحن بريك) النتراء 11/15 لقم        ","8.93","100.27%","Class C (Bottom 5%)"
"    86180-D3000M","مثلث مراية يسار توسان 2015                   ","8.81","100.27%","Class C (Bottom 5%)"
"    39210-2E100C","حساس شكمان النتراء 2012                      ","8.78","100.27%","Class C (Bottom 5%)"
"    25411-2E350M","لي ماء فوق توسان ديزل 2004                   ","8.63","100.27%","Class C (Bottom 5%)"
"    55530-2B000C","مسمار توازن خلفي سنتافي 07/10+ سيراتو 2007   ","8.51","100.27%","Class C (Bottom 5%)"
"    86180-3X000M","مثلث مراية يسار النترا 11/13                 ","8.50","100.27%","Class C (Bottom 5%)"
"     79120-F2000","مفصلة كور النترا 16/18                       ","8.46","100.27%","Class C (Bottom 5%)"
"     79110-F2000","مفصلة كور النترا 16/18                       ","8.46","100.27%","Class C (Bottom 5%)"
"    55320-1F000C","كرسي مساعد خلفي توسان + سبورتاج يمين         ","8.30","100.27%","Class C (Bottom 5%)"
"    55310-1F000C","كرسي مساعد خلفي توسان 04/10 + سبورتاج        ","8.30","100.27%","Class C (Bottom 5%)"
"    92201-3X300C","كشافة ضباب النترا 14/15 يسار                 ","8.30","100.27%","Class C (Bottom 5%)"
"    58305-2SA30C","كنويسات هلال توسان 2010 /2014 عريض دبل       ","8.28","100.27%","Class C (Bottom 5%)"
"     86552-D3000","عظمة تحت الكشافة يمين توسان 2015             ","8.00","100.27%","Class C (Bottom 5%)"
"    54812-07000C","ربلة مشرخ امامي كيا بيكانتو                  ","8.00","100.27%","Class C (Bottom 5%)"
"    39310-3C100C","حساس تيمت سنتافي سوناتا سيرانتو حجم 3.3      ","8.00","100.27%","Class C (Bottom 5%)"
"     52116-12460","عظمة صدام امامي كورلا 2011+ يسار             ","8.00","100.27%","Class C (Bottom 5%)"
"    54830-D3000C","مسمار عمود توازن توسان 0U\3X\1R\D3\4L 12-16  ","8.00","100.27%","Class C (Bottom 5%)"
"  54661-3X250NMK","مساعد امامي النتراء 2012 يمين تجاري          ","8.00","100.27%","Class C (Bottom 5%)"
"  23040-2E000-50","رنجات                                        ","8.00","100.27%","Class C (Bottom 5%)"
"     52115-12460","عظمة صدام امامي كورلا 2011+ يمين             ","8.00","100.27%","Class C (Bottom 5%)"
"   81190-2W100-F","خبطة كور قصير سنتافي 12/15                   ","8.00","100.27%","Class C (Bottom 5%)"
"    86556-D3500M","عظمة تحت  الصدام يمين توسان 19/21            ","7.97","100.27%","Class C (Bottom 5%)"
"     86519-D3000","غطاء سحاب توسان 16/19                        ","7.92","100.27%","Class C (Bottom 5%)"
"    92303-1R000C","غماز بنكة يسار اكسنت 2012                    ","7.90","100.27%","Class C (Bottom 5%)"
"    86527-D3520M","غطاء تحت كشافة ضباب توسان يسار19/22 الداخلي  ","7.86","100.27%","Class C (Bottom 5%)"
"    25311-3K190C","قفشة تانكي ماء ابو غطاء سوناتا 06/10 يمين + ل","7.83","100.27%","Class C (Bottom 5%)"
" 58302-1GA00ONRA","كنويسات خلفي اكسنت 2SA70\3SA70\1G توسان وسونا","7.49","100.27%","Class C (Bottom 5%)"
"    00000-6203DD","بيرنج دينمة                                  ","7.48","100.27%","Class C (Bottom 5%)"
"    86527-D3500M","غطاء تحت كشافة ضباب توسان يسار19/22 الداخلي  ","7.37","100.27%","Class C (Bottom 5%)"
"     47352-39300","لمدة دبل سابع سنتافي + توسان                 ","7.16","100.27%","Class C (Bottom 5%)"
"    58101-2PA70K","كنويسات امامي سنتافي 2W\2P 10/17             ","7.00","100.27%","Class C (Bottom 5%)"
"    82220-2H000K","ربلة فريم باب امامي يمين النترا 06\10","7.00","100.27%","Class C (Bottom 5%)"
"  25212-6PK2245K","6PK2245*                                     ","7.00","100.27%","Class C (Bottom 5%)"
"     26320-3CA30","فلتر زيت سنتافي ازيرا حجم 3.3/3.8            ","7.00","100.27%","Class C (Bottom 5%)"
"58302-2SA70FALCN","كنويسات خلفي توسان 2SA70\3SA70\1G اكسنت وسونا","7.00","100.27%","Class C (Bottom 5%)"
"    24431-25000M","تكاية سلسلة تيمت تحت سوناتا  سنتافي          ","6.90","100.27%","Class C (Bottom 5%)"
"    25412-2K000K","لي ماء تحت كيا سول 2012 حجم 1.6              ","6.71","100.27%","Class C (Bottom 5%)"
"    92401-1R030C","اسطب خلفي اكسنت 11\13 يسار                   ","6.69","100.27%","Class C (Bottom 5%)"
"    86614-2W000M","عظمة صدام خلفي سنتافي 13/15 يمين             ","6.60","100.27%","Class C (Bottom 5%)"
"    86556-D3000M","عظمة صدام تحت يمين توسان 2016                ","6.50","100.27%","Class C (Bottom 5%)"
"    92405-2W200C","اسطب كذاب يسار سنتافي 13/15                  ","6.50","100.27%","Class C (Bottom 5%)"
"    54815-26100C","كليب ربلة عمود توازن سنتافي 2004             ","6.42","100.27%","Class C (Bottom 5%)"
"    25411-2W500C","لي ماء فوق سنتافي 12/15                      ","6.40","100.27%","Class C (Bottom 5%)"
"23060-2G100AA-75","براصات متحرك سوناتا خرط 75 AA                ","6.15","100.27%","Class C (Bottom 5%)"
"    92404-2H010C","اسطب شنطة  وسط النتراء 06/10 يمين            ","6.13","100.27%","Class C (Bottom 5%)"
"    22311-26603K","باكن راس اكسنت + جتز + ماتركس كربون 1.4      ","6.12","100.27%","Class C (Bottom 5%)"
"    92403-2H010C","اسطب شنطة  وسط النتراء 06/10 يسار            ","6.10","100.27%","Class C (Bottom 5%)"
"    54810-2S000C","عمود توازن امامي طويل كامل توسان 12/15       ","6.08","100.27%","Class C (Bottom 5%)"
"    86613-2W000M","عضمة صدام خلفي يسار سنتافي 13/15             ","6.00","100.27%","Class C (Bottom 5%)"
"  98811-2E000LED","عمود مساحات سنتافي + توسان مع الاضاءة LED    ","6.00","100.27%","Class C (Bottom 5%)"
"          000-XX","صيرة عكس سنتافي 2010                         ","6.00","100.27%","Class C (Bottom 5%)"
"    55530-17010K","مسمار توازن خلفي ماتركس + النتراء            ","6.00","100.27%","Class C (Bottom 5%)"
"    81920-02120C","اسطب كذاب كرولا                              ","6.00","100.27%","Class C (Bottom 5%)"
"    81910-02180C","اسطب كذاب كرولا                              ","6.00","100.27%","Class C (Bottom 5%)"
"    23356-38020K","بطة بمب زيت سوناتا سنتافي حجم 2.0            ","6.00","100.27%","Class C (Bottom 5%)"
"    86527-D3000M","غطاء تحت كشافة ضباب توسان يسار 16/19         ","5.97","100.27%","Class C (Bottom 5%)"
"     25631-26870","كوع بيسة ماء اكسنت 06/10 فوق                 ","5.90","100.27%","Class C (Bottom 5%)"
"     18858-10090","بلاكات عادي اكسنت طويل نحيف 1885=18843       ","5.74","100.27%","Class C (Bottom 5%)"
"    55118-2S100C","بوشة عمود سحب خلفي توسان 2010  دبل           ","5.51","100.27%","Class C (Bottom 5%)"
"    24420-25002M","تكاية سلسلة تيمت تحت سوناتا  سنتافي          ","5.49","100.27%","Class C (Bottom 5%)"
"    54830-1C000C","مسمار عمود توازن جتز 00/05                   ","5.41","100.27%","Class C (Bottom 5%)"
"0-30*35HY-015NMK","صبرة عكس سوناتا 06/10+ سنتافي 13/15 35*73*30*","5.36","100.27%","Class C (Bottom 5%)"
"    25329-F2000C","قسام ماء مع القاعدة النترا  19/16            ","5.35","100.27%","Class C (Bottom 5%)"
"     86519-2W000","غطاء سحاب سنتافي 2012                        ","5.32","100.27%","Class C (Bottom 5%)"
"    45245-3B700M","لمدة صبرة جنب سنتافي 2012                    ","5.25","100.27%","Class C (Bottom 5%)"
"     94750-42000","كتة زيت هونداي عام                           ","5.00","100.27%","Class C (Bottom 5%)"
"     25500-3C100","بلف حرارة  كرنفال+ازيرا                      ","5.00","100.27%","Class C (Bottom 5%)"
"    24420-25000M","تكاية سلسلة تيمت تحت سوناتا  سنتافي          ","5.00","100.27%","Class C (Bottom 5%)"
"   23040-2G000TP","رنجات توسان سوناتا + كيا لوتشي حجم 2.0 وكالة ","5.00","100.27%","Class C (Bottom 5%)"
"    54830-3Q000K","مسمار عمود توازن امامي سوناتا 12             ","5.00","100.27%","Class C (Bottom 5%)"
"     37150-2H000","قاعدة بطارية النترا                          ","5.00","100.27%","Class C (Bottom 5%)"
" 0-22*24MA-01HSG","صبرة عكس ركبة كيا 24*22*52 ممتاز             ","4.83","100.27%","Class C (Bottom 5%)"
"    55215-2S000C","بوشة مقص خلفي تحت توسان 12/15=3R/2S/3V/2G    ","4.79","100.27%","Class C (Bottom 5%)"
"    86588-F2AA0M","غطاء سحاب النترا 18/20                       ","4.48","100.27%","Class C (Bottom 5%)"
"    21930-1G050K","كرسي مكينة خلفي اكسنت المنيوم 06/10          ","4.27","100.27%","Class C (Bottom 5%)"
"    97617-1C000K","فلتر مكيف جتز طبقتين 06                      ","4.26","100.27%","Class C (Bottom 5%)"
"     18855-10060","بلاكات النترا عادي z18858=18843              ","4.00","100.27%","Class C (Bottom 5%)"
"     21352-3C600","لمدة تيمت سوناتا + سنتافي 2007               ","4.00","100.27%","Class C (Bottom 5%)"
"     52115-0K020","عظمة صدام امامي فورشنر                       ","4.00","100.27%","Class C (Bottom 5%)"
"     57740-2W000","ربلة دومة سنتافي 12/15                       ","4.00","100.27%","Class C (Bottom 5%)"
"     86588-F2000","غطاء سحاب النترا 16/19                       ","3.80","100.27%","Class C (Bottom 5%)"
"    24431-25001M","تكاية سلسلة تيمت تحت سوناتا  سنتافي          ","3.72","100.27%","Class C (Bottom 5%)"
"    27301-22600C","كويل كامل اكسنت 00/05 حجم 1.5                ","3.12","100.27%","Class C (Bottom 5%)"
"    81771-2G000C","مساعد                                        ","3.00","100.27%","Class C (Bottom 5%)"
" 58302-1RA00AUTO","كنويسات خلفي اكسنت+النترا1R\3X\C1\D3\D7      ","3.00","100.27%","Class C (Bottom 5%)"
"    00000-6202DD","بيرنج دينمة ربل ياباني NSK                   ","2.28","100.27%","Class C (Bottom 5%)"
"     86552-2S000","عظمة تحت الكشافة توسان يمين القصير           ","2.07","100.27%","Class C (Bottom 5%)"
"     86551-2S000","عظمة تحت الكشافة توسان يسار القصير           ","2.07","100.27%","Class C (Bottom 5%)"
"    25412-25000K","لي ماء تحت  اكسنت 00/05                      ","2.00","100.27%","Class C (Bottom 5%)"
"    54815-2E100C","كليب ربلة عمود توازن توسان  04/09            ","1.48","100.27%","Class C (Bottom 5%)"
"    55118-2W100K","بوشة عمود سحب خلفي الصغير سنتافي + توسان 2013","1.00","100.27%","Class C (Bottom 5%)"
"               3","كوانش هون                                    ",".90","100.27%","Class C (Bottom 5%)"
"    58302-3JA50K","كنويسات خلفي  فيراكروز + سنتافي 07/10        ",".51","100.27%","Class C (Bottom 5%)"
"    00000-SUZUKI","يد باب داخلي يسار سوزوكي                     ",".50","100.27%","Class C (Bottom 5%)"
"     00000-608ZZ","بيرنج                                        ",".16","100.27%","Class C (Bottom 5%)"
"   81771-2S000-F","مساعد شنطة توسان 12/15 + باثفندر 07          ",".00","100.27%","Class C (Bottom 5%)"
"    00000-6008DD","بيرنج ياباني NSK                             ",".00","100.27%","Class C (Bottom 5%)"
"    00000-6204DD","بيرنج دينمة عام                              ",".00","100.27%","Class C (Bottom 5%)"
"  0-25*27-HY822A","رأس عكس خارجي توسان ديزل 25*27 حساس          ",".00","100.27%","Class C (Bottom 5%)"
"    97606-2W500C","لديتر مكيف سنتافي 2013                       ",".00","100.27%","Class C (Bottom 5%)"
"     00000-609ZZ","بيرنج 609ZZ                                  ",".00","100.27%","Class C (Bottom 5%)"
"    00000-6009DD","بيرنج ياباني NSK                             ",".00","100.27%","Class C (Bottom 5%)"
"  55326-2B000C-S","ربلة مطب خلفي سنتافي 2007                    ",".00","100.27%","Class C (Bottom 5%)"
"     47452-39000","لمدة سابع سنتافي                        ",".00","100.27%","Class C (Bottom 5%)"
"  86530-2S000C-S","جسر صدام امامي توسان 11/13                   ",".00","100.27%","Class C (Bottom 5%)"
"    24810-26010K","شداد تيمت النترا 1.6 + اكسنت  06/10          ",".00","100.27%","Class C (Bottom 5%)"
"  25212-6PK2131K","بطة دينمة",".00","100.27%","Class C (Bottom 5%)"
"    54810-2E100C","عمود توازن امامي توسان ديزل عريض + سبورتاج 04",".00","100.27%","Class C (Bottom 5%)"
"    47350-39300M","لمدة سابع دبل سنتافي                         ",".00","100.27%","Class C (Bottom 5%)"
"  000-CL-HP-8100","منظف بخاخات بترول سائل كل 1000 كيلو          ","-.00","100.27%","Class C (Bottom 5%)"
"  000-CL-HF-3201","منظف علبة سكان لاصلاح جميع علب السكان        ","-.02","100.27%","Class C (Bottom 5%)"
"21810-C1020FALCN","كرسي مكينة يمين سوناتا 16/17                 ","-5.95","100.27%","Class C (Bottom 5%)"
"    86812-C1000C","بطانة كفر امامي سوناتا 16/19                 ","-7.47","100.27%","Class C (Bottom 5%)"
"    21930-0X120K","كرسي مكينة  خلفي I10  07/16                  ","-9.00","100.27%","Class C (Bottom 5%)"
"     0000-FINGER","اصابع بطارية بالحبة                          ","-12.00","100.27%","Class C (Bottom 5%)"
"              XX","معبي تاير ابو جمل                            ","-13.00","100.27%","Class C (Bottom 5%)"
"    86350-B2500M","شبك امامي فوق كيا سول 14/17                  ","-18.18","100.27%","Class C (Bottom 5%)"
"    92402-3X220C","اسطب خلفي النترا2015/2016                    ","-30.00","100.27%","Class C (Bottom 5%)"
"    87772-C1000C","نيكل بنكة امامي سوناتا 16/19                 ","-36.86","100.27%","Class C (Bottom 5%)"
"     58312-1C001","اسبرنج كنويس خلفي جتز  وكالة قصير            ","-45.00","100.27%","Class C (Bottom 5%)"
"    82652-2E000C","بصمة يد خارجي توسان 05/09                    ","-124.46","100.27%","Class C (Bottom 5%)"
"21830-1G000FALCN","كرسي مكينة يسار اكسنت 06/11 كوري             ","-163.31","100.27%","Class C (Bottom 5%)"
"58101-1GE00SMEKO","كنويسات امامي اكسنت 06/11 KD9738 احمر        ","-187.75","100.27%","Class C (Bottom 5%)"
"    31090-2E000C","مشن بترول توسان 04/09                        ","-200.00","100.27%","Class C (Bottom 5%)"
"    25212-23721K","بطة دينمة  النتراء 07/10 + توسان 4PK890 4 بست","-200.00","100.27%","Class C (Bottom 5%)"
"    25100-42540K","بمب ماء  باص اتش ون ديزل + دينا H1           ","-250.00","100.27%","Class C (Bottom 5%)"
"    98510-1F100C","دينمة مساحات عام توسان 07\15 فيراكروز خطين   ","-300.00","100.27%","Class C (Bottom 5%)"
"    93580-3S010C","زرار فريم مفرد سوناتا 2012 بيج               ","-312.09","100.27%","Class C (Bottom 5%)"
"    39350-25010K","حساس تيمت تايواني لوتشي سوناتا 06/08 حجم 2.4 ","-318.80","100.27%","Class C (Bottom 5%)"
"    87611-1E500K","زجاج مراية باب اكسنت 06/10 يسار              ","-465.50","100.27%","Class C (Bottom 5%)"
"     86564-2W010","نيكل كشافة صدام يمين سنتافي 13/16            ","-507.90","100.27%","Class C (Bottom 5%)"
"       000-20W50","زيت هونداي ثقيل موديل قديم                   ","-580.12","100.27%","Class C (Bottom 5%)"
"    87722-2S000C","فيبر باب امامي يمين توسان 12/15              ","-634.62","100.27%","Class C (Bottom 5%)"
"  31111-35503KIA","بمب بترول عام صيني                           ","-657.77","100.27%","Class C (Bottom 5%)"
"    86821-2E000C","بطانة كفر خلفي توسان  يسار 05/09             ","-688.22","100.27%","Class C (Bottom 5%)"
"    92409-2B000C","اسطب كذاب يمين سنتافي 07/11                  ","-705.20","100.26%","Class C (Bottom 5%)"
"   81771-1D010-F","مساعد شنطة كيا سبورتاج                       ","-750.00","100.26%","Class C (Bottom 5%)"
"   00-L-880-BLUE","لمبات 880  ازرق السامي                       ","-769.06","100.26%","Class C (Bottom 5%)"
"0-25*30HY-037SUP","صبرة عكس سوناتا 14/18 ابو حساس               ","-917.41","100.26%","Class C (Bottom 5%)"
"    55250-3Q010K","عمود توازن خلفي ابو مشرعة سوناتا L+R         ","-919.52","100.26%","Class C (Bottom 5%)"
"    57790-1E000M","اصلاح علبة سكان تحت اكسنت 06/10              ","-973.46","100.26%","Class C (Bottom 5%)"
"     45245-26210","لمدة صوفة زيت جير او اسبيت اصلي              ","-1,120.00","100.26%","Class C (Bottom 5%)"
"    35170-26900K","حساس دعسة ليور THROTLE اكسنت                 ","-1,196.47","100.26%","Class C (Bottom 5%)"
"    92402-1G010C","اسطب خلفي يمين كيا ريو 06/09                 ","-1,220.00","100.26%","Class C (Bottom 5%)"
"    92110-26010C","زجاج سنتافي 00/05                            ","-1,236.80","100.25%","Class C (Bottom 5%)"
"    92120-26010C","زجاج سنتافي 00/05                            ","-1,236.80","100.25%","Class C (Bottom 5%)"
"    45280-2F000M","كور اسبيت تحت اكسنت النترا توسان 2018        ","-1,240.18","100.25%","Class C (Bottom 5%)"
"    29110-2E000C","بطانة تحت المكينة توسان 05/09                ","-1,260.00","100.25%","Class C (Bottom 5%)"
"    35150-2B010C","حساس منظم الهواء IDEL اكسنت 06/10            ","-1,330.00","100.25%","Class C (Bottom 5%)"
"    54610-3S000C","كرسي مساعد امامي سوناتا 2012                 ","-1,557.35","100.25%","Class C (Bottom 5%)"
"0-24*27SF1811NMK","صبرة عكس كيا سبورتاج + اوبتيما               ","-1,628.30","100.25%","Class C (Bottom 5%)"
"    54611-1J000C","كرسي مساعد اكسنت+فولستر 11/16                ","-1,802.07","100.24%","Class C (Bottom 5%)"
"    86360-1E010C","شبك امامي فوق  اكسنت 2006/2009               ","-1,953.17","100.24%","Class C (Bottom 5%)"
"    56900-3K000C","غطاء سكان سوناتا 06/10                       ","-1,982.80","100.24%","Class C (Bottom 5%)"
"    48510-06720C","مساعد امامي كامري يمين 2007+                 ","-2,000.00","100.24%","Class C (Bottom 5%)"
"   98820-A5000-F","مساحات فريم خلفي  توسان  16/19               ","-2,075.00","100.23%","Class C (Bottom 5%)"
"    21830-2E400C","كرسي مكينة يسار توسان 04/09                  ","-2,187.19","100.23%","Class C (Bottom 5%)"
"    82660-1G050C","يد باب خارجي يمين ريو 06/10                  ","-2,276.75","100.23%","Class C (Bottom 5%)"
"    86582-3K700M","غطاء حزام صدام امامي سوناتا يمين 08\10       ","-2,338.80","100.23%","Class C (Bottom 5%)"
"    54813-2S100K","ربلة مشرخ امامي توسان 09/12 كوري             ","-2,752.14","100.22%","Class C (Bottom 5%)"
"58101-2PA70FALCN","كنويسات امامي سنتافي 2W\2P 10/17             ","-2,758.00","100.22%","Class C (Bottom 5%)"
"    23060-2E020M","براصات متحرك STD النتراء 2011 K5             ","-2,806.40","100.22%","Class C (Bottom 5%)"
"    31090-2D410K","مشن ديزل توسان + سنتافي                      ","-2,828.60","100.21%","Class C (Bottom 5%)"
"    92410-2E000C","زجاج توسان                                   ","-3,280.00","100.21%","Class C (Bottom 5%)"
"    92120-2S010C","زجاج كشافة توسان11/15                        ","-3,420.00","100.21%","Class C (Bottom 5%)"
" 21020-23902AA-C","براصات كرين النتراء 18.8 AA   50             ","-3,720.00","100.20%","Class C (Bottom 5%)"
"     29010-2B000","بلف هواء اكسنت  12/15 + ريو                  ","-3,867.22","100.20%","Class C (Bottom 5%)"
"    57790-26A00K","اصلاح علبة سكان تحت سنتافي 2003              ","-3,911.76","100.19%","Class C (Bottom 5%)"
"    54555-26000K","بوشة مقص سنتافي ا 02/07  كوري                ","-4,004.98","100.19%","Class C (Bottom 5%)"
" 31111-22050MNDO","بمب بترول كوري عام  كانشه عريض               ","-4,008.83","100.18%","Class C (Bottom 5%)"
"    21930-1M200C","كرسي مكينة خلفي النتراء 06/10                ","-4,320.00","100.18%","Class C (Bottom 5%)"
"    21830-2P500K","كرسي مكينة يسار سنتافي 2010 حجم 3.5          ","-4,408.92","100.17%","Class C (Bottom 5%)"
"    54651-2F200K","مساعد امامي يسار سيراتو + النتراء 2005       ","-5,069.10","100.17%","Class C (Bottom 5%)"
"    27301-23700C","كويل كامل النتراء 00/06                      ","-5,321.60","100.16%","Class C (Bottom 5%)"
"    54661-3X260K","مساعد امامي  النتراء يمين 2011               ","-5,361.65","100.15%","Class C (Bottom 5%)"
"     54830-17010","مسمار عمود توازن امامي اكسنت 00/05 يسار      ","-5,500.00","100.15%","Class C (Bottom 5%)"
"     31112-1R100","فلتر بترول توسان 2001 وكالة                  ","-6,520.00","100.14%","Class C (Bottom 5%)"
"    92110-2B010C","زجاج كشافه امامي يسار سنتافي 07/09           ","-7,725.71","100.13%","Class C (Bottom 5%)"
"     18846-10060","بلاكات جنسس + النترا + ازيرا 2014 لي         ","-7,984.36","100.12%","Class C (Bottom 5%)"
"     52127-0K030","غطاء جنب الكشاف هايلكس 2013+                 ","-8,463.00","100.11%","Class C (Bottom 5%)"
"     23060-2G401","براصات متحرك سوناتا سنتافي 2019 STD          ","-9,460.00","100.10%","Class C (Bottom 5%)"
"  000-ATF-4ACDEL","زيت جير او سكان مخلق صناعي  موديل جديد       ","-11,415.00","100.09%","Class C (Bottom 5%)"
"    22211-25002K","والات هواء سوناتا  06/10 حجم 2.4             ","-12,718.00","100.07%","Class C (Bottom 5%)"
"  000-10W40DEXEL","زيت هونداي خفيف موديل جديد هاردكس            ","-15,439.42","100.06%","Class C (Bottom 5%)"
"31402-27010CZECH","مسطرة توسان ديزل 2 ابوال مشن                 ","-17,253.80","100.04%","Class C (Bottom 5%)"
"    52710-26100C","فلنشة هوبس خلفي سنتافي 2002 ابو حساس         ","-32,041.35","100.00%","Class C (Bottom 5%)"
